city,timestamp,aqi,co,no,no2,o3,so2,pm2_5,pm10,nh3,temperature,feels_like,humidity,pressure,wind_speed,wind_direction,weather,weather_description
angul,2026-05-21 19:17:05.468628,4,401.03,0.0,8.53,62.94,3.12,51.56,67.25,13.95,,,,,,,,
angul,2026-05-21 20:03:38.117329,4,440.16,0.0,9.4,50.94,3.07,54.46,70.99,15.17,,,,,,,,
angul,2026-05-21 20:38:21.353974,4,440.16,0.0,9.4,50.94,3.07,54.46,70.99,15.17,,,,,,,,
angul,2026-05-24 09:50:35.889588,5,333.05,0.22,3.53,144.12,5.03,79.22,103.23,16.72,,,,,,,,
angul,2026-05-24 11:06:56.427992,5,331.79,0.22,4.21,133.23,4.89,76.18,100.23,16.87,,,,,,,,
angul,2026-05-24 12:57:05.583694,4,255.91,0.01,3.39,89.34,3.26,58.23,83.34,7.92,,,,,,,,
angul,2026-05-24 14:21:54.423545,4,242.25,0.0,3.12,71.93,2.39,51.78,74.49,5.28,,,,,,,,
angul,2026-05-24 14:50:51.666086,5,318.46,0.19,2.62,144.3,4.95,79.29,102.67,14.0,,,,,,,,
angul,2026-05-24 15:54:19.651613,4,267.78,0.0,3.6,59.12,1.72,52.32,74.63,5.09,,,,,,,,
angul,2026-05-24 16:50:55.674456,4,278.55,0.0,3.7,56.34,1.56,52.79,75.03,5.22,,,,,,,,
angul,2026-05-24 17:51:17.945645,4,286.35,0.0,3.74,55.13,1.43,53.17,75.29,5.51,,,,,,,,
angul,2026-05-24 18:59:27.513463,4,290.9,0.0,3.64,54.57,1.33,53.74,75.62,5.76,,,,,,,,
angul,2026-05-24 20:05:39.296068,4,297.52,0.0,3.5,54.84,1.29,55.06,76.7,5.59,,,,,,,,
angul,2026-05-24 21:44:54.989059,4,312.5,0.0,3.0,63.68,1.62,61.12,81.98,4.08,,,,,,,,
angul,2026-05-24 22:46:01.944890,4,321.54,0.0,2.93,64.9,1.6,64.5,84.85,4.05,,,,,,,,
angul,2026-05-24 23:50:52.712186,4,329.94,0.0,2.93,65.76,1.62,67.6,87.65,4.2,,,,,,,,
angul,2026-05-25 02:11:17.272111,4,341.12,0.16,3.05,68.97,2.28,71.28,90.63,4.56,,,,,,,,
angul,2026-05-25 07:01:24.267762,5,273.27,0.09,0.84,123.11,6.19,82.37,109.41,3.58,,,,,,,,
angul,2026-05-25 11:42:06.709312,4,240.35,0.06,2.34,98.88,3.55,64.69,95.61,5.12,,,,,,,,
angul,2026-05-25 14:31:13.314006,4,252.6,0.0,3.7,74.04,2.57,58.48,83.97,5.7,,,,,,,,
angul,2026-05-25 16:58:16.474375,4,267.37,0.0,3.87,65.48,2.1,57.61,82.85,5.03,,,,,,,,
angul,2026-05-25 18:24:11.621463,4,272.81,0.0,3.81,65.23,2.02,58.14,83.37,4.72,,,,,,,,
angul,2026-05-25 20:18:31.127823,4,291.72,0.0,3.85,63.3,1.73,61.14,85.65,4.45,27.18,31.14,89.0,1003.0,1.55,70.0,Clouds,broken clouds
angul,2026-05-25 22:01:05.971875,4,313.66,0.0,3.92,55.95,1.31,62.52,85.82,4.55,26.63,26.63,94.0,1003.0,1.31,84.0,Clouds,broken clouds
angul,2026-05-25 23:55:28.794498,4,332.44,0.0,4.06,50.68,1.26,63.43,84.03,4.63,26.76,30.33,93.0,1004.0,2.32,127.0,Clouds,scattered clouds
angul,2026-05-26 00:46:39.046923,4,277.59,0.0,3.7,67.13,1.98,59.48,84.4,4.44,27.5,31.79,87.0,1003.0,1.21,73.0,Clouds,broken clouds
angul,2026-05-26 02:01:43.055062,4,347.26,0.42,4.14,52.06,2.48,67.71,90.09,4.38,31.99,38.64,65.0,1005.0,2.45,133.0,Clouds,few clouds
angul,2026-05-26 06:36:51.409753,5,235.96,0.08,0.79,121.79,4.51,75.47,104.34,2.43,46.01,44.76,13.0,1001.0,4.08,309.0,Clouds,scattered clouds
angul,2026-05-26 10:40:27.748577,4,231.94,0.13,2.3,99.61,3.17,65.08,95.14,5.43,40.08,41.6,26.0,999.0,7.78,156.0,Clouds,broken clouds
angul,2026-05-26 13:46:25.960815,4,305.74,0.0,6.25,56.57,3.22,53.0,72.98,9.88,34.62,36.81,41.0,1002.0,5.06,191.0,Clouds,scattered clouds
angul,2026-05-26 17:19:54.687804,4,371.3,0.0,7.62,45.52,2.32,54.89,76.21,10.38,30.67,33.48,57.0,1002.0,1.75,117.0,Clouds,few clouds
angul,2026-05-26 19:54:22.919194,4,352.18,0.0,6.18,49.67,1.36,52.23,72.67,7.59,26.97,30.45,88.0,1004.0,1.38,98.0,Clear,clear sky
angul,2026-05-26 21:27:39.918223,4,353.07,0.0,5.78,51.13,1.32,53.0,73.26,8.11,26.54,26.54,91.0,1004.0,1.29,77.0,Clear,clear sky
angul,2026-05-26 23:00:14.925598,4,365.29,0.0,5.78,51.13,1.57,55.61,75.07,13.1,25.89,27.07,97.0,1004.0,1.66,88.0,Clouds,few clouds
angul,2026-05-27 00:07:16.141401,4,373.44,0.0,6.1,51.55,1.88,57.09,76.18,16.47,26.37,26.37,95.0,1005.0,1.87,78.0,Clouds,scattered clouds
angul,2026-05-27 05:08:42.495074,4,251.92,0.13,1.15,113.02,4.82,56.73,79.93,6.05,42.11,45.82,27.0,1005.0,0.32,254.0,Clouds,few clouds
angul,2026-05-27 08:59:21.579622,3,183.74,0.07,0.75,114.01,3.57,41.45,62.22,5.16,44.34,42.64,13.0,999.0,3.36,7.0,Clouds,scattered clouds
angul,2026-05-27 12:20:44.608332,3,234.86,0.18,4.04,76.9,2.9,38.03,55.08,7.98,30.3,32.79,57.0,1002.0,6.71,139.0,Clouds,broken clouds
angul,2026-05-27 16:32:29.529186,3,280.76,0.0,4.77,69.08,2.54,47.72,65.99,8.92,28.55,29.09,50.0,1004.0,2.82,157.0,Clouds,overcast clouds
angul,2026-05-27 19:13:23.504299,4,318.11,0.0,4.76,62.14,1.8,57.31,77.77,7.43,27.58,29.04,62.0,1004.0,3.44,160.0,Clouds,overcast clouds
angul,2026-05-27 21:44:58.397787,4,355.38,0.0,5.03,46.45,1.12,59.68,79.15,6.94,26.68,29.27,83.0,1004.0,2.76,143.0,Clouds,broken clouds
angul,2026-05-27 23:08:43.838679,4,356.39,0.0,4.88,45.64,1.12,58.99,78.12,7.34,26.31,26.31,88.0,1004.0,2.23,151.0,Clouds,broken clouds
angul,2026-05-28 01:53:24.124984,4,370.74,0.45,4.67,48.21,1.41,60.36,80.7,6.8,31.74,36.77,61.0,1006.0,1.15,137.0,Clear,clear sky
angul,2026-05-28 06:01:27.376610,4,228.52,0.09,0.89,109.26,2.98,50.52,72.08,4.98,43.85,45.82,21.0,1003.0,2.35,163.0,Clouds,scattered clouds
angul,2026-05-28 10:44:09.126233,4,255.83,0.22,3.15,92.75,2.86,50.73,71.09,8.3,41.41,42.64,23.0,999.0,5.72,162.0,Clouds,few clouds
angul,2026-05-28 14:27:53.043026,3,230.01,0.0,3.55,79.49,2.27,43.16,60.06,5.89,32.05,35.74,55.0,1001.0,5.76,144.0,Clouds,scattered clouds
angul,2026-05-28 17:55:48.400968,3,304.67,0.0,5.82,56.79,1.78,47.88,66.58,9.4,28.72,33.01,75.0,1004.0,4.52,115.0,Clouds,few clouds
angul,2026-05-28 20:04:10.225247,4,320.1,0.0,6.17,59.98,2.04,50.49,68.61,17.01,27.2,30.96,87.0,1004.0,4.77,116.0,Clear,clear sky
angul,2026-05-28 22:25:53.381895,4,333.58,0.0,5.82,64.4,2.3,55.92,74.97,20.96,26.65,26.65,86.0,1004.0,4.42,127.0,Clouds,few clouds
angul,2026-05-29 00:01:31.756595,4,328.31,0.0,4.76,62.55,2.08,58.09,78.97,18.06,26.29,26.29,90.0,1005.0,2.47,121.0,Clouds,scattered clouds
angul,2026-05-29 05:04:09.825529,3,221.13,0.11,0.86,102.38,2.05,41.05,56.58,4.91,40.16,43.0,29.0,1005.0,0.26,141.0,Clouds,few clouds
angul,2026-05-29 09:32:21.594935,4,233.16,0.13,1.64,100.48,3.53,55.34,73.29,5.38,44.71,43.57,14.0,999.0,3.42,165.0,Clear,clear sky
angul,2026-05-29 12:39:59.165161,4,314.55,0.01,4.79,66.97,4.74,62.35,72.46,4.35,29.88,33.2,63.0,1004.0,8.21,81.0,Rain,light rain
angul,2026-05-29 16:34:36.383638,3,359.81,0.0,6.23,50.73,2.53,44.86,51.97,5.65,26.56,26.56,74.0,1006.0,3.81,154.0,Clouds,overcast clouds
angul,2026-05-29 19:26:35.883229,3,368.91,0.0,6.08,45.83,1.7,45.3,52.42,5.72,26.88,29.3,78.0,1005.0,3.07,169.0,Clouds,overcast clouds
angul,2026-05-29 21:31:20.806403,3,393.9,0.0,5.91,38.33,1.29,49.71,56.78,10.67,25.52,26.29,83.0,1005.0,2.17,139.0,Clouds,overcast clouds
angul,2026-05-29 23:02:23.796185,4,397.25,0.0,5.81,39.7,1.28,50.65,57.65,12.28,25.25,26.0,83.0,1005.0,1.31,116.0,Clouds,overcast clouds
angul,2026-05-30 01:56:54.323241,4,384.37,0.49,4.3,50.66,1.12,50.22,57.07,7.53,28.61,31.41,67.0,1007.0,2.89,140.0,Clouds,scattered clouds
angul,2026-05-30 05:43:06.598043,4,267.54,0.05,1.11,98.09,1.44,54.04,60.54,2.98,38.27,41.03,33.0,1005.0,3.5,77.0,Clouds,scattered clouds
angul,2026-05-30 08:14:58.469559,4,272.87,0.03,1.51,91.26,2.42,58.61,66.4,3.5,40.32,44.23,31.0,1002.0,5.48,110.0,Clouds,scattered clouds
angul,2026-05-30 10:43:40.584943,4,331.53,0.11,3.92,68.13,3.7,64.2,70.85,7.34,29.81,34.58,70.0,1001.0,10.95,182.0,Clouds,scattered clouds
angul,2026-05-30 12:01:14.264932,4,360.32,0.09,5.32,59.87,3.48,64.71,71.18,7.54,29.01,31.36,62.0,1003.0,1.06,139.0,Clouds,scattered clouds
angul,2026-05-30 14:23:48.672099,4,304.09,0.0,3.55,76.28,2.29,60.34,68.25,4.72,28.17,30.32,65.0,1005.0,5.58,212.0,Rain,light rain
angul,2026-05-30 15:58:29.585153,4,291.27,0.0,3.27,73.19,1.81,52.48,60.7,3.32,27.74,30.41,72.0,1007.0,6.04,59.0,Rain,moderate rain
angul,2026-05-30 16:59:58.591641,3,286.58,0.0,3.16,71.91,1.59,49.21,57.64,3.1,28.02,30.98,72.0,1007.0,4.0,114.0,Clouds,overcast clouds
angul,2026-05-30 18:02:57.042958,3,283.22,0.0,3.05,71.09,1.4,47.13,55.56,3.06,27.82,30.83,74.0,1006.0,2.96,167.0,Clouds,overcast clouds
angul,2026-05-30 20:02:08.322600,3,279.0,0.0,2.65,70.26,1.17,44.71,52.61,3.14,27.35,29.98,75.0,1006.0,1.32,147.0,Clouds,overcast clouds
angul,2026-05-30 21:49:41.031623,3,277.68,0.0,2.39,71.06,1.1,42.36,50.13,3.31,26.88,29.14,76.0,1006.0,0.39,32.0,Clouds,overcast clouds
angul,2026-05-30 22:45:45.236344,3,280.78,0.0,2.42,69.29,1.03,40.91,48.27,3.47,26.72,28.98,78.0,1006.0,0.84,115.0,Clouds,broken clouds
angul,2026-05-30 23:51:35.302373,3,285.56,0.0,2.5,68.23,1.02,40.17,47.32,3.82,26.27,26.27,79.0,1007.0,1.69,123.0,Clouds,overcast clouds
angul,2026-05-31 02:11:46.082821,3,291.65,0.12,2.66,66.65,1.3,40.19,48.02,3.95,28.71,31.45,66.0,1007.0,1.72,128.0,Clouds,overcast clouds
angul,2026-05-31 06:46:48.225456,3,244.66,0.12,1.1,93.19,2.36,41.47,49.11,3.31,38.15,40.8,33.0,1005.0,1.68,65.0,Clouds,broken clouds
angul,2026-05-31 09:41:27.343998,3,280.42,0.09,3.29,84.37,3.9,41.12,48.11,9.13,38.61,39.48,27.0,1002.0,3.16,77.0,Clouds,scattered clouds
angul,2026-05-31 11:26:19.158306,3,285.93,0.07,3.7,82.43,4.14,39.85,46.3,9.34,32.86,35.2,47.0,1003.0,3.91,182.0,Clouds,scattered clouds
angul,2026-05-31 13:10:31.894879,3,341.53,0.02,7.21,84.56,3.62,39.07,47.77,18.45,31.32,33.59,52.0,1004.0,2.43,177.0,Clouds,overcast clouds
angul,2026-05-31 15:10:48.452440,3,331.17,0.0,5.81,60.71,2.29,41.79,52.2,11.31,26.98,29.16,74.0,1007.0,7.52,115.0,Clouds,overcast clouds
angul,2026-05-31 16:55:12.636789,3,324.15,0.0,5.4,54.81,1.91,46.04,57.84,9.43,27.3,29.57,72.0,1007.0,2.78,162.0,Clouds,overcast clouds
angul,2026-05-31 17:53:39.745280,3,339.93,0.0,5.73,48.66,1.62,48.45,60.69,8.67,27.52,29.88,71.0,1006.0,2.26,176.0,Clouds,overcast clouds
angul,2026-05-31 19:00:47.383370,3,349.66,0.0,5.83,42.4,1.26,49.95,61.88,7.3,27.12,29.52,75.0,1006.0,2.07,176.0,Clouds,overcast clouds
angul,2026-05-31 20:13:23.483089,4,365.74,0.0,5.97,37.24,1.08,51.53,63.29,7.17,27.13,29.83,78.0,1006.0,1.99,145.0,Clouds,broken clouds
angul,2026-05-31 21:47:11.544051,4,391.74,0.0,6.12,33.98,1.09,53.99,65.13,9.88,26.78,29.26,80.0,1006.0,1.36,136.0,Clouds,scattered clouds
angul,2026-05-31 22:47:13.769728,4,400.26,0.0,6.46,35.2,1.28,55.26,65.85,14.01,26.62,26.62,80.0,1006.0,0.79,129.0,Clouds,broken clouds
angul,2026-05-31 23:55:46.766954,4,407.11,0.0,6.85,36.29,1.41,55.94,66.02,17.48,26.68,28.97,79.0,1007.0,1.03,104.0,Clouds,broken clouds
angul,2026-06-01 02:35:29.766815,4,430.22,1.28,5.99,51.93,1.92,57.22,68.3,34.18,32.21,35.8,54.0,1008.0,2.43,138.0,Clouds,few clouds
angul,2026-06-01 08:23:47.405564,4,301.3,0.28,2.31,106.22,3.22,67.21,75.98,18.45,40.23,42.27,27.0,1005.0,3.14,78.0,Clear,clear sky
angul,2026-06-01 14:48:55.089718,3,303.45,0.0,5.18,66.87,2.56,49.39,57.01,20.8,29.98,32.79,60.0,1006.0,4.32,147.0,Rain,light rain
angul,2026-06-01 19:51:28.056128,4,393.32,0.0,6.83,50.18,1.78,59.39,68.72,32.96,29.38,32.04,62.0,1006.0,1.52,160.0,Clouds,broken clouds
angul,2026-06-01 22:29:12.967963,4,438.6,0.0,8.46,49.3,2.15,64.98,74.33,58.59,28.73,31.49,66.0,1006.0,1.35,146.0,Clouds,broken clouds
angul,2026-06-02 00:05:36.611159,4,472.09,0.0,9.22,45.39,2.23,69.23,78.35,70.94,28.4,31.93,73.0,1007.0,1.23,143.0,Clouds,broken clouds
angul,2026-06-02 05:21:42.923167,4,265.82,0.13,1.05,110.11,2.14,53.67,60.99,12.21,38.04,41.36,35.0,1007.0,2.75,125.0,Clouds,scattered clouds
angul,2026-06-02 10:00:56.168090,4,300.1,0.21,2.96,100.7,2.78,64.81,71.82,19.68,25.94,26.65,79.0,1004.0,5.43,135.0,Clouds,broken clouds
angul,2026-06-02 14:41:43.622874,3,359.8,0.0,7.97,52.94,2.46,48.59,57.5,28.0,31.22,35.06,59.0,1005.0,5.41,149.0,Rain,light rain
angul,2026-06-02 18:30:27.043275,4,436.97,0.0,9.5,60.27,3.34,61.36,70.84,61.9,29.22,33.02,69.0,1004.0,1.69,147.0,Clouds,few clouds
angul,2026-06-02 21:40:37.216009,4,499.36,0.0,10.08,62.03,3.94,74.04,82.61,86.43,28.42,32.14,74.0,1003.0,1.16,134.0,Clouds,scattered clouds
angul,2026-06-02 23:26:30.214038,5,516.06,0.0,10.29,60.69,4.0,76.84,85.04,93.61,28.13,31.64,75.0,1004.0,0.65,149.0,Clouds,scattered clouds
angul,2026-06-03 02:38:46.400557,5,529.36,1.7,7.39,60.32,3.48,75.64,83.41,60.7,35.34,38.85,43.0,1005.0,0.55,135.0,Clear,clear sky
angul,2026-06-03 07:30:44.486582,3,197.75,0.06,0.63,109.37,3.39,35.81,39.43,7.92,40.85,41.72,23.0,1000.0,2.65,319.0,Clouds,broken clouds
angul,2026-06-03 12:29:38.560912,3,226.28,0.13,2.75,83.49,2.6,33.01,36.32,13.84,35.38,35.69,32.0,999.0,3.65,101.0,Clouds,broken clouds
angul,2026-06-03 17:55:52.110827,4,467.68,0.0,10.15,40.63,1.86,54.18,62.03,30.39,31.4,35.44,59.0,1002.0,4.24,108.0,Clouds,broken clouds
angul,2026-06-03 20:46:18.720764,3,432.72,0.0,7.95,39.17,1.06,46.42,51.57,23.72,29.32,35.18,78.0,1001.0,1.71,133.0,Clouds,broken clouds
angul,2026-06-03 22:57:51.892318,3,415.32,0.0,7.42,36.78,0.97,42.1,46.55,27.99,28.57,34.15,83.0,1002.0,1.47,86.0,Clouds,scattered clouds
angul,2026-06-04 00:28:18.631539,3,410.88,0.0,7.47,35.41,1.02,40.47,44.75,32.64,28.43,33.95,84.0,1002.0,1.01,70.0,Clouds,overcast clouds
angul,2026-06-04 05:49:53.266794,3,246.87,0.15,1.08,100.84,1.26,38.11,41.26,14.8,42.0,42.76,21.0,1001.0,3.1,296.0,Clouds,overcast clouds
angul,2026-06-04 09:41:44.446822,4,372.04,0.3,5.34,90.89,2.4,58.8,63.99,35.99,41.38,41.78,21.0,998.0,1.14,334.0,Clouds,broken clouds
angul,2026-06-04 12:37:25.277484,4,401.67,0.02,7.01,69.25,2.49,65.36,70.95,28.5,35.98,37.49,35.0,999.0,5.76,148.0,Clouds,broken clouds
angul,2026-06-04 16:16:45.619763,3,393.87,0.0,9.93,42.56,2.0,26.16,32.43,36.74,32.92,34.32,43.0,1001.0,5.83,195.0,Clouds,broken clouds
angul,2026-06-04 19:12:47.454648,3,445.77,0.01,10.66,34.53,1.49,27.42,33.9,32.85,31.4,33.73,52.0,1001.0,0.71,260.0,Clouds,overcast clouds
angul,2026-06-04 21:22:26.002133,3,439.05,0.01,9.64,33.73,1.15,25.65,31.21,33.37,31.25,33.25,51.0,1001.0,0.42,38.0,Clouds,overcast clouds
angul,2026-06-04 23:00:31.496480,2,414.16,0.01,8.59,32.98,0.93,22.76,27.36,32.89,30.67,32.65,53.0,1001.0,1.22,90.0,Clouds,broken clouds
angul,2026-06-05 00:11:07.448795,2,399.81,0.01,8.17,32.46,0.88,21.27,25.47,31.74,31.05,33.11,52.0,1002.0,0.87,283.0,Clouds,scattered clouds
angul,2026-06-05 05:09:07.440500,2,216.74,0.19,1.2,93.81,0.73,19.51,21.58,13.0,41.02,42.83,25.0,1002.0,3.99,297.0,Clouds,scattered clouds
angul,2026-06-05 09:27:18.407767,3,288.37,0.22,4.62,118.02,1.91,31.29,34.79,42.73,41.9,43.03,22.0,998.0,2.1,311.0,Clouds,broken clouds
angul,2026-06-05 12:30:52.890774,3,351.87,0.02,8.22,79.5,2.07,33.63,37.33,39.04,34.32,36.26,41.0,998.0,2.98,184.0,Clouds,scattered clouds
angul,2026-06-05 15:48:03.363784,2,367.52,0.0,10.09,36.36,1.97,13.36,18.86,40.47,31.69,34.03,51.0,1001.0,2.18,139.0,Clouds,scattered clouds
angul,2026-06-05 17:46:27.029224,2,420.22,0.0,11.41,33.14,2.07,17.23,23.55,48.22,30.42,32.81,56.0,1002.0,1.79,169.0,Clouds,broken clouds
angul,2026-06-05 19:29:45.392527,2,421.46,0.0,11.13,33.49,1.81,18.02,23.82,48.68,31.21,33.61,53.0,1001.0,1.23,156.0,Clouds,overcast clouds
angul,2026-06-05 21:16:11.787925,2,423.25,0.01,9.93,33.18,1.26,19.28,24.16,38.91,30.31,32.42,55.0,1001.0,1.3,128.0,Clouds,overcast clouds
angul,2026-06-05 22:56:47.395000,2,412.79,0.01,8.79,32.62,0.94,19.56,23.53,32.83,29.42,31.76,60.0,1001.0,1.65,135.0,Clouds,broken clouds
angul,2026-06-06 00:01:00.733001,2,403.7,0.01,8.36,32.89,0.89,19.5,23.11,33.07,29.69,32.82,63.0,1002.0,1.37,151.0,Clouds,scattered clouds
angul,2026-06-06 04:45:30.398460,3,232.01,0.16,1.15,101.33,1.47,23.57,27.46,14.64,40.71,43.15,27.0,1002.0,2.9,303.0,Clouds,scattered clouds
angul,2026-06-06 07:40:11.052533,3,182.77,0.06,0.56,108.45,1.93,22.74,26.99,9.13,43.27,44.84,21.0,999.0,1.96,331.0,Clouds,scattered clouds
angul,2026-06-06 09:52:31.067852,3,183.62,0.06,0.87,100.18,1.7,21.05,24.82,9.87,38.82,40.17,28.0,998.0,3.86,304.0,Clouds,broken clouds
angul,2026-06-06 11:15:44.637227,2,197.67,0.08,1.43,91.9,1.68,21.85,25.33,11.68,36.37,37.58,33.0,998.0,3.81,3.0,Clouds,broken clouds
angul,2026-06-06 13:05:20.614342,3,242.93,0.01,3.48,74.52,1.8,26.28,29.55,16.87,33.79,36.12,44.0,1000.0,3.83,105.0,Rain,light rain
angul,2026-06-06 15:05:15.870639,2,343.0,0.0,7.23,40.98,1.58,24.65,27.79,16.05,28.97,32.85,71.0,1003.0,5.11,110.0,Clouds,overcast clouds
angul,2026-06-06 16:57:59.587154,2,361.87,0.0,7.38,40.81,1.23,21.67,25.1,19.47,29.32,34.28,74.0,1004.0,4.21,125.0,Clouds,overcast clouds
angul,2026-06-06 18:03:14.471554,2,364.85,0.0,7.43,40.69,1.08,20.04,23.39,21.71,29.37,34.19,73.0,1003.0,3.61,145.0,Clouds,overcast clouds
angul,2026-06-06 20:03:29.840775,2,352.04,0.0,6.9,41.68,0.8,16.7,19.4,22.13,28.9,33.65,76.0,1003.0,2.09,136.0,Clouds,overcast clouds
angul,2026-06-06 21:55:16.538345,2,341.73,0.0,6.34,41.35,0.62,14.97,17.2,18.82,28.35,32.48,77.0,1002.0,1.37,139.0,Clouds,overcast clouds
angul,2026-06-06 22:54:29.626528,2,336.39,0.0,6.12,40.76,0.55,14.31,16.36,18.14,28.21,32.14,77.0,1003.0,1.12,151.0,Clouds,overcast clouds
angul,2026-06-06 23:55:46.528777,2,332.55,0.0,6.01,39.99,0.54,14.02,16.0,18.21,28.34,32.28,76.0,1003.0,1.1,93.0,Clouds,overcast clouds
angul,2026-06-07 02:28:49.597307,2,342.32,0.61,5.6,37.16,0.84,15.19,17.91,21.8,30.32,34.82,66.0,1004.0,1.02,123.0,Clouds,overcast clouds
angul,2026-06-07 06:57:42.345864,2,173.78,0.07,0.64,93.05,0.68,11.33,13.07,7.9,39.81,44.13,33.0,1001.0,3.6,74.0,Clouds,few clouds
angul,2026-06-07 09:57:42.638006,2,192.41,0.13,1.83,82.81,0.96,10.43,11.89,13.87,34.73,38.61,46.0,999.0,4.8,184.0,Clouds,scattered clouds
angul,2026-06-07 11:44:47.162685,2,264.55,0.08,5.47,59.87,1.42,12.88,15.06,24.09,31.92,35.75,56.0,1001.0,6.71,163.0,Rain,light rain
angul,2026-06-07 13:17:43.155918,2,263.96,0.0,5.85,54.67,1.45,11.07,13.49,24.89,28.43,31.07,67.0,1003.0,4.5,192.0,Rain,heavy intensity rain
angul,2026-06-07 15:17:32.892251,2,358.84,0.0,9.09,33.61,1.64,16.53,21.03,36.42,28.25,30.87,68.0,1003.0,3.98,175.0,Rain,light rain
angul,2026-06-07 17:03:44.116140,2,424.73,0.0,10.84,25.11,1.83,21.75,27.7,46.96,28.39,30.99,67.0,1003.0,1.79,137.0,Clouds,overcast clouds
angul,2026-06-07 19:04:33.896072,2,455.88,0.0,12.19,26.65,2.02,24.58,30.46,66.65,29.68,32.05,59.0,1002.0,1.52,169.0,Clouds,broken clouds
angul,2026-06-07 20:59:26.168414,3,472.52,0.0,12.59,33.47,2.26,28.34,33.98,85.37,28.82,31.03,62.0,1001.0,1.61,166.0,Clouds,overcast clouds
angul,2026-06-07 22:03:13.602252,3,474.31,0.0,12.35,35.22,2.32,29.57,35.01,89.8,28.81,31.16,63.0,1001.0,1.14,164.0,Clouds,overcast clouds
angul,2026-06-07 23:57:31.094707,3,450.79,0.0,10.11,36.22,1.95,29.91,34.71,72.22,28.66,31.05,64.0,1002.0,0.58,106.0,Clouds,overcast clouds
angul,2026-06-08 02:56:16.556318,3,403.99,1.25,5.91,45.46,1.37,27.71,33.12,28.27,33.84,37.4,48.0,1003.0,0.22,204.0,Clouds,overcast clouds
angul,2026-06-08 07:23:49.875050,2,199.43,0.04,1.48,87.91,1.2,17.9,21.96,11.47,41.16,43.08,25.0,1000.0,3.74,287.0,Clouds,overcast clouds
angul,2026-06-08 12:20:50.535227,2,272.69,0.16,5.0,58.44,1.84,16.38,19.26,21.23,38.68,40.65,30.0,998.0,7.25,190.0,Rain,moderate rain
angul,2026-06-08 16:43:37.426953,2,451.88,0.0,10.59,35.47,2.02,24.3,31.3,35.37,30.3,32.03,53.0,1001.0,2.39,174.0,Clouds,overcast clouds
angul,2026-06-08 19:13:54.598594,2,449.6,0.0,9.66,35.71,1.26,21.81,27.69,22.14,29.69,33.02,64.0,1001.0,1.04,247.0,Clouds,overcast clouds
angul,2026-06-08 21:41:40.578621,2,417.07,0.0,7.97,34.57,0.95,17.92,22.24,29.23,29.37,32.57,65.0,1000.0,0.71,301.0,Clouds,overcast clouds
angul,2026-06-08 23:06:57.958627,2,404.53,0.0,7.54,34.13,0.83,16.87,20.8,26.4,29.17,32.17,65.0,1000.0,0.68,350.0,Clouds,overcast clouds
angul,2026-06-09 01:57:05.115260,2,385.31,1.61,5.18,34.76,0.92,15.49,19.45,21.28,33.8,36.42,45.0,1002.0,1.32,281.0,Clouds,overcast clouds
angul,2026-06-09 06:03:38.073035,2,163.32,0.1,0.67,94.14,0.87,11.8,13.65,8.71,40.03,42.33,28.0,1001.0,6.06,289.0,Clouds,overcast clouds
angul,2026-06-09 10:26:41.479982,2,180.77,0.25,1.91,84.75,1.34,16.88,21.36,16.92,37.25,39.47,34.0,997.0,8.54,19.0,Clouds,overcast clouds
angul,2026-06-09 13:36:10.000903,2,295.24,0.0,7.1,49.54,1.78,22.75,27.74,26.63,31.71,34.07,51.0,1000.0,6.01,193.0,Clouds,overcast clouds
angul,2026-06-09 16:25:10.210655,3,388.73,0.0,9.88,30.02,1.76,26.27,32.94,31.03,31.38,33.26,50.0,1001.0,3.65,176.0,Clouds,broken clouds
angul,2026-06-09 19:06:26.259930,3,439.7,0.02,10.65,21.45,1.18,26.85,33.2,27.64,29.84,32.15,58.0,1001.0,1.49,122.0,Clouds,overcast clouds
angul,2026-06-09 21:29:19.706796,2,428.73,0.03,9.48,21.37,0.9,23.92,29.07,27.58,29.11,31.22,60.0,1000.0,1.52,175.0,Clouds,broken clouds
angul,2026-06-09 23:09:26.364986,2,410.04,0.03,8.47,21.5,0.79,20.71,24.89,28.44,28.61,30.53,61.0,1001.0,0.4,313.0,Clouds,broken clouds
angul,2026-06-10 02:09:45.223054,2,392.5,1.75,5.95,25.91,1.03,16.65,20.85,28.01,33.81,35.88,43.0,1002.0,1.74,302.0,Clouds,overcast clouds
angul,2026-06-10 06:57:41.373095,2,207.29,0.19,1.67,91.14,1.68,19.68,25.18,16.19,43.22,43.33,18.0,999.0,4.69,292.0,Clouds,scattered clouds
angul,2026-06-10 10:52:39.332707,3,303.27,0.31,5.97,110.46,3.37,33.55,41.32,48.42,42.24,41.89,18.0,996.0,3.35,309.0,Clouds,scattered clouds
angul,2026-06-10 14:16:54.202940,3,294.47,0.0,7.51,45.17,2.01,26.81,35.42,27.72,35.03,36.41,37.0,999.0,3.85,143.0,Clouds,scattered clouds
angul,2026-06-10 17:50:23.888268,3,411.83,0.0,9.93,26.98,1.72,36.93,47.12,29.34,33.11,37.11,52.0,1000.0,1.71,159.0,Clouds,few clouds
angul,2026-06-10 20:08:49.533048,3,434.12,0.0,10.86,26.98,1.82,38.28,47.45,52.56,31.63,35.95,59.0,1000.0,1.65,117.0,Clouds,broken clouds
angul,2026-06-10 22:46:44.432874,3,453.62,0.0,11.94,32.01,2.13,38.64,46.61,84.68,30.35,34.65,65.0,1001.0,1.03,131.0,Clouds,broken clouds
angul,2026-06-11 00:07:44.882407,3,446.82,0.0,11.68,31.82,2.11,37.35,44.9,88.28,30.06,34.7,68.0,1002.0,0.98,137.0,Clouds,broken clouds
angul,2026-06-11 05:20:09.183518,3,347.88,0.54,3.84,93.83,2.16,41.88,50.79,32.0,40.39,43.44,29.0,1002.0,1.41,337.0,Clouds,scattered clouds
angul,2026-06-11 10:02:42.108659,3,258.91,0.12,1.95,110.06,1.71,47.68,55.44,21.2,42.27,42.33,19.0,997.0,6.1,9.0,Clouds,few clouds
angul,2026-06-11 14:29:10.108722,4,421.31,0.0,8.88,70.67,2.85,56.5,64.91,43.78,26.35,26.35,78.0,1003.0,8.12,145.0,Rain,light rain
angul,2026-06-11 18:01:16.827425,4,482.45,0.0,9.09,51.94,2.08,64.69,77.81,32.44,29.19,31.86,63.0,1005.0,0.56,195.0,Clouds,overcast clouds
angul,2026-06-11 21:11:22.604675,4,520.0,0.0,8.58,35.19,1.05,69.99,82.1,22.19,28.43,30.64,64.0,1003.0,4.46,131.0,Clouds,overcast clouds
angul,2026-06-11 23:13:37.389345,4,547.43,0.0,9.29,32.34,1.37,73.96,85.12,45.17,27.99,30.52,69.0,1004.0,1.62,78.0,Clouds,overcast clouds
angul,2026-06-12 02:16:14.006544,5,571.85,1.45,9.65,46.68,2.2,76.34,87.64,72.57,30.66,34.37,61.0,1005.0,1.52,113.0,Clouds,scattered clouds
angul,2026-06-12 07:11:30.730186,5,314.97,0.2,1.59,111.04,2.67,78.04,86.24,17.57,39.42,42.87,32.0,1003.0,2.11,96.0,Clouds,broken clouds
angul,2026-06-12 11:33:41.370156,5,411.83,0.13,6.47,103.15,3.64,82.57,90.07,37.86,31.64,35.69,58.0,1002.0,6.05,209.0,Rain,light rain
angul,2026-06-12 14:31:20.991890,4,405.51,0.01,6.53,55.94,2.6,63.57,69.22,17.83,25.95,25.95,71.0,1007.0,2.52,57.0,Clouds,overcast clouds
angul,2026-06-12 17:30:36.597095,4,431.36,0.01,6.49,42.99,2.47,58.11,62.54,16.19,26.93,28.82,71.0,1006.0,2.13,208.0,Clouds,overcast clouds
angul,2026-06-12 19:50:47.768478,4,480.23,0.0,7.64,32.91,1.19,71.24,76.65,25.79,28.21,30.66,67.0,1004.0,0.67,250.0,Clouds,overcast clouds
angul,2026-06-12 21:23:13.456512,4,481.35,0.0,7.8,34.11,1.29,71.49,76.49,36.07,27.94,30.17,67.0,1004.0,0.52,122.0,Clouds,overcast clouds
angul,2026-06-12 23:06:40.565401,4,489.42,0.0,8.2,32.4,1.33,72.24,76.75,48.0,27.15,29.2,71.0,1004.0,1.52,108.0,Clouds,overcast clouds
angul,2026-06-13 02:08:46.032873,4,498.45,1.52,5.77,26.33,1.01,68.78,73.73,19.99,29.99,32.24,57.0,1006.0,0.75,149.0,Clouds,overcast clouds
angul,2026-06-13 06:45:59.229046,4,259.99,0.12,0.96,91.38,1.53,57.24,61.88,11.93,38.96,41.56,31.0,1003.0,3.27,6.0,Clouds,scattered clouds
angul,2026-06-13 09:50:03.664623,4,300.77,0.13,2.91,67.99,2.1,54.88,58.09,17.11,39.24,41.29,29.0,1000.0,3.06,63.0,Clouds,few clouds
angul,2026-06-13 11:46:09.923298,4,348.85,0.24,6.61,64.19,2.55,52.92,56.22,34.73,33.07,35.33,46.0,1001.0,2.46,127.0,Clouds,scattered clouds
angul,2026-06-13 13:22:12.382000,4,378.33,0.05,9.41,67.33,2.89,53.32,56.98,47.87,30.55,34.14,61.0,1002.0,4.73,151.0,Clouds,overcast clouds
angul,2026-06-13 15:24:59.059089,3,369.24,0.0,6.51,41.78,1.56,44.7,48.97,20.43,30.44,33.47,59.0,1003.0,5.67,182.0,Clouds,broken clouds
angul,2026-06-13 17:08:53.085924,3,419.49,0.0,7.69,29.82,1.31,46.42,51.79,18.67,29.92,32.68,60.0,1003.0,2.63,185.0,Clouds,broken clouds
angul,2026-06-13 19:06:15.100508,3,446.89,0.01,8.17,22.11,0.97,47.17,51.82,22.11,29.28,32.57,66.0,1003.0,1.48,160.0,Clouds,overcast clouds
angul,2026-06-13 21:01:04.376943,3,441.01,0.02,7.79,23.61,0.88,45.67,49.2,31.57,28.89,31.8,66.0,1002.0,1.26,174.0,Clouds,overcast clouds
angul,2026-06-13 22:53:11.115314,3,419.22,0.02,7.2,27.68,0.73,41.13,44.39,29.69,28.49,31.18,67.0,1003.0,1.45,162.0,Clouds,broken clouds
angul,2026-06-13 23:57:21.040644,3,409.36,0.02,6.9,27.29,0.64,39.03,42.18,22.11,28.72,31.79,68.0,1003.0,0.88,168.0,Clouds,overcast clouds
angul,2026-06-14 02:55:53.372991,3,373.75,1.42,4.18,37.86,0.92,32.28,35.75,19.74,34.73,38.27,45.0,1004.0,0.75,216.0,Clouds,scattered clouds
angul,2026-06-14 07:15:18.600021,3,320.17,0.28,3.22,110.71,2.03,38.69,42.49,44.5,39.54,41.44,28.0,1001.0,2.15,357.0,Clouds,broken clouds
angul,2026-06-14 10:43:59.121164,2,210.85,0.17,1.71,66.61,0.79,17.35,19.03,11.47,36.37,38.19,35.0,999.0,6.26,355.0,Rain,light rain
angul,2026-06-14 12:56:56.755638,2,239.59,0.04,4.47,55.43,0.97,13.65,15.77,21.13,34.61,36.79,41.0,1000.0,3.86,106.0,Rain,moderate rain
angul,2026-06-14 15:05:35.042674,3,426.97,0.0,11.7,47.41,2.77,27.81,32.29,69.92,28.38,32.89,79.0,1004.0,6.7,122.0,Rain,moderate rain
angul,2026-06-14 17:07:06.431209,2,432.59,0.0,10.14,31.13,1.62,24.75,29.58,33.81,26.93,29.23,76.0,1004.0,5.55,168.0,Clouds,overcast clouds
angul,2026-06-14 19:06:42.872700,2,428.28,0.01,10.51,24.39,1.5,23.18,27.83,48.31,28.86,32.42,70.0,1003.0,2.02,132.0,Clouds,overcast clouds
angul,2026-06-14 20:58:34.797907,2,431.47,0.01,11.47,23.29,1.73,22.64,27.1,71.63,28.56,31.95,71.0,1002.0,1.25,150.0,Clouds,overcast clouds
angul,2026-06-14 22:06:51.933140,2,433.99,0.01,11.68,22.97,1.77,22.41,26.7,79.81,28.44,31.7,71.0,1002.0,0.86,134.0,Clouds,overcast clouds
angul,2026-06-15 00:00:29.794092,2,429.52,0.01,11.85,21.46,1.8,21.47,25.5,90.34,28.25,31.3,71.0,1003.0,0.59,8.0,Clouds,overcast clouds
angul,2026-06-15 04:26:26.003664,2,252.06,0.46,2.29,76.43,0.78,16.28,18.59,20.18,35.57,39.69,44.0,1004.0,1.32,324.0,Clouds,scattered clouds
angul,2026-06-15 10:49:42.023612,3,262.11,0.08,3.81,67.71,1.74,27.4,29.78,20.11,41.05,40.9,20.0,999.0,2.46,26.0,Clear,clear sky
angul,2026-06-15 16:12:35.231727,3,501.68,0.0,11.61,34.77,2.65,34.06,40.53,47.68,29.75,33.14,64.0,1003.0,2.83,192.0,Clouds,broken clouds
angul,2026-06-15 20:20:18.913859,3,524.87,0.01,12.07,19.15,1.98,37.02,43.66,60.96,29.56,33.15,66.0,1003.0,0.81,151.0,Clouds,few clouds
angul,2026-06-15 22:54:32.838362,3,529.17,0.03,11.27,15.53,1.51,39.97,45.63,58.09,28.98,32.5,69.0,1004.0,1.13,140.0,Clouds,few clouds
angul,2026-06-16 00:22:29.593628,3,524.14,0.04,10.85,14.86,1.33,38.86,43.66,52.38,28.94,32.24,68.0,1004.0,1.37,152.0,Clear,clear sky
angul,2026-06-16 06:22:50.834181,3,283.66,0.16,2.24,89.24,1.58,33.39,36.84,21.4,39.62,41.99,29.0,1004.0,2.62,65.0,Clouds,scattered clouds
angul,2026-06-16 12:02:05.359577,4,468.78,0.02,10.66,65.21,4.42,58.93,62.25,42.34,37.15,38.3,31.0,1001.0,2.95,59.0,Rain,heavy intensity rain
angul,2026-06-16 17:53:26.374731,3,478.02,0.01,10.52,19.43,1.47,44.33,52.71,25.77,30.86,33.85,57.0,1004.0,1.61,156.0,Clouds,scattered clouds
angul,2026-06-16 20:36:06.845027,3,464.1,0.0,10.16,24.34,1.41,42.75,49.7,48.98,29.77,32.4,60.0,1004.0,1.19,160.0,Clouds,scattered clouds
angul,2026-06-16 22:47:13.211875,3,456.83,0.0,10.22,27.04,1.53,41.22,47.18,64.15,29.13,32.09,65.0,1004.0,1.32,119.0,Clouds,scattered clouds
angul,2026-06-17 00:08:08.380454,3,457.59,0.0,10.4,27.92,1.6,40.9,46.57,70.8,29.05,32.29,67.0,1005.0,0.56,168.0,Clouds,scattered clouds
angul,2026-06-17 05:58:50.108548,3,274.83,0.14,1.19,97.18,1.38,49.77,53.31,15.29,40.31,42.85,28.0,1004.0,1.6,7.0,Clouds,few clouds
angul,2026-06-17 10:50:03.923710,4,379.98,0.36,4.57,89.73,1.66,63.47,67.81,34.66,39.03,40.91,29.0,1000.0,2.68,256.0,Clouds,scattered clouds
angul,2026-06-17 14:23:14.299344,3,392.93,0.0,7.61,52.65,1.56,48.77,53.59,32.24,30.05,33.13,61.0,1002.0,4.04,184.0,Clouds,broken clouds
angul,2026-06-17 17:43:58.954743,3,465.71,0.0,9.54,34.6,1.35,46.42,53.15,23.98,29.35,32.53,65.0,1005.0,3.06,196.0,Clouds,overcast clouds
angul,2026-06-17 19:57:36.985908,3,389.61,0.0,7.75,25.5,1.49,25.13,28.2,37.4,29.64,32.34,61.0,1004.0,1.14,178.0,Clouds,overcast clouds
angul,2026-06-17 21:55:45.703514,3,408.4,0.0,8.54,28.64,1.58,26.66,29.57,56.74,29.09,31.67,63.0,1004.0,1.07,217.0,Clouds,overcast clouds
angul,2026-06-17 23:16:15.210577,3,410.76,0.0,8.63,31.14,1.57,26.73,29.54,62.86,28.85,31.39,64.0,1004.0,1.23,246.0,Clouds,overcast clouds
angul,2026-06-18 02:33:45.983549,2,365.54,0.57,6.02,38.24,1.06,20.61,23.89,26.75,32.97,35.15,46.0,1006.0,2.02,292.0,Clouds,overcast clouds
angul,2026-06-18 07:25:49.663766,2,188.55,0.03,1.57,73.88,0.84,9.69,10.94,9.68,38.78,40.84,30.0,1004.0,3.68,243.0,Clouds,scattered clouds
angul,2026-06-18 11:43:51.177835,2,288.05,0.23,6.86,49.05,1.38,12.16,15.01,29.44,36.13,38.07,36.0,1001.0,1.93,322.0,Clouds,broken clouds
angul,2026-06-18 14:43:01.463865,2,422.98,0.01,10.32,21.07,1.7,21.06,26.41,36.01,30.14,32.5,57.0,1005.0,1.76,228.0,Clouds,overcast clouds
angul,2026-06-18 17:53:57.827179,3,494.01,0.09,10.93,12.08,1.39,29.68,36.63,26.09,29.44,31.97,61.0,1005.0,1.03,207.0,Clouds,overcast clouds
angul,2026-06-18 20:08:52.512961,3,491.83,0.09,9.74,14.96,0.99,34.2,40.21,25.54,28.51,30.92,65.0,1005.0,3.34,304.0,Clouds,overcast clouds
angul,2026-06-18 22:50:59.469245,3,512.18,0.09,9.79,14.8,1.14,40.5,45.95,44.33,28.27,31.05,69.0,1004.0,0.23,304.0,Clouds,overcast clouds
angul,2026-06-19 00:19:18.902149,3,521.95,0.11,10.58,14.09,1.31,41.69,46.97,56.42,28.28,31.07,69.0,1004.0,0.16,259.0,Clouds,overcast clouds
angul,2026-06-19 06:07:00.782881,3,244.02,0.12,0.96,85.16,1.01,29.96,31.22,8.01,39.22,42.05,31.0,1004.0,0.85,211.0,Clouds,broken clouds
angul,2026-06-19 11:12:37.024655,2,287.7,0.3,4.75,62.39,1.05,21.82,23.75,25.63,27.5,30.17,74.0,1001.0,5.65,159.0,Clouds,overcast clouds
angul,2026-06-19 14:39:44.453402,2,330.13,0.0,7.73,33.75,1.27,14.29,18.04,22.55,28.95,32.8,71.0,1004.0,3.5,225.0,Clouds,overcast clouds
angul,2026-06-19 17:10:50.127841,2,351.62,0.01,7.38,33.11,1.32,19.4,24.21,17.49,28.33,32.26,76.0,1006.0,1.33,64.0,Clouds,overcast clouds
angul,2026-06-19 19:23:37.057061,2,340.03,0.0,6.4,39.55,1.11,22.55,27.01,20.04,29.45,32.92,66.0,1005.0,1.31,263.0,Clouds,overcast clouds
angul,2026-06-19 21:00:21.763927,2,353.7,0.0,7.1,41.24,1.32,24.98,29.11,42.35,28.69,32.06,70.0,1004.0,0.98,205.0,Clouds,overcast clouds
angul,2026-06-19 22:05:03.143567,3,373.06,0.0,7.75,40.69,1.55,26.62,30.56,54.03,28.69,32.06,70.0,1004.0,1.02,206.0,Clouds,overcast clouds
angul,2026-06-19 23:58:42.846630,3,405.35,0.0,8.27,33.5,1.84,30.49,33.65,61.79,28.79,32.27,70.0,1004.0,0.87,173.0,Clouds,overcast clouds
angul,2026-06-20 03:24:26.333589,3,417.77,1.65,4.56,35.39,1.72,32.31,36.32,22.38,34.08,37.58,47.0,1006.0,1.38,214.0,Clouds,broken clouds
angul,2026-06-20 07:41:24.058259,3,323.11,0.08,6.25,84.87,3.14,32.04,34.78,44.63,39.77,41.85,28.0,1002.0,2.94,311.0,Clouds,broken clouds
angul,2026-06-20 10:25:19.103216,2,206.84,0.01,2.11,77.3,1.62,19.03,20.05,13.84,38.57,40.83,31.0,1001.0,1.62,242.0,Clouds,overcast clouds
angul,2026-06-20 12:22:56.441839,2,214.12,0.0,3.13,69.73,1.51,18.4,19.6,16.55,37.71,39.97,33.0,1001.0,3.41,102.0,Clouds,broken clouds
angul,2026-06-20 14:58:50.287279,3,423.03,0.0,6.73,34.09,1.54,48.66,52.35,17.3,30.19,34.53,66.0,1004.0,6.69,183.0,Clouds,overcast clouds
angul,2026-06-20 16:15:48.287677,3,434.68,0.0,6.78,29.47,1.33,49.81,53.83,15.06,29.91,33.69,65.0,1006.0,2.52,150.0,Clouds,overcast clouds
angul,2026-06-20 18:04:11.389413,4,450.7,0.0,6.85,25.8,0.98,52.17,56.37,14.7,29.4,32.82,66.0,1005.0,1.7,188.0,Clouds,overcast clouds
angul,2026-06-20 20:10:10.732981,3,433.34,0.01,6.19,25.82,0.61,49.67,53.11,15.12,30.61,32.95,55.0,1004.0,1.14,172.0,Clouds,overcast clouds
angul,2026-06-20 21:58:48.594496,3,421.39,0.02,5.88,25.05,0.48,45.61,48.5,15.8,30.5,32.95,56.0,1003.0,1.37,174.0,Clouds,overcast clouds
angul,2026-06-20 23:05:38.050820,3,411.15,0.02,5.72,25.01,0.45,42.86,45.49,15.6,30.51,32.97,56.0,1003.0,1.59,174.0,Clouds,overcast clouds
angul,2026-06-21 02:33:34.302964,3,378.65,0.37,5.54,28.62,0.77,32.87,35.86,18.68,31.63,34.89,55.0,1006.0,0.72,47.0,Clouds,overcast clouds
angul,2026-06-21 07:23:46.169963,2,182.52,0.05,1.55,78.15,1.07,17.88,19.19,11.46,33.18,35.8,47.0,1004.0,2.5,137.0,Clouds,overcast clouds
angul,2026-06-21 10:58:45.056419,2,204.95,0.04,3.69,58.98,1.16,12.93,14.62,19.03,35.01,37.54,41.0,1001.0,2.9,182.0,Clouds,overcast clouds
angul,2026-06-21 13:04:11.428348,2,195.02,0.0,3.55,60.9,1.07,10.0,11.42,16.37,32.26,35.91,54.0,1003.0,1.46,95.0,Clouds,overcast clouds
angul,2026-06-21 15:45:18.087153,2,377.23,0.02,8.84,25.06,1.42,22.17,25.73,30.15,28.94,33.16,73.0,1005.0,2.55,213.0,Clouds,overcast clouds
angul,2026-06-21 17:17:17.458407,2,398.5,0.02,10.06,25.8,1.77,22.97,26.39,45.1,28.55,32.79,76.0,1005.0,3.25,181.0,Clouds,overcast clouds
angul,2026-06-21 19:12:31.479318,2,416.97,0.01,11.54,28.42,1.96,23.18,25.9,65.86,28.8,32.3,70.0,1004.0,1.37,235.0,Clouds,broken clouds
angul,2026-06-21 21:03:36.858095,2,426.79,0.01,11.29,25.26,1.95,23.85,26.42,67.6,28.42,31.82,72.0,1004.0,1.35,234.0,Clouds,overcast clouds
angul,2026-06-21 22:59:01.174349,2,423.61,0.03,8.71,19.88,1.23,24.53,26.66,27.44,28.54,31.59,69.0,1004.0,1.75,306.0,Clouds,overcast clouds
angul,2026-06-22 00:10:34.130367,3,420.24,0.03,7.96,18.78,1.08,25.63,27.74,20.08,28.56,31.47,68.0,1004.0,1.02,294.0,Clouds,overcast clouds
angul,2026-06-22 06:19:24.800043,2,277.18,0.13,2.87,47.55,0.86,19.9,21.15,7.4,37.84,40.58,34.0,1004.0,3.37,264.0,Clouds,broken clouds
angul,2026-06-22 12:42:17.675201,1,185.3,0.01,3.03,54.31,0.51,3.44,4.26,9.78,30.46,34.42,63.0,1002.0,4.02,150.0,Clouds,overcast clouds
angul,2026-06-22 17:24:44.294040,2,418.98,0.02,8.08,24.78,1.36,21.04,25.69,19.2,27.49,30.62,78.0,1006.0,2.7,57.0,Clouds,overcast clouds
angul,2026-06-22 20:32:09.772453,2,376.62,0.01,6.08,25.08,0.73,16.56,19.31,20.06,28.98,31.47,63.0,1002.0,0.84,301.0,Clouds,overcast clouds
angul,2026-06-22 22:30:23.322003,2,364.18,0.02,5.88,23.9,0.68,13.93,16.3,26.14,28.81,31.48,65.0,1003.0,1.27,308.0,Clouds,overcast clouds
angul,2026-06-22 23:59:13.925232,2,362.82,0.02,5.96,23.23,0.68,13.17,15.49,27.77,28.71,31.45,66.0,1003.0,1.59,310.0,Clouds,overcast clouds
angul,2026-06-23 03:27:23.351874,2,354.74,0.72,5.43,25.39,0.87,10.94,13.8,14.73,32.02,35.15,53.0,1004.0,5.08,290.0,Clouds,overcast clouds
angul,2026-06-23 07:37:50.968206,1,186.04,0.08,1.63,57.86,0.52,3.77,4.4,7.06,38.46,41.8,34.0,1000.0,4.2,282.0,Clouds,scattered clouds
angul,2026-06-23 10:52:55.319393,1,193.91,0.17,2.08,56.6,0.69,5.44,6.39,9.85,38.01,40.16,32.0,998.0,3.15,280.0,Clouds,broken clouds
angul,2026-06-23 13:35:23.276452,2,301.53,0.0,6.39,33.93,1.02,15.38,18.42,17.85,30.77,34.13,59.0,1001.0,5.95,136.0,Clouds,overcast clouds
angul,2026-06-23 16:19:46.180236,2,348.74,0.01,7.24,25.39,1.09,17.57,21.89,16.0,28.85,32.76,72.0,1003.0,3.33,141.0,Clouds,overcast clouds
angul,2026-06-23 19:01:17.473954,2,384.77,0.06,7.67,19.16,0.83,18.85,23.36,20.96,29.59,32.44,62.0,1003.0,0.56,316.0,Clouds,overcast clouds
angul,2026-06-23 21:22:34.592137,2,383.25,0.08,7.08,17.34,0.69,18.51,22.37,24.17,28.75,31.52,66.0,1002.0,0.6,332.0,Clouds,overcast clouds
angul,2026-06-23 22:58:24.689835,2,379.54,0.11,6.94,14.52,0.7,18.33,21.76,28.3,28.74,31.35,65.0,1002.0,1.3,302.0,Rain,light rain
angul,2026-06-23 23:53:53.512306,2,375.76,0.13,6.95,13.39,0.74,18.2,21.4,30.63,28.88,31.45,64.0,1002.0,0.09,207.0,Clouds,broken clouds
angul,2026-06-24 02:05:56.704497,2,388.87,2.5,4.52,15.79,0.94,18.66,22.56,24.21,31.02,33.7,55.0,1004.0,2.62,266.0,Clouds,overcast clouds
angul,2026-06-24 06:35:19.244148,2,144.35,0.09,0.79,62.08,0.3,8.1,8.63,5.41,38.45,41.38,33.0,1002.0,4.57,283.0,Clouds,few clouds
angul,2026-06-24 10:12:41.502142,2,184.44,0.09,2.56,54.2,0.83,13.35,14.42,11.01,38.92,40.71,29.0,999.0,2.5,264.0,Clouds,scattered clouds
angul,2026-06-24 13:10:44.863268,2,259.43,0.02,5.97,38.52,1.37,16.12,18.37,15.47,33.95,36.71,45.0,1000.0,5.06,161.0,Clouds,broken clouds
angul,2026-06-24 16:07:24.272349,2,405.36,0.03,10.05,18.56,1.62,24.72,30.44,23.59,28.76,31.87,68.0,1004.0,3.31,217.0,Clouds,overcast clouds
angul,2026-06-24 18:27:00.368547,3,447.2,0.09,10.86,15.69,1.66,27.13,33.49,33.57,28.58,31.67,69.0,1004.0,3.94,224.0,Clouds,overcast clouds
angul,2026-06-24 20:26:49.063176,3,441.8,0.11,10.02,14.68,1.28,26.18,31.57,38.43,28.16,31.27,72.0,1002.0,0.92,155.0,Clouds,overcast clouds
angul,2026-06-24 22:06:34.947753,3,446.72,0.19,9.39,12.12,1.05,26.47,31.32,38.49,28.1,31.28,73.0,1002.0,0.2,177.0,Clouds,overcast clouds
angul,2026-06-24 23:57:23.720295,3,449.11,0.22,10.5,9.95,1.31,25.66,29.63,59.39,27.57,30.55,76.0,1004.0,1.21,284.0,Clouds,overcast clouds
angul,2026-06-25 02:39:08.896916,2,461.76,3.94,7.14,21.26,1.8,24.33,28.87,60.27,32.77,36.69,53.0,1004.0,1.76,324.0,Clouds,overcast clouds
angul,2026-06-25 06:39:24.900283,3,240.22,0.23,1.87,69.64,0.74,31.82,33.63,17.26,37.96,40.82,34.0,1002.0,2.06,37.0,Clouds,overcast clouds
angul,2026-06-25 10:10:26.239015,3,331.62,0.37,5.68,58.69,1.39,39.9,43.07,32.72,37.6,40.12,34.0,1000.0,3.92,202.0,Clouds,broken clouds
angul,2026-06-25 13:09:35.623938,3,292.37,0.07,4.97,54.61,1.29,35.78,38.46,17.3,34.94,38.37,44.0,1001.0,4.12,150.0,Clouds,broken clouds
angul,2026-06-25 16:14:40.524345,3,511.27,0.03,13.73,31.38,2.99,46.61,53.71,61.17,30.79,34.89,62.0,1004.0,4.82,109.0,Clouds,overcast clouds
angul,2026-06-25 19:00:38.860678,4,562.1,0.02,12.67,17.69,2.21,52.23,59.31,54.62,30.17,34.48,66.0,1003.0,2.42,151.0,Clouds,overcast clouds
angul,2026-06-25 20:59:20.228007,4,575.76,0.03,13.87,14.52,2.42,51.36,56.67,81.19,28.93,32.94,72.0,1003.0,2.11,104.0,Clouds,overcast clouds
angul,2026-06-25 22:20:38.694908,4,580.63,0.04,14.32,12.71,2.41,50.11,54.53,90.33,28.7,32.6,73.0,1003.0,1.7,126.0,Clouds,overcast clouds
angul,2026-06-26 00:03:37.641360,3,564.24,0.07,13.83,10.0,2.1,45.48,48.7,93.35,28.54,32.59,75.0,1004.0,1.33,131.0,Clouds,overcast clouds
angul,2026-06-26 05:02:25.388029,2,198.01,0.16,1.39,54.87,0.41,10.68,11.58,7.69,37.19,42.04,41.0,1005.0,0.89,52.0,Clouds,few clouds
angul,2026-06-26 08:47:58.122233,2,226.94,0.18,2.14,55.47,0.71,19.7,20.99,12.23,39.75,43.09,31.0,1000.0,4.08,105.0,Clouds,broken clouds
angul,2026-06-26 11:37:56.625756,3,256.11,0.19,3.14,59.36,0.97,26.03,27.49,11.65,37.57,40.82,36.0,1000.0,6.37,168.0,Rain,light rain
angul,2026-06-26 13:59:14.616905,4,413.76,0.0,7.01,55.42,1.83,62.43,66.93,24.27,31.63,36.22,60.0,1003.0,5.3,89.0,Clouds,overcast clouds
angul,2026-06-26 16:15:45.346974,4,462.11,0.0,8.4,37.3,1.58,61.58,67.62,18.14,29.98,34.99,70.0,1005.0,2.11,261.0,Clouds,broken clouds
angul,2026-06-26 18:21:39.302667,4,489.25,0.0,8.99,27.36,1.3,60.02,66.94,19.07,28.44,33.23,80.0,1004.0,1.06,53.0,Clouds,overcast clouds
angul,2026-06-26 20:26:02.185397,4,481.24,0.01,8.3,21.29,0.93,56.56,62.7,23.02,28.87,33.38,75.0,1003.0,0.83,234.0,Clouds,broken clouds
angul,2026-06-26 22:01:08.707517,4,470.6,0.01,7.7,19.6,0.88,55.09,60.42,28.28,28.32,32.4,77.0,1003.0,0.6,337.0,Clouds,broken clouds
angul,2026-06-26 23:53:27.506639,4,472.3,0.02,7.99,17.5,1.01,54.8,59.82,40.16,26.84,29.47,81.0,1005.0,0.57,119.0,Clouds,overcast clouds
angul,2026-06-27 02:02:46.733857,4,487.66,0.85,6.96,16.69,1.1,52.7,58.57,30.68,28.96,32.82,71.0,1005.0,0.55,204.0,Clouds,overcast clouds
angul,2026-06-27 06:19:59.751180,3,289.35,0.09,1.13,90.35,1.35,46.33,48.72,8.79,36.11,41.26,45.0,1004.0,1.34,61.0,Clouds,broken clouds
angul,2026-06-27 09:21:40.533623,3,296.05,0.2,1.71,73.88,1.19,48.86,50.97,12.15,38.4,42.09,35.0,1001.0,1.14,74.0,Clouds,few clouds
angul,2026-06-27 11:18:48.442236,4,298.79,0.22,2.02,76.39,1.17,50.18,52.03,12.12,36.76,40.32,39.0,1000.0,2.59,71.0,Rain,moderate rain
angul,2026-06-27 13:05:28.183167,3,281.06,0.02,2.53,83.21,1.2,44.47,45.99,9.11,27.88,31.51,78.0,1002.0,1.57,47.0,Rain,heavy intensity rain
angul,2026-06-27 15:07:27.013976,4,537.56,0.0,12.38,57.02,3.14,64.6,69.52,78.51,27.78,32.13,84.0,1003.0,4.06,168.0,Clouds,overcast clouds
angul,2026-06-27 16:54:34.996832,4,573.69,0.0,12.54,55.86,3.44,66.6,71.9,95.82,28.05,32.07,79.0,1003.0,2.68,172.0,Clouds,overcast clouds
angul,2026-06-27 17:54:28.797966,4,593.99,0.0,12.94,53.86,3.48,69.33,74.56,104.18,28.15,32.0,77.0,1003.0,2.32,169.0,Clouds,overcast clouds
angul,2026-06-27 19:02:06.072793,4,601.66,0.0,12.85,50.62,3.36,71.24,76.07,109.95,28.43,32.33,75.0,1003.0,0.62,153.0,Clouds,overcast clouds
angul,2026-06-27 20:48:08.015302,4,599.37,0.0,11.56,39.76,2.84,74.16,78.5,103.1,26.47,26.47,84.0,1003.0,1.97,223.0,Clouds,overcast clouds
angul,2026-06-27 21:52:45.252978,4,592.16,0.0,9.89,31.81,1.98,74.52,78.23,58.98,26.35,26.35,83.0,1003.0,0.98,215.0,Clouds,overcast clouds
angul,2026-06-27 22:53:01.295804,4,587.1,0.0,9.11,26.65,1.66,74.72,78.06,48.56,26.61,26.61,82.0,1003.0,1.06,217.0,Clouds,overcast clouds
angul,2026-06-27 23:52:36.337271,5,585.06,0.01,9.15,23.38,1.64,75.04,78.12,52.71,26.86,29.43,80.0,1003.0,0.73,258.0,Clouds,broken clouds
angul,2026-06-28 02:13:35.737855,4,592.45,0.94,7.96,18.3,1.52,65.24,68.85,42.86,30.81,35.44,64.0,1004.0,0.75,239.0,Clouds,scattered clouds
angul,2026-06-28 06:53:10.102372,3,331.22,0.08,2.08,67.45,1.13,28.81,29.87,9.32,38.81,43.39,36.0,1001.0,1.92,267.0,Clouds,scattered clouds
angul,2026-06-28 09:51:50.698507,3,357.64,0.27,4.05,57.48,1.1,27.31,28.86,20.64,36.63,40.82,41.0,999.0,1.36,268.0,Clouds,broken clouds
angul,2026-06-28 11:40:22.300224,3,345.16,0.28,3.95,60.33,1.05,26.23,27.64,17.69,34.75,39.71,49.0,999.0,5.79,178.0,Clouds,broken clouds
angul,2026-06-28 13:11:38.523416,3,452.03,0.04,8.68,40.32,1.46,38.19,40.71,39.29,33.06,38.28,56.0,1000.0,5.6,195.0,Clouds,overcast clouds
angul,2026-06-28 15:10:27.492381,3,445.21,0.0,6.93,33.39,1.15,32.31,35.27,21.85,32.26,37.07,58.0,1001.0,3.17,191.0,Rain,very heavy rain
angul,2026-06-28 16:57:02.761241,3,442.19,0.0,6.4,31.86,0.92,27.11,30.32,15.71,31.23,36.15,63.0,1002.0,0.51,209.0,Clouds,overcast clouds
angul,2026-06-28 18:00:25.288321,3,449.77,0.01,6.58,30.08,0.83,26.09,29.35,16.59,30.72,35.76,66.0,1003.0,1.52,222.0,Clouds,overcast clouds
angul,2026-06-28 19:23:06.665909,2,449.13,0.01,6.51,28.65,0.73,24.96,27.91,17.56,30.84,35.78,65.0,1002.0,0.78,232.0,Clouds,overcast clouds
angul,2026-06-28 20:51:00.287559,2,446.2,0.02,6.28,25.94,0.76,24.56,27.19,18.75,29.84,34.42,69.0,1001.0,1.4,246.0,Clouds,overcast clouds
angul,2026-06-28 21:52:56.287158,2,443.91,0.02,6.13,25.11,0.77,24.53,27.01,18.34,29.04,33.39,73.0,1001.0,1.25,245.0,Clouds,overcast clouds
angul,2026-06-28 22:53:08.254968,2,435.78,0.02,5.86,24.59,0.75,24.31,26.61,16.02,29.12,33.38,72.0,1001.0,1.75,265.0,Clouds,overcast clouds
angul,2026-06-28 23:59:01.952624,2,427.3,0.01,5.63,23.95,0.75,24.51,26.68,13.75,28.92,33.3,74.0,1002.0,1.79,302.0,Clouds,overcast clouds
angul,2026-06-29 03:40:21.932006,2,352.69,0.46,3.08,37.79,0.8,17.17,18.76,7.76,34.61,39.4,49.0,1003.0,3.33,279.0,Clouds,overcast clouds
angul,2026-06-29 08:48:39.243059,1,229.8,0.1,1.55,56.44,0.42,9.28,9.81,5.07,35.81,40.59,45.0,1000.0,2.43,284.0,Rain,light rain
angul,2026-06-29 12:55:58.348400,2,367.07,0.05,8.99,38.37,1.74,21.92,24.68,29.59,32.37,37.32,58.0,1000.0,1.98,199.0,Rain,light rain
angul,2026-06-29 16:33:21.555236,2,481.84,0.0,12.21,30.19,2.56,20.53,24.28,63.53,31.32,35.8,61.0,1002.0,1.86,183.0,Clouds,overcast clouds
angul,2026-06-29 18:57:48.715464,2,482.06,0.0,10.71,27.03,1.95,21.51,24.16,56.18,30.05,35.16,70.0,1001.0,1.03,116.0,Rain,heavy intensity rain
angul,2026-06-29 20:47:50.124788,2,451.52,0.01,7.71,23.1,1.05,19.52,21.69,23.78,29.66,34.68,72.0,1000.0,1.12,193.0,Rain,very heavy rain
angul,2026-06-29 22:03:24.619350,2,433.16,0.01,6.72,22.74,0.86,19.27,21.17,16.71,29.22,34.03,74.0,1001.0,0.24,315.0,Rain,very heavy rain
angul,2026-06-29 23:52:35.519377,2,413.28,0.01,5.93,21.44,0.75,20.85,22.56,12.63,28.93,33.52,75.0,1001.0,1.4,332.0,Rain,very heavy rain
angul,2026-06-30 02:08:06.330422,2,423.02,0.45,5.88,19.23,1.0,22.29,24.45,12.98,27.93,32.08,81.0,1003.0,4.0,326.0,Rain,light rain
angul,2026-06-30 06:44:35.083687,2,293.87,0.16,2.0,55.0,0.44,13.99,14.85,7.77,27.23,30.37,81.0,1003.0,1.77,300.0,Clouds,overcast clouds
angul,2026-06-30 10:23:47.151811,2,309.88,0.16,3.73,49.19,0.63,14.34,15.59,15.11,27.69,31.2,79.0,1001.0,2.05,286.0,Rain,light rain
angul,2026-06-30 13:03:05.158688,2,318.56,0.01,5.35,43.79,0.9,14.36,15.77,11.61,27.42,30.94,82.0,1001.0,1.24,250.0,Clouds,overcast clouds
angul,2026-06-30 16:15:03.713560,2,365.28,0.0,7.11,27.39,1.37,19.66,22.7,22.93,27.1,30.37,84.0,1003.0,1.14,241.0,Clouds,overcast clouds
angul,2026-06-30 18:27:30.850746,2,386.55,0.0,6.99,24.15,1.2,22.55,25.42,22.95,27.28,30.71,83.0,1002.0,0.41,253.0,Clouds,overcast clouds
angul,2026-06-30 20:50:11.511195,2,389.58,0.01,7.04,21.7,1.09,22.74,24.75,36.87,27.11,30.29,83.0,1001.0,0.38,188.0,Rain,light rain
angul,2026-06-30 22:07:52.216721,2,391.14,0.01,7.44,22.17,1.14,21.93,23.66,44.05,26.92,29.93,84.0,1001.0,0.22,306.0,Rain,very heavy rain
angul,2026-06-30 23:57:14.709008,2,384.34,0.02,7.41,21.23,1.0,18.94,20.22,44.52,26.99,30.0,83.0,1001.0,0.55,353.0,Rain,moderate rain
angul,2026-07-01 02:49:11.610268,2,368.35,0.63,5.62,15.95,0.7,13.52,15.44,7.25,28.05,31.91,78.0,1003.0,1.24,212.0,Clouds,overcast clouds
angul,2026-07-01 07:02:47.122168,2,250.85,0.19,1.41,49.22,0.35,14.97,15.79,2.09,31.83,37.59,63.0,1001.0,2.98,287.0,Clouds,overcast clouds
angul,2026-07-01 11:15:49.733800,2,233.02,0.14,2.73,41.06,0.46,13.4,14.41,2.67,32.58,38.13,59.0,998.0,3.28,297.0,Clouds,overcast clouds
angul,2026-07-01 14:04:13.294254,2,359.35,0.01,6.88,22.25,1.02,19.48,22.55,4.74,28.38,33.07,80.0,1000.0,1.02,255.0,Rain,moderate rain
angul,2026-07-01 17:04:57.774910,2,375.75,0.01,6.08,20.1,0.9,20.43,23.74,3.67,27.85,32.17,83.0,1001.0,1.61,259.0,Clouds,broken clouds
angul,2026-07-01 19:28:20.793280,2,360.76,0.02,5.49,18.96,0.61,18.05,20.72,3.7,27.75,31.62,81.0,1000.0,1.13,255.0,Clouds,overcast clouds
angul,2026-07-01 21:15:42.993980,2,349.11,0.03,5.12,15.74,0.55,15.02,17.26,5.38,27.52,31.18,82.0,1000.0,1.21,285.0,Clouds,overcast clouds
angul,2026-07-01 23:01:07.123990,2,334.99,0.03,5.77,15.62,0.81,12.43,14.54,11.0,27.2,30.62,84.0,999.0,1.31,283.0,Clouds,overcast clouds
angul,2026-07-02 02:05:20.366478,2,356.04,0.55,7.88,14.89,1.58,12.19,15.42,18.21,28.65,33.03,76.0,1000.0,2.96,285.0,Clouds,overcast clouds
angul,2026-07-02 06:29:01.295674,1,171.81,0.16,1.84,36.78,0.33,5.53,6.1,2.04,31.9,38.08,64.0,1000.0,3.63,298.0,Clouds,overcast clouds
angul,2026-07-02 09:51:06.385342,2,236.81,0.21,4.16,31.18,0.74,13.85,15.58,4.44,31.27,37.4,67.0,998.0,3.55,265.0,Clouds,overcast clouds
angul,2026-07-02 12:01:06.158629,2,269.68,0.11,6.42,26.93,0.92,15.39,17.43,5.66,29.88,35.97,75.0,998.0,2.37,269.0,Rain,light rain
angul,2026-07-02 15:04:07.072519,2,309.46,0.03,7.12,19.05,1.02,13.35,16.49,4.53,28.34,32.97,80.0,999.0,1.81,244.0,Clouds,overcast clouds
angul,2026-07-02 17:25:08.149218,2,352.23,0.04,9.3,14.34,1.63,13.53,17.65,9.89,28.0,32.25,81.0,1001.0,2.36,261.0,Clouds,overcast clouds
angul,2026-07-02 19:06:58.895509,2,356.42,0.04,10.31,12.89,1.56,12.16,14.55,13.13,27.09,30.67,87.0,1000.0,1.79,269.0,Clouds,overcast clouds
angul,2026-07-02 20:52:07.142282,2,339.19,0.04,8.66,12.21,1.03,10.99,12.43,10.29,26.12,26.12,92.0,999.0,2.77,259.0,Clouds,overcast clouds
angul,2026-07-02 21:57:42.796261,2,328.27,0.05,7.25,11.44,0.67,10.51,11.66,5.68,25.97,25.97,93.0,999.0,2.79,262.0,Rain,light rain
angul,2026-07-02 22:59:50.478950,2,320.41,0.08,6.47,10.81,0.59,10.25,11.3,5.31,25.86,26.93,93.0,999.0,2.65,261.0,Clouds,overcast clouds
angul,2026-07-03 00:05:37.485483,2,314.39,0.1,6.34,10.51,0.66,10.16,11.19,6.7,25.8,26.86,93.0,999.0,2.23,263.0,Clouds,overcast clouds
angul,2026-07-03 04:35:03.124443,2,337.56,0.82,8.09,8.22,1.33,10.38,13.22,7.73,29.13,34.23,76.0,1001.0,4.7,271.0,Clouds,overcast clouds
angul,2026-07-03 07:54:33.252332,1,214.4,0.23,3.81,18.12,0.47,7.05,7.92,1.97,29.55,34.86,74.0,999.0,4.01,274.0,Clouds,overcast clouds
angul,2026-07-03 10:25:18.236161,1,179.85,0.21,3.5,23.79,0.33,6.92,7.36,1.25,27.88,32.1,82.0,998.0,3.17,273.0,Rain,heavy intensity rain
angul,2026-07-03 12:51:47.037776,1,214.89,0.05,6.18,17.24,0.57,8.12,9.41,3.04,27.02,30.58,88.0,998.0,1.75,268.0,Rain,light rain
angul,2026-07-03 15:00:54.010240,2,334.83,0.12,11.0,12.98,1.51,10.9,13.45,9.21,26.35,26.35,90.0,999.0,2.08,269.0,Clouds,broken clouds
angul,2026-07-03 17:11:03.679432,2,322.49,0.11,8.52,11.82,1.24,10.75,13.13,7.29,26.16,26.16,92.0,999.0,2.47,275.0,Clouds,overcast clouds
angul,2026-07-03 18:59:27.351225,1,290.92,0.07,7.41,12.3,0.95,9.81,11.38,7.91,25.96,25.96,91.0,998.0,2.71,289.0,Clouds,overcast clouds
angul,2026-07-03 20:13:48.116563,1,273.98,0.05,6.43,12.68,0.73,9.32,10.45,6.95,25.89,26.91,91.0,998.0,2.87,284.0,Clouds,overcast clouds
angul,2026-07-03 21:55:32.141966,1,259.04,0.05,5.46,12.62,0.58,8.73,9.46,5.8,25.55,26.54,91.0,997.0,2.89,278.0,Clouds,overcast clouds
angul,2026-07-03 22:53:31.549118,1,259.86,0.06,5.75,12.46,0.68,8.52,9.23,7.64,25.64,26.64,91.0,998.0,2.67,281.0,Clouds,overcast clouds
angul,2026-07-03 23:55:29.027258,1,265.19,0.06,6.29,12.03,0.8,8.39,9.15,9.48,25.59,26.58,91.0,998.0,2.47,288.0,Clouds,overcast clouds
angul,2026-07-04 01:48:46.024170,1,296.68,0.29,8.19,8.92,1.42,8.93,10.53,12.35,26.51,26.51,87.0,999.0,3.1,286.0,Clouds,overcast clouds
angul,2026-07-04 05:35:58.249611,2,308.48,0.98,5.64,17.57,0.97,10.17,11.74,4.52,29.82,35.56,74.0,997.0,2.93,289.0,Rain,moderate rain
angul,2026-07-04 08:20:56.023778,2,307.86,0.81,6.37,28.31,0.57,11.91,12.4,1.44,28.14,31.82,76.0,995.0,4.69,295.0,Rain,heavy intensity rain
angul,2026-07-04 10:48:07.231432,2,328.69,0.36,6.34,27.1,0.51,13.61,14.4,2.65,27.02,30.58,88.0,993.0,4.08,288.0,Clouds,overcast clouds
angul,2026-07-04 12:00:55.408991,2,338.57,0.24,7.11,22.81,0.56,13.69,14.71,3.34,26.55,26.55,90.0,994.0,2.75,287.0,Rain,moderate rain
angul,2026-07-04 14:22:47.869477,2,343.56,0.04,8.0,12.32,0.79,13.11,14.91,3.94,26.42,26.42,91.0,995.0,2.41,270.0,Rain,moderate rain
angul,2026-07-04 15:53:22.528369,2,346.01,0.1,7.78,9.95,0.87,11.79,13.81,4.19,26.56,26.56,90.0,996.0,3.43,275.0,Rain,light rain
angul,2026-07-04 16:51:18.118382,2,344.93,0.13,7.61,9.62,0.88,11.2,13.07,4.9,26.39,26.39,90.0,995.0,3.63,286.0,Rain,heavy intensity rain
angul,2026-07-04 17:55:00.390611,2,338.33,0.15,7.57,9.7,0.86,10.47,12.07,5.96,26.09,26.09,92.0,995.0,2.48,280.0,Rain,heavy intensity rain
angul,2026-07-04 18:53:58.541607,1,320.4,0.13,7.19,10.16,0.74,9.32,10.46,6.16,26.22,26.22,91.0,994.0,3.49,284.0,Rain,heavy intensity rain
angul,2026-07-04 20:04:07.134817,1,296.31,0.09,6.21,10.76,0.56,8.03,8.86,4.39,26.08,26.08,91.0,993.0,4.77,295.0,Rain,heavy intensity rain
angul,2026-07-04 21:46:08.754468,1,250.01,0.04,4.6,12.45,0.4,5.75,6.2,2.16,25.33,26.4,95.0,991.0,2.82,305.0,Clouds,overcast clouds
angul,2026-07-04 22:45:30.956714,1,231.15,0.03,4.02,13.45,0.38,5.0,5.38,1.79,25.18,26.29,97.0,992.0,1.57,26.0,Clouds,overcast clouds
angul,2026-07-04 23:52:14.840763,1,214.46,0.03,3.6,14.65,0.37,4.48,4.84,1.54,25.13,26.21,96.0,993.0,1.95,14.0,Rain,moderate rain
angul,2026-07-05 01:54:17.384008,1,199.3,0.08,3.53,14.98,0.47,4.14,4.9,1.65,25.23,26.34,97.0,994.0,0.83,124.0,Rain,moderate rain
angul,2026-07-05 05:54:05.371057,1,185.91,0.28,3.31,16.38,0.47,4.28,5.23,1.89,25.91,27.01,94.0,994.0,3.87,273.0,Rain,heavy intensity rain
angul,2026-07-05 08:38:37.565370,1,156.98,0.22,2.23,28.49,0.35,6.1,6.54,1.37,24.73,25.74,95.0,992.0,7.46,238.0,Rain,moderate rain
angul,2026-07-05 10:57:26.192844,1,135.61,0.06,2.26,29.56,0.23,4.11,4.39,1.17,24.98,26.07,97.0,992.0,5.35,261.0,Rain,moderate rain
angul,2026-07-05 12:11:15.888888,1,130.73,0.02,2.3,30.55,0.22,3.3,3.54,1.16,24.74,25.75,95.0,993.0,7.95,246.0,Rain,moderate rain
angul,2026-07-05 14:24:44.189231,1,150.44,0.0,2.93,30.29,0.32,3.77,4.21,1.06,24.32,25.29,95.0,993.0,8.92,245.0,Rain,heavy intensity rain
angul,2026-07-05 15:59:57.146893,1,142.87,0.0,2.46,31.31,0.3,4.13,4.67,1.1,24.45,25.41,94.0,996.0,6.06,238.0,Rain,heavy intensity rain
angul,2026-07-05 17:11:34.741173,1,135.77,0.0,2.23,31.12,0.28,4.27,4.76,1.02,24.72,25.65,92.0,996.0,5.68,228.0,Rain,heavy intensity rain
angul,2026-07-05 18:59:10.997095,1,117.05,0.0,1.93,29.53,0.2,3.41,3.65,0.85,25.14,26.06,90.0,996.0,4.12,232.0,Rain,light rain
angul,2026-07-05 20:12:48.894780,1,114.25,0.0,1.92,28.7,0.2,3.04,3.26,0.87,25.36,26.25,88.0,995.0,4.83,235.0,Rain,light rain
angul,2026-07-05 21:49:13.712958,1,117.81,0.0,1.99,28.01,0.2,2.97,3.18,0.91,25.19,26.09,89.0,995.0,5.11,228.0,Rain,light rain
angul,2026-07-05 22:49:32.979644,1,120.36,0.0,2.04,27.55,0.21,2.98,3.18,0.93,25.14,26.01,88.0,995.0,4.87,231.0,Clouds,overcast clouds
angul,2026-07-05 23:55:36.068457,1,122.0,0.0,2.07,26.99,0.21,2.9,3.11,0.93,24.68,25.58,91.0,996.0,5.24,226.0,Clouds,overcast clouds
angul,2026-07-06 02:01:17.598969,1,128.19,0.11,2.27,24.58,0.29,2.75,3.19,1.01,24.65,25.52,90.0,998.0,4.23,207.0,Clouds,overcast clouds
angul,2026-07-06 06:59:27.803003,1,123.79,0.22,1.26,37.3,0.34,4.35,4.83,1.39,26.97,29.86,82.0,998.0,3.76,229.0,Clouds,overcast clouds
angul,2026-07-06 11:26:57.205821,1,118.49,0.1,1.61,38.86,0.3,4.19,4.69,1.93,27.08,30.02,81.0,997.0,3.91,225.0,Clouds,overcast clouds
angul,2026-07-06 14:54:48.324542,1,143.4,0.0,2.97,34.28,0.76,4.39,5.74,3.51,25.31,26.19,88.0,1001.0,1.89,198.0,Clouds,overcast clouds
angul,2026-07-06 17:33:45.431790,1,168.96,0.0,3.76,31.18,1.05,6.51,8.37,3.51,25.18,26.05,88.0,1001.0,0.51,186.0,Clouds,overcast clouds
angul,2026-07-06 19:33:15.967749,1,173.91,0.0,3.8,29.84,0.89,7.21,8.34,2.33,24.98,25.91,91.0,1000.0,2.03,161.0,Clouds,overcast clouds
angul,2026-07-06 21:19:26.745698,1,182.1,0.0,4.16,28.11,0.96,7.97,8.96,2.05,24.84,25.76,91.0,1000.0,1.98,157.0,Clouds,overcast clouds
angul,2026-07-06 22:55:56.124956,1,202.5,0.0,5.32,23.55,1.46,9.73,10.77,2.06,24.9,25.8,90.0,1000.0,1.89,191.0,Clouds,overcast clouds
angul,2026-07-06 23:57:56.785857,2,211.19,0.01,5.77,22.09,1.74,10.77,11.96,2.2,24.95,25.88,91.0,1001.0,2.0,176.0,Clouds,overcast clouds
angul,2026-07-07 02:37:31.994989,2,232.06,1.13,5.37,26.15,2.86,17.18,21.52,3.0,27.37,30.81,82.0,1003.0,2.12,185.0,Clouds,overcast clouds
angul,2026-07-07 06:35:22.102587,2,177.87,0.37,3.38,49.97,3.05,17.22,20.79,3.01,31.57,37.87,66.0,1001.0,3.05,224.0,Clouds,broken clouds
angul,2026-07-07 10:17:38.384847,2,153.7,0.22,1.67,57.05,1.97,14.5,15.84,3.22,31.69,38.18,66.0,999.0,3.25,213.0,Clouds,broken clouds
angul,2026-07-07 13:10:43.334589,2,148.31,0.0,2.99,57.17,2.69,11.22,12.58,3.71,28.88,34.2,79.0,1001.0,1.2,183.0,Clouds,overcast clouds
angul,2026-07-07 16:16:54.393617,1,179.28,0.0,6.18,44.46,4.51,9.97,12.63,3.53,28.04,32.52,82.0,1003.0,1.75,166.0,Clouds,overcast clouds
angul,2026-07-07 18:54:08.983450,2,198.65,0.0,6.75,35.31,4.63,10.94,14.45,2.93,27.31,30.9,84.0,1002.0,1.47,167.0,Clouds,overcast clouds
angul,2026-07-07 20:44:32.089140,2,205.25,0.0,6.17,31.82,3.67,10.65,13.43,2.83,27.01,30.25,85.0,1001.0,2.17,185.0,Clouds,overcast clouds
angul,2026-07-07 22:04:15.715270,2,208.52,0.0,5.85,31.07,3.18,10.87,13.42,2.93,26.82,29.86,86.0,1001.0,1.64,201.0,Clouds,overcast clouds
angul,2026-07-07 23:44:49.547110,2,218.38,0.0,5.34,30.23,2.51,12.8,15.48,3.03,26.52,26.52,87.0,1001.0,1.91,179.0,Clouds,overcast clouds
angul,2026-07-08 01:26:35.816573,2,226.63,0.08,5.22,29.32,2.17,13.92,17.21,3.09,27.15,30.72,86.0,1002.0,1.71,185.0,Clouds,overcast clouds
angul,2026-07-08 04:57:27.119497,2,146.51,0.19,1.69,55.52,1.72,10.82,13.87,2.28,32.21,37.89,61.0,1003.0,3.84,237.0,Clouds,overcast clouds
angul,2026-07-08 07:25:05.095142,2,147.39,0.14,1.6,57.81,1.67,11.78,14.44,2.7,32.52,38.32,60.0,1002.0,3.32,235.0,Clouds,overcast clouds
angul,2026-07-08 10:05:42.393160,2,163.69,0.07,2.42,55.37,2.01,13.58,15.32,3.67,32.54,39.05,62.0,1000.0,2.1,234.0,Clouds,overcast clouds
angul,2026-07-08 12:13:03.143263,2,164.71,0.02,2.62,61.35,2.18,16.31,18.2,4.26,31.82,38.52,66.0,1000.0,1.27,202.0,Clouds,overcast clouds
angul,2026-07-08 15:07:41.391534,2,172.4,0.0,6.56,44.53,5.05,10.14,13.24,4.13,28.77,33.71,78.0,1002.0,2.29,150.0,Clouds,broken clouds
angul,2026-07-08 17:17:30.077824,2,179.43,0.0,7.1,39.56,5.76,10.84,15.0,3.78,28.26,32.93,81.0,1002.0,2.19,168.0,Clouds,broken clouds
angul,2026-07-08 19:04:14.118090,2,184.96,0.0,6.96,34.36,4.98,10.87,15.0,3.3,28.12,32.73,82.0,1002.0,2.15,198.0,Clouds,overcast clouds
angul,2026-07-08 20:55:08.515629,2,193.1,0.0,6.67,29.3,3.69,11.22,14.47,2.93,27.97,31.87,79.0,1001.0,1.63,198.0,Clouds,overcast clouds
angul,2026-07-08 21:57:51.975225,2,198.79,0.0,6.54,27.13,3.22,11.69,14.96,3.08,28.26,32.42,78.0,1001.0,1.17,239.0,Clouds,overcast clouds
angul,2026-07-08 22:59:49.761851,2,207.6,0.0,6.46,24.69,2.82,12.31,15.86,3.37,27.95,31.68,78.0,1001.0,0.82,215.0,Clouds,overcast clouds
angul,2026-07-09 00:09:20.718909,2,216.43,0.01,6.41,22.9,2.52,12.75,16.6,3.76,27.56,31.28,82.0,1001.0,1.55,193.0,Clouds,overcast clouds
angul,2026-07-09 04:46:08.768321,1,155.64,0.29,2.66,39.6,1.43,6.67,8.31,2.37,31.08,36.63,66.0,1003.0,4.1,206.0,Clouds,overcast clouds
angul,2026-07-09 08:18:32.769288,1,165.58,0.18,2.01,43.6,0.74,6.13,6.93,2.11,27.39,31.61,88.0,1002.0,2.37,184.0,Clouds,overcast clouds
angul,2026-07-09 11:44:13.644743,1,191.95,0.1,3.39,39.46,0.65,7.34,8.09,2.17,26.56,26.56,93.0,1002.0,1.08,169.0,Clouds,overcast clouds
angul,2026-07-09 14:27:19.288106,1,202.9,0.0,4.64,32.91,1.12,8.53,10.09,2.99,27.14,30.8,87.0,1003.0,2.3,166.0,Clouds,overcast clouds
angul,2026-07-09 17:11:20.378061,2,237.02,0.0,4.87,28.57,1.11,12.2,14.52,3.02,26.09,26.09,94.0,1004.0,1.75,167.0,Clouds,overcast clouds
angul,2026-07-09 19:19:21.020390,2,238.37,0.0,4.35,27.86,0.74,12.88,14.77,2.71,26.82,29.95,87.0,1003.0,1.86,222.0,Clouds,overcast clouds
angul,2026-07-09 21:10:18.274771,2,232.12,0.0,3.63,26.22,0.48,12.5,14.1,2.65,26.74,29.66,86.0,1002.0,1.76,215.0,Clouds,overcast clouds
angul,2026-07-09 23:01:42.478492,2,222.54,0.0,3.13,25.23,0.39,11.05,12.53,2.71,26.45,26.45,87.0,1001.0,1.72,225.0,Clouds,overcast clouds
angul,2026-07-10 01:47:06.668369,1,213.39,0.26,2.93,23.47,0.52,9.33,11.13,2.96,28.49,32.82,77.0,1003.0,1.41,257.0,Clouds,overcast clouds
angul,2026-07-10 05:52:40.534432,1,189.78,0.24,2.99,30.78,0.69,6.43,8.02,3.82,32.54,39.05,62.0,1003.0,3.56,267.0,Clouds,overcast clouds
angul,2026-07-10 08:58:46.470523,1,178.74,0.28,2.42,31.45,0.52,6.51,7.6,2.56,33.34,40.02,59.0,1001.0,4.72,260.0,Clouds,overcast clouds
angul,2026-07-10 11:48:52.617574,1,171.46,0.15,2.74,39.06,0.52,8.76,9.55,2.16,29.35,35.26,78.0,1001.0,1.58,228.0,Clouds,overcast clouds
angul,2026-07-10 13:54:10.584318,2,220.75,0.0,4.52,31.6,0.77,10.76,12.48,2.74,28.62,33.9,81.0,1002.0,2.52,206.0,Clouds,overcast clouds
angul,2026-07-10 16:13:13.427651,2,241.3,0.0,4.75,25.08,0.76,10.35,12.75,2.6,28.08,32.62,82.0,1003.0,1.19,268.0,Clouds,overcast clouds
angul,2026-07-10 18:16:19.048648,1,237.56,0.0,4.44,21.75,0.56,8.37,10.46,2.4,27.96,32.0,80.0,1003.0,1.88,250.0,Clouds,overcast clouds
angul,2026-07-10 20:12:07.074000,1,211.69,0.0,3.55,20.31,0.3,5.21,6.42,2.46,27.29,30.62,82.0,1002.0,2.67,302.0,Clouds,overcast clouds
angul,2026-07-10 21:50:24.783989,1,200.61,0.01,3.05,19.73,0.25,4.33,5.27,2.73,26.55,26.55,85.0,1002.0,2.42,276.0,Clouds,overcast clouds
angul,2026-07-10 22:48:45.446140,1,199.54,0.01,2.93,19.49,0.26,4.56,5.5,2.83,26.35,26.35,87.0,1002.0,2.05,277.0,Clouds,overcast clouds
angul,2026-07-10 23:46:18.460875,1,199.32,0.01,2.89,19.65,0.29,5.15,6.16,2.89,26.23,26.23,87.0,1002.0,2.11,275.0,Clouds,overcast clouds
angul,2026-07-11 01:26:18.691320,1,200.07,0.04,2.91,19.87,0.37,5.95,7.17,2.98,26.6,26.6,86.0,1003.0,1.49,244.0,Clouds,overcast clouds
angul,2026-07-11 04:52:32.330263,1,123.41,0.11,1.32,48.21,0.65,4.79,5.37,1.58,30.48,34.7,64.0,1003.0,4.87,265.0,Clouds,overcast clouds
angul,2026-07-11 07:04:56.547111,1,117.53,0.14,1.09,53.89,0.61,4.85,5.26,1.75,32.34,36.95,57.0,1002.0,6.43,274.0,Clouds,overcast clouds
angul,2026-07-11 09:15:22.595191,1,120.36,0.16,1.06,56.49,0.58,5.37,5.84,2.37,33.11,37.42,53.0,1000.0,5.8,286.0,Clouds,overcast clouds
angul,2026-07-11 10:53:09.063982,1,125.88,0.15,1.29,57.18,0.56,5.76,6.38,2.92,31.8,37.21,62.0,999.0,3.97,289.0,Clouds,overcast clouds
angul,2026-07-11 11:43:22.109152,1,129.84,0.12,1.64,55.36,0.57,5.96,6.67,3.23,30.25,35.4,69.0,1000.0,2.4,269.0,Clouds,overcast clouds
angul,2026-07-11 12:51:33.094545,1,148.71,0.04,2.81,46.34,0.66,6.6,7.75,4.21,30.11,34.82,68.0,1000.0,2.33,234.0,Clouds,overcast clouds
angul,2026-07-11 14:17:23.089143,1,178.44,0.0,3.88,37.16,0.81,7.5,9.4,5.54,29.9,34.11,67.0,1001.0,1.99,229.0,Clouds,overcast clouds
angul,2026-07-11 15:43:44.601168,1,218.21,0.01,4.74,30.39,0.97,8.52,11.48,6.88,29.53,33.71,69.0,1001.0,2.37,216.0,Clouds,overcast clouds
angul,2026-07-11 16:41:37.954532,1,229.73,0.01,4.79,28.52,0.91,8.77,11.89,6.28,29.48,33.6,69.0,1001.0,2.61,229.0,Clouds,overcast clouds
angul,2026-07-11 17:44:46.867407,1,232.89,0.01,4.62,27.78,0.78,8.62,11.46,5.41,29.39,33.19,68.0,1001.0,2.02,240.0,Clouds,overcast clouds
angul,2026-07-11 18:42:58.207268,1,222.74,0.01,4.12,28.76,0.66,8.09,10.32,4.64,27.7,30.71,75.0,1001.0,1.78,240.0,Clouds,broken clouds
angul,2026-07-11 19:58:10.178613,1,216.48,0.01,3.72,30.02,0.69,8.27,10.21,4.42,27.46,30.2,75.0,1001.0,1.62,252.0,Clouds,broken clouds
angul,2026-07-11 20:42:25.691623,1,213.05,0.01,3.5,30.86,0.79,9.04,10.88,4.4,27.19,29.76,76.0,1000.0,2.01,264.0,Clouds,broken clouds
angul,2026-07-11 21:38:44.934913,2,209.94,0.01,3.33,31.8,0.88,10.05,11.85,4.43,27.09,29.55,76.0,1000.0,2.4,256.0,Clouds,overcast clouds
angul,2026-07-11 22:36:08.153841,2,205.98,0.01,3.18,32.95,0.94,11.09,12.84,4.38,26.79,29.04,77.0,1000.0,2.47,265.0,Clouds,overcast clouds
angul,2026-07-11 23:42:00.916525,2,202.18,0.01,3.1,33.72,0.96,12.06,13.79,4.31,26.56,26.56,78.0,1000.0,2.43,267.0,Clouds,overcast clouds
angul,2026-07-12 01:28:10.214662,2,202.76,0.06,3.15,32.8,0.97,12.19,14.05,4.46,27.64,30.83,77.0,1000.0,3.0,277.0,Clouds,broken clouds
angul,2026-07-12 05:14:57.939784,1,118.78,0.12,1.07,54.55,1.06,5.83,6.54,2.25,32.76,36.67,53.0,1001.0,5.68,283.0,Clouds,overcast clouds
angul,2026-07-12 07:56:30.896609,1,117.16,0.09,1.76,45.23,1.04,3.65,4.34,2.84,33.94,38.26,50.0,999.0,6.75,273.0,Clouds,overcast clouds
angul,2026-07-12 09:43:38.135151,1,138.47,0.14,2.87,39.03,1.16,3.5,4.47,4.55,32.4,36.78,56.0,998.0,5.04,273.0,Clouds,overcast clouds
angul,2026-07-12 11:03:39.496461,1,160.68,0.24,3.84,34.99,1.26,3.87,5.13,5.83,32.03,36.55,58.0,998.0,5.02,266.0,Clouds,overcast clouds
angul,2026-07-12 12:52:24.153196,1,205.79,0.12,6.32,28.56,1.35,4.96,7.13,8.13,30.95,34.5,59.0,999.0,3.52,260.0,Clouds,overcast clouds
angul,2026-07-12 14:22:02.689628,1,184.29,0.0,4.69,31.96,0.94,5.2,7.3,6.44,30.93,34.22,58.0,1000.0,2.89,248.0,Clouds,overcast clouds
angul,2026-07-12 15:48:04.692256,1,224.61,0.01,5.71,26.7,1.25,7.27,10.75,8.82,30.99,34.1,57.0,1001.0,3.42,256.0,Clouds,overcast clouds
angul,2026-07-12 16:43:35.603204,1,238.98,0.02,5.84,24.89,1.24,8.28,12.13,8.54,30.61,33.81,59.0,1001.0,3.69,258.0,Clouds,overcast clouds
angul,2026-07-12 17:50:00.075499,1,241.7,0.02,5.58,24.17,1.1,9.0,12.74,7.42,29.99,33.01,61.0,1000.0,3.81,258.0,Clouds,overcast clouds
angul,2026-07-12 18:46:39.391724,1,228.68,0.02,4.86,24.91,0.95,9.31,12.55,6.22,29.34,32.14,63.0,1000.0,3.85,258.0,Clouds,overcast clouds
angul,2026-07-12 20:00:17.615685,1,217.49,0.01,4.29,26.59,0.95,9.79,12.75,5.71,29.05,31.77,64.0,1000.0,3.58,265.0,Clouds,overcast clouds
angul,2026-07-12 20:51:01.592022,2,208.81,0.01,3.88,28.48,0.97,10.46,13.27,5.44,28.68,31.24,65.0,999.0,3.65,265.0,Clouds,overcast clouds
angul,2026-07-12 21:38:25.998953,2,200.82,0.01,3.57,30.62,0.99,11.12,13.8,5.35,28.41,30.89,66.0,999.0,3.21,264.0,Clouds,overcast clouds
angul,2026-07-12 22:37:10.630894,2,194.46,0.01,3.39,32.09,1.02,11.76,14.38,5.73,28.26,30.75,67.0,999.0,2.36,263.0,Clouds,overcast clouds
angul,2026-07-12 23:41:36.758525,2,191.76,0.0,3.41,32.63,1.07,12.45,15.12,6.3,28.01,30.55,69.0,1000.0,2.3,269.0,Clouds,overcast clouds
angul,2026-07-13 01:29:00.868150,2,196.96,0.04,3.68,31.39,1.15,13.11,16.08,6.86,28.28,31.37,71.0,1001.0,2.15,269.0,Clouds,overcast clouds
angul,2026-07-13 05:24:14.694630,1,120.04,0.08,1.7,54.16,1.22,8.83,10.53,2.76,33.02,36.92,52.0,1002.0,4.52,294.0,Clouds,overcast clouds
angul,2026-07-13 08:44:26.912249,1,135.95,0.16,2.26,48.47,1.08,7.51,8.65,3.58,35.24,39.7,46.0,999.0,4.11,287.0,Clouds,overcast clouds
angul,2026-07-13 11:49:51.692696,2,223.86,0.26,6.45,34.9,1.39,10.93,13.89,7.49,33.37,38.33,54.0,999.0,3.84,277.0,Clouds,overcast clouds
angul,2026-07-13 14:00:22.573052,2,284.25,0.04,8.71,25.97,1.59,10.55,14.71,7.42,31.28,35.71,61.0,1001.0,2.12,214.0,Clouds,overcast clouds
angul,2026-07-13 16:35:35.444632,2,340.2,0.06,8.41,21.5,1.86,13.42,19.94,7.26,29.91,34.13,67.0,1002.0,2.03,129.0,Clouds,overcast clouds
angul,2026-07-13 18:25:57.808277,2,344.98,0.06,8.05,20.88,1.78,14.01,20.57,6.8,29.45,33.95,71.0,1001.0,0.86,133.0,Clouds,overcast clouds
angul,2026-07-13 20:07:01.928646,2,315.23,0.03,6.42,20.92,1.53,13.79,19.38,6.13,28.73,33.04,75.0,1000.0,1.15,155.0,Clouds,overcast clouds
angul,2026-07-13 21:43:19.064400,2,285.08,0.03,5.18,21.47,1.36,13.49,18.46,5.89,28.28,32.31,77.0,1000.0,1.26,125.0,Clouds,overcast clouds
angul,2026-07-13 22:43:28.841071,2,263.87,0.02,4.6,23.49,1.29,13.1,17.64,5.54,28.27,32.12,76.0,1001.0,0.73,173.0,Clouds,overcast clouds
angul,2026-07-13 23:41:58.714570,2,241.66,0.01,4.14,26.22,1.27,12.87,17.04,5.45,28.17,31.89,76.0,1001.0,2.0,203.0,Clouds,overcast clouds
angul,2026-07-14 01:18:16.629902,2,228.24,0.03,4.08,28.34,1.42,13.01,16.82,5.56,28.67,32.71,74.0,1001.0,2.7,245.0,Rain,light rain
angul,2026-07-14 04:39:25.628890,2,235.96,0.45,5.64,39.6,2.65,17.71,22.66,8.82,29.02,33.74,75.0,1003.0,0.57,294.0,Clouds,overcast clouds
angul,2026-07-14 07:02:23.182554,2,258.19,0.3,6.67,55.15,3.19,19.67,25.4,13.0,31.28,35.99,62.0,1001.0,2.29,296.0,Clouds,overcast clouds
angul,2026-07-14 09:44:43.259783,2,282.2,0.07,8.77,55.75,3.22,19.98,25.37,16.44,30.34,35.37,68.0,1000.0,1.2,195.0,Clouds,overcast clouds
angul,2026-07-14 11:16:28.043334,2,285.44,0.08,9.15,54.71,3.17,19.19,24.12,16.17,29.93,35.11,71.0,1000.0,1.56,179.0,Clouds,overcast clouds
angul,2026-07-14 13:03:28.092166,2,293.02,0.02,9.31,47.25,2.64,18.58,23.45,13.01,29.35,34.8,76.0,1000.0,1.32,176.0,Clouds,overcast clouds
angul,2026-07-14 15:15:30.192135,3,291.02,0.01,7.11,32.45,1.89,27.96,36.21,5.69,28.99,33.67,75.0,1001.0,1.51,186.0,Clouds,overcast clouds
angul,2026-07-14 17:00:58.999637,3,320.72,0.02,7.17,28.4,1.85,28.11,39.17,6.96,28.76,33.3,76.0,1002.0,1.08,227.0,Clouds,overcast clouds
angul,2026-07-14 18:59:39.134138,3,313.35,0.01,6.3,29.06,1.53,26.66,37.07,6.9,28.44,33.05,79.0,1001.0,0.49,309.0,Clouds,overcast clouds
angul,2026-07-14 20:11:07.625189,2,292.59,0.01,5.29,30.75,1.32,24.6,33.49,5.24,28.11,32.38,80.0,1001.0,1.16,309.0,Clouds,overcast clouds
angul,2026-07-14 21:45:30.113129,2,225.29,0.0,3.39,40.89,1.16,18.16,23.38,4.14,27.76,31.65,81.0,1000.0,1.7,294.0,Clouds,overcast clouds
angul,2026-07-14 22:45:20.569343,2,197.88,0.0,2.82,45.01,1.08,14.09,17.3,3.65,27.62,31.3,81.0,1001.0,1.62,315.0,Clouds,overcast clouds
angul,2026-07-14 23:41:18.530631,2,180.76,0.0,2.53,47.53,1.02,11.13,12.9,3.12,27.16,30.41,83.0,1001.0,1.25,310.0,Clouds,overcast clouds
angul,2026-07-15 01:15:41.549470,1,172.58,0.0,2.46,48.22,1.04,9.87,10.84,2.44,26.09,26.09,88.0,1002.0,1.78,280.0,Clouds,overcast clouds
angul,2026-07-15 04:39:14.389788,2,190.82,0.29,2.92,45.22,1.26,14.18,15.16,2.02,29.53,34.81,74.0,1002.0,3.31,290.0,Clouds,overcast clouds
angul,2026-07-15 07:05:40.162196,2,190.02,0.26,2.27,53.51,1.13,16.68,17.46,1.96,30.72,36.57,69.0,1002.0,4.45,296.0,Clouds,overcast clouds
angul,2026-07-15 09:48:28.678680,2,185.03,0.22,2.09,62.32,0.98,16.59,17.32,2.5,30.47,36.21,70.0,1000.0,4.64,282.0,Clouds,overcast clouds
angul,2026-07-15 11:20:17.750991,2,185.85,0.15,2.52,60.82,0.99,15.11,15.96,2.91,29.38,34.65,75.0,1000.0,3.85,270.0,Clouds,overcast clouds
angul,2026-07-15 13:07:03.338157,2,202.66,0.01,4.3,52.51,1.2,13.81,15.45,4.18,26.9,30.07,86.0,1001.0,2.98,257.0,Clouds,overcast clouds
angul,2026-07-15 15:16:54.473244,2,259.35,0.0,5.6,41.74,1.9,23.69,27.18,4.78,27.25,30.86,85.0,1002.0,2.51,254.0,Clouds,overcast clouds
angul,2026-07-15 17:03:36.537847,2,261.5,0.0,5.21,39.03,2.1,22.83,26.95,5.2,26.76,29.63,85.0,1003.0,3.31,282.0,Clouds,overcast clouds
angul,2026-07-15 18:53:07.205980,2,216.0,0.0,3.76,42.24,2.29,19.11,21.78,4.37,25.57,26.51,89.0,1002.0,2.77,282.0,Clouds,overcast clouds
angul,2026-07-15 20:00:59.663148,2,202.43,0.0,3.31,41.91,2.26,17.79,19.71,3.66,25.38,26.35,91.0,1001.0,2.67,275.0,Clouds,overcast clouds
angul,2026-07-15 21:45:35.779784,2,185.73,0.0,2.76,40.45,1.69,16.0,17.03,2.46,25.06,26.05,93.0,1001.0,1.65,257.0,Clouds,overcast clouds
angul,2026-07-15 22:46:38.669595,2,182.97,0.0,2.67,38.56,1.39,15.2,16.03,2.3,25.05,26.04,93.0,1002.0,1.53,254.0,Clouds,overcast clouds
angul,2026-07-15 23:48:10.250951,2,182.22,0.0,2.67,36.92,1.13,14.61,15.4,2.4,24.93,25.91,93.0,1002.0,1.62,272.0,Clouds,overcast clouds
angul,2026-07-16 01:25:08.561898,2,186.09,0.01,2.88,34.65,1.01,14.31,15.27,2.63,25.61,26.58,90.0,1002.0,2.17,291.0,Clouds,overcast clouds
angul,2026-07-16 04:49:11.428670,2,233.79,0.64,3.66,32.39,1.06,15.38,17.62,3.7,30.3,35.78,70.0,1003.0,5.13,283.0,Clouds,overcast clouds
angul,2026-07-16 07:14:08.941453,2,207.16,0.34,1.85,43.92,0.68,17.42,18.75,2.34,29.94,34.89,70.0,1002.0,6.23,282.0,Clouds,overcast clouds
angul,2026-07-16 09:54:34.083429,2,177.46,0.17,1.83,47.89,0.47,15.77,16.36,1.61,28.54,32.59,75.0,1000.0,5.97,274.0,Clouds,overcast clouds
angul,2026-07-16 11:25:56.184429,2,178.07,0.12,2.31,45.14,0.48,14.61,15.23,1.74,28.08,31.99,78.0,1000.0,5.26,270.0,Clouds,overcast clouds
angul,2026-07-16 13:15:51.157311,2,251.1,0.05,5.98,28.11,0.69,15.81,17.05,2.17,27.04,30.33,85.0,1001.0,4.24,279.0,Clouds,overcast clouds
angul,2026-07-16 15:24:50.988060,2,245.04,0.0,4.86,31.9,0.68,17.01,18.25,1.64,26.2,26.2,88.0,1002.0,3.79,257.0,Clouds,overcast clouds
angul,2026-07-16 17:01:28.802229,2,238.56,0.0,3.98,33.35,0.62,16.91,18.06,1.65,25.55,26.51,90.0,1003.0,3.18,281.0,Clouds,overcast clouds
angul,2026-07-16 18:53:57.414512,2,227.27,0.0,3.24,35.2,0.48,15.83,16.62,1.83,25.64,26.51,86.0,1002.0,3.57,277.0,Clouds,overcast clouds
angul,2026-07-16 19:55:09.904277,2,220.64,0.0,2.85,35.55,0.43,14.81,15.51,1.91,25.42,26.26,86.0,1002.0,3.49,279.0,Clouds,overcast clouds
angul,2026-07-16 20:44:12.086970,2,215.03,0.0,2.57,35.22,0.38,13.74,14.4,1.95,25.36,26.22,87.0,1001.0,3.48,281.0,Clouds,overcast clouds
angul,2026-07-16 21:54:26.674114,2,208.55,0.0,2.37,35.1,0.36,12.61,13.21,1.9,25.28,26.16,88.0,1001.0,3.09,284.0,Clouds,overcast clouds
angul,2026-07-16 22:46:55.415295,2,198.51,0.0,2.19,35.73,0.33,11.19,11.73,1.76,25.11,26.0,89.0,1002.0,2.84,279.0,Clouds,overcast clouds
angul,2026-07-16 23:47:32.037159,1,187.48,0.0,2.09,36.5,0.31,9.84,10.32,1.6,25.15,26.04,89.0,1002.0,2.67,278.0,Clouds,overcast clouds
angul,2026-07-17 01:28:02.505405,1,181.34,0.0,2.24,36.2,0.34,8.88,9.48,1.66,25.46,26.41,90.0,1003.0,2.94,273.0,Clouds,overcast clouds
angul,2026-07-17 04:52:14.931383,1,204.82,0.36,3.22,28.75,0.65,8.35,10.11,2.61,26.99,30.0,83.0,1004.0,3.69,272.0,Clouds,overcast clouds
angul,2026-07-17 07:09:04.195513,1,164.37,0.18,1.74,37.26,0.36,7.58,8.22,1.35,28.77,33.32,76.0,1003.0,5.51,279.0,Clouds,overcast clouds
angul,2026-07-17 09:45:02.514256,2,180.12,0.23,2.38,34.95,0.45,10.26,11.05,1.99,28.99,33.47,74.0,1001.0,5.22,278.0,Clouds,overcast clouds
angul,2026-07-17 11:13:30.481580,2,185.91,0.18,2.81,33.44,0.45,10.54,11.37,1.9,28.65,33.03,76.0,1001.0,4.98,273.0,Clouds,overcast clouds
angul,2026-07-17 13:00:28.800384,2,206.19,0.03,4.27,28.66,0.52,10.46,11.57,1.85,27.77,31.82,82.0,1002.0,2.33,262.0,Clouds,overcast clouds
angul,2026-07-17 14:44:54.433052,2,251.65,0.01,5.59,24.45,0.84,12.12,14.6,3.3,27.18,30.57,84.0,1003.0,2.13,247.0,Clouds,overcast clouds
angul,2026-07-17 16:07:24.997247,2,245.42,0.01,4.91,23.62,0.73,11.52,13.81,2.63,27.08,30.32,84.0,1004.0,2.07,247.0,Clouds,overcast clouds
angul,2026-07-17 17:56:54.692727,2,268.26,0.03,5.14,18.3,0.64,11.53,14.08,2.86,26.69,29.46,85.0,1003.0,1.63,227.0,Clouds,overcast clouds
angul,2026-07-17 18:55:57.268765,2,268.68,0.03,4.93,17.3,0.5,10.75,12.88,2.95,25.8,26.73,88.0,1003.0,1.85,238.0,Clouds,overcast clouds
angul,2026-07-17 19:57:28.759407,2,266.48,0.03,4.57,17.43,0.44,10.03,11.83,3.19,25.63,26.55,88.0,1003.0,1.51,231.0,Clouds,overcast clouds
angul,2026-07-17 20:45:56.730286,1,266.97,0.04,4.36,17.91,0.42,9.73,11.38,3.59,25.61,26.55,89.0,1002.0,1.05,252.0,Clouds,overcast clouds
angul,2026-07-17 21:40:34.933799,1,266.02,0.04,4.22,18.84,0.42,9.54,11.1,3.96,25.44,26.36,89.0,1002.0,1.43,271.0,Clouds,overcast clouds
angul,2026-07-17 22:37:39.140172,1,262.6,0.03,4.02,19.94,0.41,9.29,10.73,4.04,25.24,26.14,89.0,1002.0,1.69,277.0,Clouds,overcast clouds
angul,2026-07-17 23:41:35.306550,1,257.33,0.03,3.84,20.92,0.41,9.12,10.46,3.97,25.15,26.07,90.0,1002.0,1.64,272.0,Clouds,overcast clouds
angul,2026-07-18 01:19:54.843907,1,253.1,0.06,3.75,21.2,0.44,8.97,10.38,3.67,25.83,26.74,87.0,1003.0,1.89,281.0,Clouds,overcast clouds
angul,2026-07-18 04:37:38.277113,1,156.25,0.09,1.69,40.12,0.33,5.72,6.13,1.34,29.88,34.98,71.0,1004.0,3.35,266.0,Clouds,overcast clouds
angul,2026-07-18 06:52:21.691997,1,148.02,0.08,1.6,40.1,0.33,6.62,6.93,1.31,30.86,36.93,69.0,1002.0,4.35,273.0,Clouds,overcast clouds
angul,2026-07-18 08:30:35.897019,1,145.25,0.08,1.6,39.72,0.31,7.17,7.51,1.4,31.48,37.64,66.0,1000.0,4.57,267.0,Clouds,overcast clouds
angul,2026-07-18 10:08:22.318998,1,158.16,0.13,2.22,34.92,0.42,7.92,8.52,2.4,31.01,37.63,70.0,1000.0,4.53,267.0,Clouds,overcast clouds
angul,2026-07-18 11:43:23.537564,1,207.69,0.18,4.95,23.95,0.72,9.64,11.07,4.97,29.82,36.06,76.0,1000.0,3.49,257.0,Clouds,overcast clouds
angul,2026-07-18 12:46:13.427770,2,226.89,0.08,6.12,20.69,0.84,10.02,11.81,5.83,28.01,32.6,83.0,1001.0,3.74,241.0,Clouds,overcast clouds
angul,2026-07-18 14:14:42.726940,2,198.96,0.0,3.59,31.68,0.58,12.79,14.16,2.83,27.57,31.85,86.0,1001.0,2.94,231.0,Clouds,overcast clouds
angul,2026-07-18 15:43:26.438899,2,231.29,0.01,4.36,23.58,0.71,13.97,16.41,3.34,27.55,31.79,86.0,1003.0,1.55,248.0,Clouds,overcast clouds
angul,2026-07-18 16:42:48.789781,2,255.65,0.02,4.93,19.14,0.79,14.89,18.03,4.4,27.21,30.99,87.0,1004.0,2.3,266.0,Clouds,overcast clouds
angul,2026-07-18 17:45:30.183640,2,271.98,0.04,5.42,16.16,0.84,15.41,18.62,6.18,26.97,30.35,87.0,1003.0,2.25,283.0,Clouds,overcast clouds
angul,2026-07-18 18:43:58.412690,2,275.76,0.06,5.6,14.59,0.81,15.27,17.99,7.98,26.24,26.24,88.0,1003.0,2.54,276.0,Clouds,overcast clouds
angul,2026-07-18 19:58:12.024600,2,275.37,0.07,5.18,13.43,0.68,14.97,17.18,7.34,25.77,26.73,89.0,1002.0,2.51,281.0,Clouds,overcast clouds
angul,2026-07-18 20:41:38.554366,2,274.48,0.07,4.73,12.76,0.56,14.6,16.47,5.81,25.63,26.57,89.0,1002.0,1.98,274.0,Clouds,overcast clouds
angul,2026-07-18 21:39:11.156903,2,270.15,0.07,4.33,12.62,0.48,14.03,15.89,4.8,25.69,26.64,89.0,1002.0,1.38,256.0,Clouds,overcast clouds
angul,2026-07-18 22:37:26.808199,2,267.25,0.08,4.14,12.19,0.45,13.4,15.24,4.96,25.61,26.55,89.0,1002.0,1.26,251.0,Clouds,overcast clouds
angul,2026-07-18 23:41:30.205181,2,264.17,0.09,4.11,11.78,0.47,12.7,14.53,5.59,25.55,26.51,90.0,1003.0,0.97,280.0,Clouds,overcast clouds
angul,2026-07-19 01:25:50.508356,2,263.9,0.28,3.97,11.39,0.52,11.99,13.94,5.76,25.78,26.69,87.0,1003.0,1.16,268.0,Clouds,overcast clouds
angul,2026-07-19 04:59:28.220789,1,167.23,0.21,1.52,36.87,0.25,6.7,7.24,1.73,27.77,31.12,77.0,1005.0,1.4,254.0,Clouds,overcast clouds
angul,2026-07-19 07:26:14.654353,1,166.43,0.15,1.61,40.7,0.32,8.03,8.62,2.14,30.35,34.65,65.0,1003.0,1.88,250.0,Clouds,overcast clouds
angul,2026-07-19 09:43:05.417082,2,204.74,0.22,2.13,42.09,0.51,17.14,18.29,3.08,31.14,35.4,61.0,1001.0,1.38,282.0,Clouds,broken clouds
angul,2026-07-19 11:03:11.302582,2,205.04,0.15,2.37,39.9,0.49,17.42,18.41,2.42,31.02,35.93,64.0,1001.0,1.3,295.0,Clouds,overcast clouds
angul,2026-07-19 12:49:25.094090,2,205.74,0.01,3.4,33.51,0.51,15.92,16.88,1.95,29.54,34.84,74.0,1002.0,1.46,214.0,Clouds,overcast clouds
angul,2026-07-19 14:19:08.178960,2,322.58,0.0,11.04,22.86,1.94,13.82,17.13,15.72,29.08,34.1,76.0,1002.0,1.58,203.0,Clouds,overcast clouds
angul,2026-07-19 15:44:40.003297,2,359.42,0.0,12.08,19.59,2.44,16.93,20.95,20.58,28.23,32.68,80.0,1004.0,1.76,177.0,Clouds,overcast clouds
angul,2026-07-19 16:42:48.484179,2,375.96,0.0,12.54,19.02,2.61,18.36,22.03,22.8,27.83,31.97,82.0,1004.0,1.97,174.0,Clouds,overcast clouds
angul,2026-07-19 17:47:03.529427,2,386.63,0.01,12.85,18.52,2.63,19.27,22.56,24.64,27.47,31.31,84.0,1003.0,1.07,216.0,Rain,light rain
angul,2026-07-19 18:46:56.784518,2,386.88,0.01,12.81,17.89,2.48,19.23,21.83,26.12,27.45,31.14,83.0,1003.0,0.87,214.0,Clouds,overcast clouds
angul,2026-07-19 20:01:10.344101,2,389.47,0.01,12.71,16.91,2.42,19.13,21.35,27.7,27.17,30.55,84.0,1002.0,0.63,233.0,Rain,light rain
angul,2026-07-19 21:40:23.205567,2,391.24,0.02,12.25,14.71,2.28,18.78,20.63,30.1,26.84,29.91,86.0,1002.0,0.68,252.0,Clouds,overcast clouds
angul,2026-07-19 22:40:07.310096,2,378.45,0.03,11.17,13.66,2.03,17.82,19.5,28.39,26.72,29.61,86.0,1002.0,0.8,271.0,Clouds,overcast clouds
angul,2026-07-19 23:45:30.914773,2,362.28,0.05,9.54,12.51,1.63,16.46,18.0,23.1,26.62,26.62,87.0,1002.0,0.86,281.0,Clouds,overcast clouds
angul,2026-07-20 01:55:28.450219,2,350.0,0.72,6.45,10.3,1.05,13.07,15.68,8.51,28.26,32.42,78.0,1004.0,1.77,316.0,Clouds,overcast clouds
angul,2026-07-20 05:28:27.517688,1,192.61,0.22,2.29,28.5,0.41,4.54,5.44,2.61,31.34,37.89,68.0,1004.0,3.17,277.0,Clouds,overcast clouds
angul,2026-07-20 08:36:21.869455,2,213.93,0.24,2.57,31.23,0.54,10.24,11.45,2.49,31.96,38.23,64.0,1002.0,3.51,265.0,Rain,light rain
angul,2026-07-20 11:34:37.236789,2,285.0,0.32,6.6,23.09,1.0,15.24,17.56,6.25,30.2,36.58,74.0,1001.0,1.83,260.0,Rain,light rain
angul,2026-07-20 13:45:19.431260,2,294.63,0.02,7.61,16.93,1.18,11.95,14.91,6.86,28.1,32.51,81.0,1003.0,1.4,205.0,Rain,light rain
angul,2026-07-20 15:43:48.706826,2,346.56,0.04,9.79,13.53,1.84,14.27,18.18,12.27,28.08,32.3,80.0,1004.0,2.13,185.0,Rain,heavy intensity rain
angul,2026-07-20 17:18:43.966750,2,360.37,0.04,10.3,12.92,1.95,14.85,18.47,13.39,27.49,31.37,84.0,1004.0,2.11,182.0,Rain,moderate rain
angul,2026-07-20 19:22:53.617327,2,345.05,0.02,10.03,16.47,1.58,13.86,16.09,14.24,26.66,26.66,87.0,1003.0,1.69,170.0,Rain,light rain
angul,2026-07-20 20:59:32.608242,2,334.53,0.01,9.39,16.79,1.33,12.76,14.3,15.56,26.52,26.52,87.0,1002.0,1.5,132.0,Rain,moderate rain
angul,2026-07-20 21:59:09.273447,2,330.29,0.01,9.1,16.39,1.29,12.37,13.75,16.43,26.41,26.41,88.0,1002.0,0.56,86.0,Rain,moderate rain
angul,2026-07-20 22:58:53.667892,2,323.11,0.02,8.62,15.69,1.24,11.76,13.0,17.05,26.34,26.34,88.0,1002.0,0.59,358.0,Rain,light rain
angul,2026-07-20 23:55:13.910087,2,314.25,0.03,7.95,14.64,1.15,11.06,12.21,16.5,26.38,26.38,88.0,1003.0,1.13,330.0,Clouds,overcast clouds
angul,2026-07-21 01:25:28.782008,2,309.67,0.13,6.88,12.75,0.97,10.06,11.37,12.07,27.02,30.17,84.0,1003.0,1.25,313.0,Clouds,overcast clouds
angul,2026-07-21 04:57:19.496572,1,167.33,0.14,2.27,28.5,0.32,2.87,3.47,1.84,26.4,26.4,89.0,1004.0,1.52,327.0,Clouds,overcast clouds
angul,2026-07-21 07:29:08.474448,1,164.93,0.12,2.38,28.61,0.38,3.43,4.09,1.96,27.35,31.0,84.0,1003.0,1.64,300.0,Clouds,overcast clouds
angul,2026-07-21 10:13:03.290776,2,218.79,0.55,3.0,28.09,0.65,10.8,12.17,3.1,27.01,30.35,86.0,1002.0,2.2,306.0,Rain,heavy intensity rain
angul,2026-07-21 12:18:15.047886,2,271.3,0.39,6.66,28.44,1.13,14.77,16.97,7.11,25.8,26.76,89.0,1002.0,2.16,264.0,Rain,light rain
angul,2026-07-21 14:54:10.321113,2,277.1,0.03,5.81,17.55,0.89,13.9,16.61,4.25,25.01,26.02,94.0,1004.0,1.54,231.0,Rain,light rain
angul,2026-07-21 16:14:00.118268,2,287.6,0.05,5.86,15.71,0.9,14.27,17.14,4.32,24.9,25.93,95.0,1005.0,1.54,214.0,Rain,light rain
angul,2026-07-21 18:07:57.842497,2,299.61,0.1,5.88,12.69,0.75,14.7,17.48,4.23,24.7,25.71,95.0,1004.0,2.03,213.0,Rain,light rain
angul,2026-07-21 20:12:17.032812,2,278.53,0.09,4.91,12.82,0.5,13.79,15.63,4.37,24.27,25.23,95.0,1002.0,3.82,223.0,Rain,light rain
angul,2026-07-21 21:53:10.817132,2,264.12,0.07,4.32,14.05,0.48,13.44,15.17,4.9,24.12,25.09,96.0,1002.0,2.96,236.0,Rain,moderate rain
angul,2026-07-21 22:43:42.659310,2,255.27,0.06,4.02,14.38,0.42,13.19,14.92,4.04,24.34,25.31,95.0,1002.0,3.06,247.0,Rain,heavy intensity rain
angul,2026-07-21 23:47:01.724329,2,245.74,0.05,3.81,14.82,0.38,12.83,14.51,3.37,24.66,25.64,94.0,1002.0,2.59,261.0,Rain,light rain
angul,2026-07-22 01:24:06.771424,2,236.27,0.05,3.63,15.46,0.38,12.15,13.83,2.86,24.77,25.73,93.0,1003.0,2.83,258.0,Clouds,overcast clouds
angul,2026-07-22 04:56:56.291311,1,132.77,0.11,1.72,32.62,0.41,5.91,6.37,1.02,25.84,26.73,86.0,1005.0,2.74,238.0,Clouds,overcast clouds
angul,2026-07-22 07:30:29.011924,1,152.91,0.21,1.74,36.64,0.43,9.5,9.92,1.19,28.64,32.82,75.0,1003.0,4.45,241.0,Clouds,overcast clouds
angul,2026-07-22 10:12:55.374285,2,168.62,0.23,1.87,38.61,0.37,12.11,12.56,1.33,27.78,31.56,80.0,1002.0,3.14,238.0,Rain,light rain
angul,2026-07-22 12:20:36.978515,2,172.15,0.1,2.79,36.28,0.45,11.41,11.9,1.25,26.7,29.32,83.0,1003.0,1.91,229.0,Clouds,overcast clouds
angul,2026-07-22 14:54:24.331728,1,164.87,0.0,3.46,27.2,0.68,7.17,8.37,2.4,25.49,26.44,90.0,1005.0,1.08,217.0,Clouds,overcast clouds
angul,2026-07-22 16:13:19.520318,1,166.93,0.0,3.42,25.72,0.66,6.99,8.23,2.39,25.65,26.59,89.0,1005.0,0.48,206.0,Clouds,overcast clouds
angul,2026-07-22 18:00:52.829429,1,171.52,0.0,3.31,23.54,0.49,6.87,7.96,2.02,25.4,26.32,89.0,1005.0,1.14,142.0,Rain,light rain
angul,2026-07-22 20:05:19.065827,1,162.24,0.0,2.64,23.83,0.3,6.58,7.39,1.95,25.32,26.23,89.0,1003.0,1.16,166.0,Rain,light rain
angul,2026-07-22 21:55:41.225565,1,165.36,0.0,2.48,23.74,0.28,7.2,8.16,2.08,25.08,25.99,90.0,1003.0,1.35,195.0,Rain,light rain
angul,2026-07-22 22:52:26.440851,1,170.11,0.0,2.61,23.03,0.31,7.86,8.96,2.16,25.1,26.02,90.0,1003.0,1.28,196.0,Rain,light rain
angul,2026-07-22 23:53:32.279225,1,176.55,0.01,2.88,21.88,0.37,8.66,9.88,2.26,25.04,25.92,89.0,1004.0,1.42,196.0,Rain,light rain
angul,2026-07-23 01:44:00.921610,2,194.35,0.16,3.72,19.24,0.66,10.0,11.78,2.51,27.27,30.13,78.0,1005.0,2.09,218.0,Clouds,overcast clouds
angul,2026-07-23 05:14:38.232032,1,141.23,0.23,2.3,30.69,0.59,6.12,6.81,1.57,28.53,31.73,70.0,1005.0,2.6,224.0,Clouds,overcast clouds
angul,2026-07-23 08:08:43.404886,1,131.3,0.2,1.47,40.16,0.66,7.19,7.76,1.68,30.15,34.91,68.0,1003.0,5.33,249.0,Clouds,overcast clouds
angul,2026-07-23 10:58:04.357420,1,133.89,0.16,1.44,46.52,0.61,9.66,10.27,2.12,29.94,34.66,69.0,1003.0,4.48,259.0,Rain,light rain
angul,2026-07-23 12:21:16.200998,1,138.43,0.11,1.87,45.8,0.68,9.85,10.59,2.45,28.77,33.32,76.0,1003.0,3.06,252.0,Rain,light rain
angul,2026-07-23 14:59:53.031572,1,220.1,0.02,6.32,21.56,1.29,7.04,10.08,4.17,26.69,29.3,83.0,1005.0,1.82,265.0,Rain,light rain
angul,2026-07-23 16:26:18.544104,1,244.28,0.03,6.95,19.24,1.46,8.61,12.3,4.26,26.57,26.57,83.0,1005.0,2.08,270.0,Rain,light rain
angul,2026-07-23 18:06:31.351500,2,262.54,0.03,7.2,18.21,1.57,11.23,14.89,3.15,26.0,26.0,85.0,1005.0,1.36,235.0,Clouds,overcast clouds
angul,2026-07-23 20:07:06.217505,2,246.35,0.01,6.07,19.91,1.46,12.5,15.23,2.72,25.53,26.38,86.0,1003.0,1.29,242.0,Rain,light rain
angul,2026-07-23 21:55:23.977527,2,236.81,0.01,5.16,22.31,1.26,13.11,15.64,2.76,25.19,26.01,86.0,1003.0,1.32,235.0,Clouds,overcast clouds
angul,2026-07-23 22:45:27.693916,2,228.74,0.01,4.71,24.64,1.13,12.29,14.52,2.49,25.14,25.96,86.0,1003.0,1.09,237.0,Clouds,overcast clouds
angul,2026-07-23 23:48:38.256445,2,216.61,0.0,4.27,27.94,1.06,11.04,12.87,2.23,25.15,25.97,86.0,1003.0,1.02,217.0,Clouds,overcast clouds
angul,2026-07-24 01:28:15.725905,1,204.52,0.01,3.92,31.02,1.08,9.6,11.06,2.19,26.06,26.06,83.0,1004.0,1.21,215.0,Clouds,broken clouds
angul,2026-07-24 04:59:11.243419,1,139.78,0.11,1.66,43.09,0.71,3.98,4.76,2.13,30.37,34.22,63.0,1005.0,4.87,268.0,Clouds,overcast clouds
angul,2026-07-24 07:29:39.524737,1,145.01,0.14,1.91,36.14,0.61,3.95,4.8,2.79,29.59,33.42,67.0,1002.0,4.75,280.0,Clouds,overcast clouds
angul,2026-07-24 10:05:39.965981,1,208.91,0.38,5.31,31.95,1.14,6.87,8.85,7.63,30.99,36.13,65.0,1001.0,4.78,267.0,Rain,light rain
angul,2026-07-24 12:11:27.186989,1,222.09,0.15,6.27,26.6,0.93,7.48,9.46,5.5,29.1,33.74,74.0,1001.0,3.49,265.0,Clouds,overcast clouds
angul,2026-07-24 14:42:53.437041,1,222.44,0.04,5.59,15.78,1.01,7.7,10.66,3.35,27.25,30.64,83.0,1002.0,2.02,254.0,Rain,light rain
angul,2026-07-24 18:09:59.942187,1,249.9,0.11,5.3,11.46,0.81,8.88,12.56,3.45,26.19,26.19,86.0,1003.0,1.92,258.0,Rain,light rain
angul,2026-07-24 20:09:25.733656,1,224.08,0.05,4.09,12.74,0.47,7.14,9.15,2.87,26.21,26.21,87.0,1002.0,1.86,258.0,Rain,light rain
angul,2026-07-24 21:54:06.177590,1,182.24,0.02,2.86,16.69,0.29,4.35,5.19,2.02,25.99,25.99,87.0,1001.0,1.97,271.0,Clouds,overcast clouds
angul,2026-07-24 22:51:41.064653,1,169.99,0.01,2.52,18.44,0.25,3.49,4.13,1.9,25.78,26.69,87.0,1002.0,2.06,274.0,Clouds,overcast clouds
angul,2026-07-24 23:54:58.899101,1,165.29,0.01,2.37,19.29,0.24,3.16,3.72,1.86,25.59,26.5,88.0,1002.0,1.86,281.0,Clouds,overcast clouds
angul,2026-07-25 01:28:37.879143,1,166.19,0.03,2.41,18.96,0.26,3.17,3.78,1.87,26.2,26.2,85.0,1003.0,2.04,280.0,Clouds,overcast clouds
angul,2026-07-25 04:55:04.098865,1,157.62,0.26,2.0,24.92,0.42,3.35,4.15,1.77,30.93,35.99,65.0,1003.0,5.07,295.0,Clouds,broken clouds
angul,2026-07-25 07:09:09.941112,1,146.06,0.26,1.27,32.41,0.39,5.47,6.06,1.65,31.64,37.43,64.0,1001.0,5.29,282.0,Rain,moderate rain
angul,2026-07-25 09:26:05.442817,1,161.33,0.31,1.78,36.49,0.51,9.97,10.9,3.05,32.31,38.46,62.0,999.0,5.44,277.0,Rain,light rain
angul,2026-07-25 11:00:39.436347,1,163.73,0.19,2.53,32.99,0.48,9.99,10.89,2.84,28.69,33.5,78.0,999.0,4.47,284.0,Rain,moderate rain
angul,2026-07-25 12:03:53.622028,1,154.47,0.08,2.65,31.47,0.4,8.61,9.33,2.05,27.2,30.85,86.0,1000.0,3.26,263.0,Rain,moderate rain
angul,2026-07-25 14:27:03.985942,1,190.4,0.02,4.86,18.75,0.7,7.43,8.88,3.17,26.64,26.64,87.0,1001.0,3.99,268.0,Rain,light rain
angul,2026-07-25 15:56:46.159458,1,211.08,0.03,4.73,15.49,0.76,8.45,9.88,2.74,26.43,26.43,88.0,1001.0,3.78,268.0,Rain,very heavy rain
angul,2026-07-25 16:43:38.468087,1,223.66,0.04,4.76,13.52,0.77,9.06,10.48,2.69,26.4,26.4,87.0,1001.0,4.29,271.0,Rain,very heavy rain
angul,2026-07-25 17:48:25.730755,1,228.54,0.05,4.63,12.15,0.74,9.29,10.48,2.61,26.28,26.28,87.0,1001.0,4.37,275.0,Rain,heavy intensity rain
angul,2026-07-25 18:49:17.150883,1,223.64,0.04,4.26,11.41,0.67,9.08,9.91,2.47,26.76,29.54,84.0,1000.0,3.8,290.0,Clouds,overcast clouds
angul,2026-07-25 20:04:28.873662,1,215.99,0.04,3.85,11.17,0.62,8.79,9.43,2.34,26.49,26.49,85.0,999.0,3.28,291.0,Rain,heavy intensity rain
angul,2026-07-25 21:43:09.570976,1,193.48,0.03,3.23,12.66,0.52,7.41,7.89,2.02,26.34,26.34,85.0,999.0,3.18,296.0,Rain,light rain
angul,2026-07-25 22:42:53.518903,1,179.46,0.02,3.0,13.93,0.46,6.02,6.45,1.78,26.01,26.01,88.0,999.0,3.3,287.0,Rain,light rain
angul,2026-07-25 23:49:56.236914,1,168.54,0.02,2.85,14.87,0.4,4.92,5.32,1.63,25.74,26.67,88.0,999.0,2.29,300.0,Clouds,overcast clouds
angul,2026-07-26 01:42:29.264725,1,161.89,0.18,2.88,15.55,0.44,3.92,4.63,1.79,27.03,30.2,84.0,1001.0,3.15,291.0,Rain,light rain
angul,2026-07-26 05:20:13.471640,1,189.19,0.79,3.86,27.49,0.97,6.49,8.01,5.64,30.54,36.39,70.0,1001.0,4.16,337.0,Rain,moderate rain
angul,2026-07-26 08:05:01.417179,2,216.19,0.18,4.93,42.18,1.14,12.34,13.8,7.78,31.18,37.47,68.0,998.0,4.47,307.0,Rain,light rain
angul,2026-07-26 10:27:17.172221,1,183.8,0.16,3.19,29.58,0.56,9.62,10.26,2.22,29.97,36.22,75.0,997.0,4.58,291.0,Rain,light rain
angul,2026-07-26 11:54:03.258493,1,202.38,0.12,4.38,21.34,0.6,9.49,10.37,2.44,28.1,32.84,83.0,997.0,4.27,293.0,Clouds,overcast clouds
angul,2026-07-26 12:54:42.017548,1,210.02,0.05,5.07,18.66,0.62,9.29,10.31,2.76,27.49,31.5,85.0,998.0,3.3,292.0,Rain,moderate rain
angul,2026-07-26 14:22:59.001927,2,268.5,0.0,8.2,23.63,1.31,12.47,14.54,9.86,27.19,30.71,85.0,999.0,3.04,280.0,Rain,light rain
angul,2026-07-26 15:53:41.007109,2,237.43,0.01,5.53,20.67,0.75,10.95,12.35,3.44,27.09,30.35,84.0,1000.0,3.0,278.0,Rain,light rain
angul,2026-07-26 16:44:43.228374,2,239.41,0.01,5.27,19.75,0.68,11.02,12.47,2.86,26.83,29.71,84.0,1000.0,2.97,280.0,Clouds,overcast clouds
angul,2026-07-26 17:54:18.365610,2,238.23,0.02,5.04,19.44,0.59,10.75,12.1,2.81,26.04,26.04,90.0,1000.0,3.06,272.0,Rain,light rain
angul,2026-07-26 18:54:00.608678,2,231.62,0.02,4.69,19.12,0.5,10.25,11.34,2.98,25.81,26.82,91.0,999.0,2.87,274.0,Rain,light rain
angul,2026-07-26 20:04:06.854692,2,229.94,0.02,4.45,18.03,0.52,10.06,11.14,3.49,25.56,26.55,91.0,998.0,2.56,273.0,Rain,light rain
angul,2026-07-26 21:47:24.789222,1,230.56,0.02,4.23,15.77,0.57,9.86,10.99,4.43,24.84,25.81,93.0,998.0,2.76,283.0,Clouds,overcast clouds
angul,2026-07-26 22:48:40.254618,1,226.61,0.03,3.91,15.32,0.47,9.07,10.07,3.11,24.99,25.95,92.0,998.0,2.7,271.0,Rain,moderate rain
angul,2026-07-26 23:51:12.963252,1,217.3,0.02,3.57,16.0,0.38,7.98,8.8,2.13,25.03,25.94,90.0,999.0,2.64,276.0,Clouds,overcast clouds
angul,2026-07-27 01:49:29.557480,1,184.99,0.19,2.83,20.41,0.37,4.59,5.28,1.33,27.7,31.5,81.0,1000.0,3.15,285.0,Clouds,overcast clouds
angul,2026-07-27 05:38:15.944130,1,159.04,0.28,2.19,30.38,0.48,4.44,5.11,1.67,32.52,38.32,60.0,999.0,3.98,313.0,Rain,light rain
angul,2026-07-27 09:25:35.997665,1,166.7,0.06,2.94,29.63,0.53,5.01,5.65,2.3,31.88,37.4,62.0,997.0,4.63,302.0,Rain,heavy intensity rain
angul,2026-07-27 12:48:59.831398,1,220.18,0.08,5.55,17.53,0.66,6.86,8.13,2.62,28.16,32.5,80.0,998.0,2.34,274.0,Clouds,overcast clouds
angul,2026-07-27 15:36:07.325544,1,236.83,0.02,5.08,21.04,0.74,5.58,7.84,3.98,27.68,31.59,82.0,999.0,1.5,265.0,Rain,moderate rain
angul,2026-07-27 17:28:22.339373,1,246.53,0.02,4.93,22.03,0.75,6.03,8.55,4.03,27.15,30.5,84.0,999.0,1.66,284.0,Rain,moderate rain
angul,2026-07-27 19:09:06.135102,1,236.56,0.01,4.15,24.2,0.47,5.81,7.66,3.73,26.01,26.01,90.0,998.0,3.34,259.0,Rain,light rain
angul,2026-07-27 21:00:45.195626,1,220.09,0.01,3.4,23.08,0.38,5.13,6.5,3.89,25.8,26.79,90.0,996.0,4.25,260.0,Rain,light rain
angul,2026-07-27 22:09:41.619483,1,212.48,0.01,3.18,22.02,0.36,4.75,5.98,3.68,25.85,26.81,89.0,996.0,4.34,261.0,Rain,moderate rain
angul,2026-07-27 23:54:22.297391,1,184.15,0.0,2.57,23.53,0.26,3.28,4.02,2.4,26.11,26.11,86.0,996.0,4.2,259.0,Rain,moderate rain
angul,2026-07-28 01:23:40.859001,1,163.53,0.01,2.2,26.7,0.24,2.32,2.86,1.89,25.58,26.52,89.0,998.0,4.51,245.0,Rain,light rain
angul,2026-07-28 04:52:44.772795,1,153.0,0.19,2.43,29.51,0.38,2.52,3.2,1.78,28.54,32.94,77.0,998.0,5.43,273.0,Rain,moderate rain
angul,2026-07-28 07:30:45.492931,1,188.41,0.43,3.7,34.55,0.77,5.75,6.96,4.99,26.86,29.87,85.0,995.0,7.22,265.0,Rain,light rain
angul,2026-07-28 10:22:04.366482,2,237.75,0.55,5.53,44.17,1.22,10.88,12.86,9.28,26.31,26.31,86.0,994.0,6.5,260.0,Rain,moderate rain
angul,2026-07-28 12:29:34.058550,2,224.92,0.21,5.83,36.3,0.88,10.56,12.09,6.7,25.24,26.17,90.0,994.0,6.86,260.0,Rain,light rain
angul,2026-07-28 15:10:26.297996,2,189.07,0.0,3.31,32.19,0.37,10.02,10.85,1.33,24.37,25.32,94.0,995.0,6.48,244.0,Rain,heavy intensity rain
angul,2026-07-28 17:16:43.549071,2,193.73,0.0,3.07,31.78,0.33,10.85,11.66,1.25,24.63,25.6,94.0,996.0,6.09,228.0,Rain,light rain
angul,2026-07-28 19:04:20.415337,1,187.4,0.0,3.03,29.03,0.22,9.07,9.46,1.05,24.86,25.83,93.0,995.0,4.38,195.0,Rain,moderate rain
angul,2026-07-28 20:57:18.485073,1,186.07,0.0,3.17,24.41,0.23,7.36,7.66,1.02,25.19,26.09,89.0,994.0,5.49,205.0,Clouds,overcast clouds
angul,2026-07-28 21:57:04.847854,1,186.59,0.0,3.28,22.86,0.27,6.78,7.09,1.05,24.57,25.51,93.0,994.0,4.04,199.0,Rain,light rain
angul,2026-07-28 22:52:19.972895,1,185.79,0.0,3.35,22.18,0.31,6.1,6.41,1.06,24.71,25.64,92.0,995.0,3.53,198.0,Rain,light rain
angul,2026-07-28 23:49:41.020435,1,184.15,0.0,3.37,22.18,0.35,5.58,5.89,1.05,24.63,25.55,92.0,995.0,3.41,184.0,Rain,light rain
angul,2026-07-29 01:24:16.306614,1,183.16,0.02,3.43,22.34,0.45,5.4,5.79,1.11,24.61,25.53,92.0,996.0,2.78,161.0,Rain,light rain
angul,2026-07-29 04:57:42.118936,1,170.63,0.29,3.55,26.36,0.73,5.81,6.31,1.14,27.82,31.51,79.0,997.0,3.36,173.0,Rain,light rain
angul,2026-07-29 07:39:16.366911,1,174.14,0.29,2.93,30.52,0.5,7.28,7.61,1.17,30.75,35.83,66.0,994.0,7.66,179.0,Rain,light rain
angul,2026-07-29 10:27:52.653892,2,179.56,0.25,2.38,38.19,0.36,10.18,10.58,1.43,26.99,29.72,80.0,995.0,5.74,185.0,Clouds,broken clouds
angul,2026-07-29 12:54:31.580791,2,187.66,0.01,3.81,36.31,0.48,10.27,11.03,2.04,26.94,29.88,83.0,996.0,0.93,218.0,Rain,light rain
angul,2026-07-29 15:03:38.827112,2,258.21,0.0,6.93,29.43,1.81,23.13,24.45,1.64,26.55,26.55,84.0,998.0,0.58,184.0,Rain,light rain
angul,2026-07-29 17:02:46.721387,2,268.94,0.0,7.05,24.31,1.81,22.53,24.22,1.77,26.17,26.17,84.0,998.0,0.97,125.0,Clouds,overcast clouds
angul,2026-07-29 18:53:33.180359,2,265.22,0.0,7.13,19.87,1.43,19.2,20.44,1.75,25.48,26.41,89.0,997.0,1.2,104.0,Clouds,scattered clouds
angul,2026-07-29 20:07:07.008173,2,260.38,0.01,6.9,18.71,1.33,17.31,18.32,1.8,25.24,26.2,91.0,996.0,1.43,122.0,Clouds,scattered clouds
angul,2026-07-29 21:45:51.874063,2,253.42,0.01,6.49,17.39,1.4,15.52,16.43,2.06,25.0,25.96,92.0,996.0,2.14,135.0,Clouds,broken clouds
angul,2026-07-29 22:47:02.280987,2,251.48,0.01,6.43,16.76,1.66,15.4,16.41,2.13,24.92,25.87,92.0,996.0,2.05,132.0,Clouds,broken clouds
angul,2026-07-29 23:52:28.780878,2,248.53,0.01,6.45,16.07,1.94,15.48,16.65,2.15,25.04,26.0,92.0,996.0,1.93,122.0,Clouds,broken clouds
angul,2026-07-30 01:17:27.630508,2,246.78,0.1,6.38,15.51,2.07,15.34,16.75,2.15,25.64,26.64,91.0,997.0,2.01,123.0,Clouds,overcast clouds
angul,2026-07-30 04:46:09.218138,2,213.03,0.9,4.22,41.32,2.71,15.68,16.99,1.82,30.83,36.57,68.0,998.0,3.39,133.0,Clouds,overcast clouds
angul,2026-07-30 07:26:17.432831,3,205.04,0.25,2.09,67.83,2.32,28.14,29.05,1.51,32.01,37.72,62.0,997.0,4.66,164.0,Clouds,overcast clouds
angul,2026-07-30 10:10:53.513318,3,208.81,0.18,1.94,68.47,1.85,30.48,31.57,2.01,29.99,36.27,75.0,996.0,5.39,155.0,Rain,moderate rain
angul,2026-07-30 12:22:31.456079,3,266.48,0.34,5.59,59.95,2.7,32.42,34.89,6.45,28.33,33.47,83.0,996.0,5.9,149.0,Rain,moderate rain
angul,2026-07-30 15:00:34.062848,2,182.74,0.0,3.99,50.41,2.59,13.88,16.39,1.92,26.4,26.4,92.0,999.0,4.14,154.0,Rain,light rain
angul,2026-07-30 16:27:59.576552,2,184.54,0.0,4.35,48.03,2.8,13.38,16.3,1.97,26.49,26.49,90.0,999.0,3.6,156.0,Rain,moderate rain
angul,2026-07-30 18:08:40.917047,2,197.8,0.0,5.25,37.37,3.12,12.88,16.57,2.23,25.71,26.76,93.0,999.0,4.09,144.0,Rain,light rain
angul,2026-07-30 20:11:05.604899,2,210.07,0.0,5.88,25.7,3.04,12.72,16.39,2.49,25.44,26.47,93.0,999.0,3.57,151.0,Rain,moderate rain
angul,2026-07-30 21:57:51.675202,2,223.16,0.01,6.3,18.14,2.94,12.95,16.57,2.99,25.26,26.27,93.0,999.0,2.71,149.0,Rain,light rain
angul,2026-07-30 22:59:51.895538,2,231.85,0.02,6.44,15.32,2.78,13.19,16.81,3.23,25.24,26.27,94.0,999.0,2.28,149.0,Clouds,overcast clouds
angul,2026-07-31 00:01:42.371017,2,241.4,0.06,6.58,13.2,2.57,13.41,17.07,3.53,25.25,26.31,95.0,1000.0,3.32,144.0,Rain,light rain
angul,2026-07-31 04:15:48.403976,2,185.94,0.84,3.4,42.41,2.87,14.21,16.53,1.91,30.06,36.2,74.0,1001.0,1.81,145.0,Rain,moderate rain
angul,2026-07-31 07:44:10.309400,2,162.77,0.13,1.26,71.03,1.83,21.88,22.87,1.42,33.29,39.89,59.0,999.0,3.05,184.0,Clouds,broken clouds
angul,2026-07-31 10:26:59.131104,2,170.56,0.08,1.64,69.42,1.93,21.24,21.99,1.51,32.56,39.1,62.0,998.0,4.13,159.0,Rain,light rain
angul,2026-07-31 12:50:07.954542,2,197.79,0.01,3.25,58.46,1.9,22.41,23.67,1.99,27.81,32.67,87.0,1000.0,4.13,154.0,Rain,moderate rain
angul,2026-07-31 15:12:21.877486,2,238.06,0.0,6.51,38.39,2.73,21.95,25.11,2.61,26.78,30.21,91.0,1002.0,2.78,135.0,Rain,moderate rain
angul,2026-07-31 17:17:11.430335,2,240.55,0.0,6.96,30.98,3.08,19.72,23.75,2.27,26.2,26.2,93.0,1002.0,2.82,131.0,Rain,light rain
angul,2026-07-31 19:05:32.473979,2,232.48,0.0,6.77,25.61,3.11,18.34,22.62,2.23,26.06,26.06,94.0,1002.0,1.24,137.0,Clouds,overcast clouds
angul,2026-07-31 20:51:42.379919,2,238.3,0.02,6.44,18.21,2.93,19.47,24.58,3.03,25.69,26.8,95.0,1000.0,0.41,37.0,Rain,light rain
angul,2026-07-31 21:55:56.371961,2,242.58,0.03,6.35,15.8,2.84,20.15,25.6,3.45,25.45,26.53,95.0,1000.0,0.77,332.0,Rain,moderate rain
angul,2026-07-31 22:50:23.415136,2,246.03,0.04,6.31,14.06,2.74,20.74,26.42,3.44,25.85,26.92,93.0,1001.0,0.88,321.0,Rain,moderate rain
angul,2026-07-31 23:52:12.207528,2,248.14,0.06,6.32,12.72,2.61,21.2,27.0,3.34,26.21,26.21,90.0,1001.0,0.56,294.0,Rain,moderate rain
angul,2026-08-01 01:45:34.462505,2,247.65,0.92,5.11,12.8,2.35,20.45,26.67,2.44,28.97,33.82,76.0,1002.0,1.44,268.0,Clouds,overcast clouds
angul,2026-08-01 05:16:59.466137,2,158.08,0.53,2.37,40.53,2.11,14.06,16.53,1.4,31.34,36.98,65.0,1002.0,2.69,266.0,Rain,light rain
angul,2026-08-01 08:00:29.421626,2,150.97,0.19,0.97,52.89,1.07,19.26,20.71,1.34,32.49,38.92,62.0,1000.0,2.11,237.0,Rain,light rain
angul,2026-08-01 10:03:19.816635,2,168.32,0.24,1.84,45.87,1.01,19.92,21.49,2.3,32.24,38.96,64.0,999.0,2.95,229.0,Rain,heavy intensity rain
angul,2026-08-01 11:54:37.408332,2,214.43,0.33,4.24,30.84,1.06,21.59,23.88,3.78,30.14,36.96,76.0,1000.0,0.72,186.0,Rain,heavy intensity rain
angul,2026-08-01 12:53:05.133925,2,234.15,0.07,6.02,27.4,1.27,21.62,24.25,5.26,29.34,35.23,78.0,1000.0,1.42,169.0,Rain,moderate rain
angul,2026-08-01 14:20:43.237087,2,269.73,0.0,7.44,21.24,1.31,13.95,16.72,5.43,28.79,34.16,80.0,1001.0,1.29,182.0,Rain,light rain
angul,2026-08-01 15:51:23.267910,2,303.69,0.01,7.49,14.53,1.41,15.76,19.18,6.49,28.56,33.36,79.0,1003.0,1.27,197.0,Clouds,overcast clouds
angul,2026-08-01 16:45:43.364562,2,316.67,0.02,7.88,13.77,1.58,16.89,20.43,8.03,28.32,32.91,80.0,1003.0,1.26,226.0,Rain,light rain
angul,2026-08-01 17:50:44.375120,2,325.64,0.02,8.43,13.47,1.68,17.87,21.11,9.67,28.05,32.38,81.0,1002.0,0.77,209.0,Clouds,overcast clouds
angul,2026-08-01 18:52:00.460304,2,326.93,0.02,8.73,13.51,1.64,18.18,20.79,10.9,27.61,31.41,82.0,1002.0,0.94,243.0,Clouds,overcast clouds
angul,2026-08-01 20:04:16.148703,2,327.58,0.02,8.57,12.45,1.53,18.06,20.24,11.66,27.44,31.11,83.0,1002.0,1.14,253.0,Clouds,overcast clouds
angul,2026-08-01 21:43:08.580390,2,328.98,0.04,7.4,9.34,1.14,18.02,19.6,9.62,27.08,30.32,84.0,1001.0,1.59,244.0,Clouds,overcast clouds
angul,2026-08-01 22:43:09.042868,2,325.62,0.06,6.46,7.9,0.83,16.85,18.15,6.13,26.88,29.92,85.0,1002.0,1.48,254.0,Clouds,overcast clouds
angul,2026-08-01 23:46:40.752160,2,318.55,0.08,5.69,7.27,0.63,15.71,16.79,3.71,26.64,26.64,85.0,1002.0,1.16,265.0,Clouds,overcast clouds
angul,2026-08-02 01:30:55.549327,2,286.32,0.56,4.04,10.19,0.58,13.13,14.53,1.95,28.77,33.51,77.0,1004.0,1.86,283.0,Clouds,broken clouds
angul,2026-08-02 05:15:35.011262,1,199.42,0.24,2.32,26.59,0.43,8.07,8.94,1.34,31.79,37.8,64.0,1004.0,3.37,283.0,Rain,light rain
angul,2026-08-02 08:02:08.603084,1,180.35,0.18,1.71,33.58,0.4,9.04,9.94,1.8,33.29,40.27,60.0,1001.0,2.91,268.0,Rain,moderate rain
angul,2026-08-02 10:24:08.315501,2,202.78,0.22,2.06,38.19,0.54,16.87,18.2,2.64,32.91,39.91,62.0,1000.0,2.78,265.0,Rain,moderate rain
angul,2026-08-02 11:52:45.815100,2,230.06,0.11,3.85,32.76,0.77,21.59,23.36,3.37,31.36,38.36,73.0,1001.0,2.03,255.0,Clouds,overcast clouds
angul,2026-08-02 12:54:30.406221,2,245.46,0.03,4.91,28.35,0.92,22.81,24.94,3.96,29.94,36.14,75.0,1001.0,2.09,236.0,Rain,light rain
angul,2026-08-02 14:22:50.599237,2,282.55,0.01,6.17,18.02,0.96,15.64,18.44,4.2,29.25,34.76,77.0,1002.0,2.1,236.0,Clouds,overcast clouds
angul,2026-08-02 15:51:45.534884,2,300.26,0.05,5.86,11.69,0.99,16.43,20.4,4.27,28.73,33.8,79.0,1003.0,1.96,239.0,Clouds,overcast clouds
angul,2026-08-02 16:44:31.530914,2,308.36,0.07,5.79,10.26,1.0,17.01,21.4,4.7,28.54,33.3,79.0,1003.0,1.92,237.0,Rain,light rain
angul,2026-08-02 17:51:50.228612,2,307.58,0.1,5.67,9.58,0.93,16.76,20.9,5.23,28.5,33.2,79.0,1003.0,1.63,226.0,Clouds,overcast clouds
angul,2026-08-02 18:52:10.433220,2,296.45,0.1,5.33,9.61,0.78,15.48,18.66,5.55,28.54,33.12,78.0,1002.0,1.36,230.0,Clouds,overcast clouds
angul,2026-08-02 20:04:30.705794,2,289.58,0.1,5.06,9.11,0.72,14.53,17.11,5.83,28.07,32.12,79.0,1002.0,1.24,236.0,Clouds,overcast clouds
angul,2026-08-02 21:43:39.410521,2,288.73,0.1,5.05,8.18,0.71,14.03,15.81,7.14,27.66,31.27,80.0,1002.0,1.45,262.0,Clouds,overcast clouds
angul,2026-08-02 22:44:03.633197,2,291.01,0.09,5.48,8.11,0.79,13.68,15.24,8.58,27.45,30.89,81.0,1002.0,1.33,257.0,Clouds,overcast clouds
angul,2026-08-02 23:48:43.348565,2,295.83,0.1,5.92,8.27,0.88,13.34,14.84,9.75,27.28,30.6,82.0,1003.0,1.68,273.0,Clouds,overcast clouds
angul,2026-08-03 01:31:07.325297,2,298.62,0.77,6.03,10.62,1.21,12.11,14.42,9.52,29.46,34.86,75.0,1004.0,1.87,292.0,Clouds,overcast clouds
angul,2026-08-03 05:29:42.645056,1,187.06,0.25,1.9,33.02,0.53,7.58,8.73,1.8,32.18,39.14,65.0,1004.0,2.79,294.0,Rain,light rain
angul,2026-08-03 08:59:07.429808,2,226.12,0.28,2.93,31.03,0.75,16.02,18.03,2.85,33.34,39.65,58.0,1002.0,2.09,266.0,Clouds,broken clouds
angul,2026-08-03 12:19:15.537006,2,234.23,0.15,3.97,22.18,0.65,14.81,16.58,1.82,32.36,39.36,66.0,1002.0,1.13,246.0,Rain,light rain
angul,2026-08-03 15:36:20.767995,2,303.96,0.03,9.46,12.5,2.1,13.32,18.13,10.31,29.29,34.42,75.0,1004.0,1.59,241.0,Clouds,overcast clouds
angul,2026-08-03 17:45:28.034710,2,321.46,0.06,8.59,10.05,1.83,15.11,19.2,9.93,28.48,32.97,78.0,1004.0,1.64,221.0,Clouds,overcast clouds
angul,2026-08-03 19:16:32.755236,2,310.81,0.07,7.48,10.02,1.42,14.72,17.95,8.86,28.08,32.3,80.0,1004.0,1.29,219.0,Rain,light rain
angul,2026-08-03 20:53:28.101011,2,297.27,0.07,6.66,9.34,1.22,13.82,16.37,10.44,27.76,31.51,80.0,1003.0,1.34,208.0,Clouds,overcast clouds
angul,2026-08-03 21:57:19.989967,2,289.78,0.07,6.34,9.39,1.14,13.08,15.27,10.84,27.43,30.84,81.0,1003.0,1.55,203.0,Rain,light rain
angul,2026-08-03 22:55:02.021955,2,278.77,0.08,5.47,9.19,0.91,12.21,14.07,9.09,27.28,30.6,82.0,1003.0,1.46,204.0,Rain,light rain
angul,2026-08-03 23:59:04.395690,2,271.29,0.1,4.72,8.51,0.69,11.55,13.16,6.44,27.23,30.48,82.0,1004.0,1.24,218.0,Rain,light rain
angul,2026-08-04 02:12:16.041080,2,275.73,0.56,4.16,6.73,0.69,11.36,13.76,3.26,29.14,34.25,76.0,1005.0,1.04,254.0,Clouds,overcast clouds
angul,2026-08-04 05:37:28.879847,1,179.65,0.19,1.89,31.55,0.44,6.96,7.91,1.39,33.42,40.42,60.0,1004.0,2.15,290.0,Rain,light rain
angul,2026-08-04 08:15:24.923337,2,214.67,0.3,2.81,26.21,0.65,11.13,12.95,2.66,34.54,41.54,56.0,1003.0,2.18,258.0,Rain,light rain
angul,2026-08-04 11:14:32.536936,2,274.48,0.35,6.79,25.39,1.32,14.88,17.86,6.83,33.41,40.41,63.0,1001.0,1.02,298.0,Rain,heavy intensity rain
angul,2026-08-04 13:43:01.717574,2,324.36,0.01,9.27,18.87,1.79,18.73,23.05,8.23,29.68,35.93,77.0,1003.0,1.82,218.0,Rain,light rain
angul,2026-08-04 16:05:08.270955,2,361.85,0.02,8.85,14.11,2.08,23.82,29.53,9.16,29.3,35.35,79.0,1004.0,1.53,209.0,Clouds,overcast clouds
angul,2026-08-04 18:21:47.472233,3,380.5,0.02,8.78,12.06,2.05,27.91,32.99,10.31,28.66,34.01,81.0,1003.0,1.64,223.0,Clouds,overcast clouds
angul,2026-08-04 20:17:11.823114,3,357.61,0.03,6.92,9.38,1.25,26.55,30.17,7.93,27.7,31.64,82.0,1002.0,1.47,198.0,Clouds,overcast clouds
angul,2026-08-04 22:02:37.197022,3,333.08,0.04,4.99,8.3,0.69,25.45,27.74,4.82,27.48,31.09,82.0,1001.0,0.91,222.0,Rain,light rain
angul,2026-08-04 23:53:34.823864,2,324.32,0.07,5.2,7.08,0.83,24.19,26.13,8.04,27.49,31.24,83.0,1002.0,1.13,256.0,Clouds,overcast clouds
angul,2026-08-05 01:25:27.715860,2,328.35,0.2,5.7,6.75,1.04,22.75,24.96,9.76,28.01,32.28,81.0,1002.0,1.06,253.0,Rain,light rain
angul,2026-08-05 04:53:39.936753,1,183.79,0.11,1.98,30.58,0.42,8.01,8.96,1.49,30.58,36.49,70.0,1003.0,2.11,264.0,Rain,moderate rain
angul,2026-08-05 07:31:12.557148,1,194.86,0.2,2.48,26.22,0.52,8.43,9.65,1.88,30.94,36.85,68.0,1001.0,2.97,267.0,Clouds,overcast clouds
angul,2026-08-05 10:23:20.620697,2,230.34,0.26,3.69,24.13,0.7,12.61,14.34,2.64,29.97,35.96,74.0,1000.0,2.1,257.0,Rain,light rain
angul,2026-08-05 12:46:17.010578,2,309.04,0.05,9.61,16.04,1.52,17.24,20.32,6.72,28.54,33.68,81.0,1001.0,1.66,262.0,Clouds,overcast clouds
angul,2026-08-05 15:06:48.066009,2,314.42,0.05,7.56,12.59,1.41,18.14,22.36,6.06,28.15,32.81,82.0,1003.0,1.55,252.0,Rain,moderate rain
angul,2026-08-05 17:17:41.553412,2,353.57,0.08,8.12,8.42,1.62,20.55,25.04,7.13,28.01,32.28,81.0,1003.0,1.59,237.0,Rain,heavy intensity rain
angul,2026-08-05 19:11:28.592777,2,325.47,0.03,5.96,9.85,0.89,18.44,21.03,4.38,27.43,31.09,83.0,1002.0,1.73,264.0,Rain,heavy intensity rain
angul,2026-08-05 20:55:31.638549,2,308.04,0.02,5.68,11.89,0.96,16.38,18.39,7.71,26.88,29.92,85.0,1001.0,1.67,274.0,Rain,very heavy rain
angul,2026-08-05 22:04:42.310027,2,307.04,0.02,5.81,12.36,1.02,15.4,17.25,9.33,26.55,26.55,86.0,1001.0,1.58,279.0,Rain,heavy intensity rain
angul,2026-08-05 23:45:58.219988,2,297.1,0.03,5.6,10.37,0.99,13.01,14.57,10.76,26.5,26.5,87.0,1001.0,1.19,279.0,Clouds,overcast clouds
angul,2026-08-06 01:22:44.590980,2,293.59,0.14,4.99,8.43,0.86,11.84,13.58,8.01,27.3,30.88,84.0,1002.0,1.06,270.0,Clouds,overcast clouds
angul,2026-08-06 04:53:55.028953,1,204.35,0.18,2.09,31.65,0.37,5.84,6.77,1.32,30.46,36.73,72.0,1003.0,2.61,283.0,Rain,moderate rain
angul,2026-08-06 07:31:33.981846,1,225.36,0.22,3.24,22.6,0.59,7.45,9.16,2.55,28.73,34.0,80.0,1001.0,2.03,310.0,Rain,light rain
angul,2026-08-06 10:25:22.844155,2,276.11,0.23,6.09,23.64,1.17,11.02,13.98,5.93,27.94,32.73,85.0,1000.0,1.44,323.0,Rain,light rain
angul,2026-08-06 12:50:21.858749,2,343.44,0.06,11.67,21.16,1.88,14.01,17.63,9.51,26.23,26.23,94.0,1001.0,1.65,135.0,Rain,light rain
angul,2026-08-06 15:05:11.542042,2,308.27,0.02,5.45,15.72,0.85,14.66,17.35,2.44,26.26,26.26,93.0,1002.0,1.59,146.0,Rain,light rain
angul,2026-08-06 23:48:08.543423,2,274.68,0.05,3.91,10.38,0.55,10.64,11.97,4.3,25.3,26.37,95.0,1000.0,1.75,266.0,Rain,light rain
angul,2026-08-07 02:02:03.285656,1,275.3,0.26,3.94,11.62,0.64,9.67,11.54,2.9,25.5,26.51,92.0,1001.0,2.04,242.0,Rain,moderate rain
angul,2026-08-07 04:46:30.327962,1,220.44,0.3,2.07,28.44,0.41,7.47,8.57,1.43,26.07,26.07,91.0,1002.0,0.91,276.0,Rain,light rain
angul,2026-08-07 06:03:46.617853,1,212.01,0.22,1.73,32.8,0.38,8.03,8.99,1.36,25.89,26.91,91.0,1002.0,1.23,267.0,Clouds,overcast clouds
angul,2026-08-07 08:05:06.580937,1,181.71,0.11,1.35,41.35,0.29,7.89,8.4,0.9,26.13,26.13,89.0,1000.0,2.35,243.0,Clouds,overcast clouds
angul,2026-08-07 09:48:51.146781,1,177.65,0.12,1.56,43.37,0.36,9.77,10.37,1.13,27.87,31.49,78.0,999.0,2.95,261.0,Clouds,overcast clouds
angul,2026-08-07 10:41:10.012654,2,188.91,0.12,2.12,39.59,0.46,11.19,12.07,1.46,26.98,30.08,84.0,999.0,2.5,258.0,Clouds,overcast clouds
angul,2026-08-07 11:37:04.512514,2,203.09,0.06,2.91,35.84,0.55,12.27,13.37,1.49,26.46,26.46,87.0,999.0,2.07,267.0,Clouds,overcast clouds
angul,2026-08-07 12:37:12.338923,2,220.17,0.01,3.75,30.93,0.65,13.41,14.91,1.65,26.2,26.2,88.0,1000.0,1.41,246.0,Clouds,overcast clouds
angul,2026-08-07 14:04:21.913504,2,297.9,0.0,5.26,26.19,1.02,21.29,23.87,3.56,25.81,26.8,90.0,1001.0,1.2,228.0,Rain,light rain
angul,2026-08-07 15:42:42.225359,2,331.68,0.0,6.87,22.45,1.75,21.32,25.05,7.86,25.72,26.7,90.0,1002.0,1.16,188.0,Rain,light rain
angul,2026-08-07 16:40:03.942496,2,349.51,0.0,7.7,20.72,2.05,21.86,25.83,10.02,25.75,26.73,90.0,1002.0,1.36,186.0,Rain,light rain
angul,2026-08-07 17:39:14.162479,2,358.79,0.01,8.34,19.0,2.12,22.18,25.81,11.76,25.58,26.54,90.0,1002.0,1.1,188.0,Rain,light rain
angul,2026-08-07 18:37:39.396898,2,355.45,0.01,8.35,17.66,1.95,21.78,24.55,12.86,25.85,26.81,89.0,1001.0,1.05,261.0,Rain,moderate rain
angul,2026-08-07 19:42:48.757681,2,344.39,0.01,7.77,16.81,1.71,20.99,23.07,13.26,25.89,26.81,87.0,1001.0,1.16,274.0,Rain,light rain
angul,2026-08-07 20:27:48.795876,2,344.39,0.01,7.77,16.81,1.71,20.99,23.07,13.26,25.87,26.78,87.0,1001.0,1.16,274.0,Rain,light rain
angul,2026-08-07 21:27:35.352698,2,332.49,0.01,6.88,16.05,1.39,20.02,21.61,12.07,25.73,26.66,88.0,1000.0,0.89,298.0,Clouds,overcast clouds
angul,2026-08-07 22:23:52.242111,2,316.7,0.02,5.61,15.51,0.94,18.7,19.94,8.49,25.49,26.42,89.0,1000.0,0.36,350.0,Clouds,overcast clouds
angul,2026-08-07 23:23:50.666638,2,303.37,0.02,4.88,14.65,0.74,17.25,18.26,7.3,25.33,26.27,90.0,1001.0,0.21,53.0,Clouds,overcast clouds
angul,2026-08-08 00:45:32.356690,2,294.1,0.07,4.61,13.27,0.71,15.13,16.16,7.23,26.26,26.26,87.0,1001.0,0.33,141.0,Rain,light rain
angul,2026-08-08 02:48:53.735464,2,290.6,0.4,4.24,13.2,0.71,13.14,15.05,4.24,28.25,32.4,78.0,1002.0,0.83,162.0,Clouds,overcast clouds
angul,2026-08-08 04:02:55.432087,1,195.88,0.13,2.19,28.47,0.35,6.14,6.87,1.53,29.28,34.4,75.0,1002.0,1.08,133.0,Rain,light rain
angul,2026-08-08 05:34:22.661890,1,162.94,0.14,1.4,37.51,0.26,4.84,5.27,0.93,30.32,35.32,68.0,1001.0,1.51,217.0,Rain,moderate rain
angul,2026-08-08 06:32:13.019308,1,163.68,0.13,1.33,38.94,0.27,5.72,6.17,1.02,30.36,35.41,68.0,1001.0,2.86,258.0,Rain,light rain
angul,2026-08-08 07:39:55.299537,1,168.71,0.14,1.38,37.25,0.3,7.04,7.58,1.23,30.75,36.37,68.0,1000.0,2.8,251.0,Rain,light rain
angul,2026-08-08 08:26:29.048870,1,168.71,0.14,1.38,37.25,0.3,7.04,7.58,1.23,30.68,36.47,69.0,1000.0,2.8,251.0,Rain,light rain
angul,2026-08-08 09:26:06.612872,1,174.26,0.15,1.48,35.77,0.32,8.38,9.0,1.26,30.94,36.85,68.0,1000.0,2.2,232.0,Rain,light rain
angul,2026-08-08 10:19:42.669755,1,176.69,0.13,1.62,34.54,0.33,9.18,9.82,1.24,31.21,37.25,67.0,999.0,2.11,216.0,Clouds,overcast clouds
angul,2026-08-08 11:19:17.679039,1,177.83,0.1,1.86,34.14,0.35,9.44,10.09,1.24,30.75,36.94,70.0,999.0,2.1,210.0,Rain,heavy intensity rain
angul,2026-08-08 12:22:47.649105,1,177.8,0.06,2.18,33.99,0.37,9.43,10.07,1.25,29.7,35.99,77.0,1000.0,1.14,188.0,Rain,heavy intensity rain
angul,2026-08-08 13:37:00.491165,2,259.13,0.0,6.7,22.23,1.24,14.01,16.32,5.99,27.09,30.45,85.0,1001.0,0.93,192.0,Rain,moderate rain
angul,2026-08-08 14:22:07.422845,2,259.13,0.0,6.7,22.23,1.24,14.01,16.32,5.99,27.07,30.4,85.0,1001.0,0.93,192.0,Rain,light rain
angul,2026-08-08 15:18:11.930655,2,273.76,0.0,7.31,22.26,1.46,13.68,16.29,7.46,27.06,30.38,85.0,1002.0,1.04,185.0,Rain,moderate rain
angul,2026-08-08 16:18:50.798307,2,284.58,0.0,7.65,23.33,1.62,13.6,16.29,9.03,26.92,30.12,86.0,1003.0,1.35,186.0,Rain,moderate rain
angul,2026-08-08 17:19:44.558748,2,291.92,0.0,7.84,23.45,1.72,13.94,16.62,10.33,26.88,30.02,86.0,1003.0,1.09,210.0,Rain,moderate rain
angul,2026-08-08 18:20:59.319209,2,290.35,0.01,7.61,22.12,1.59,13.83,16.17,10.67,26.38,26.38,87.0,1003.0,1.65,161.0,Rain,light rain
angul,2026-08-08 19:20:43.371453,2,279.3,0.01,6.44,19.42,1.13,12.9,14.71,8.67,26.15,26.15,89.0,1002.0,1.2,167.0,Rain,light rain
angul,2026-08-08 20:15:56.011631,2,271.38,0.01,5.49,17.22,0.86,12.34,13.83,7.31,26.03,26.03,90.0,1002.0,0.58,191.0,Rain,light rain
angul,2026-08-08 21:19:02.706363,2,266.66,0.02,4.92,15.57,0.72,11.94,13.24,6.66,25.67,26.64,90.0,1001.0,0.51,252.0,Rain,moderate rain
angul,2026-08-08 22:16:13.828195,2,262.48,0.02,4.53,14.25,0.64,11.42,12.57,6.44,25.76,26.74,90.0,1001.0,0.33,331.0,Rain,moderate rain
angul,2026-08-08 23:17:12.933081,2,258.84,0.02,4.36,13.32,0.62,10.78,11.83,7.0,26.08,26.08,91.0,1002.0,0.87,351.0,Rain,light rain
angul,2026-08-09 00:49:15.340816,1,258.34,0.16,4.54,12.16,0.76,9.76,11.04,8.57,26.42,26.42,89.0,1002.0,1.04,346.0,Clouds,overcast clouds
angul,2026-08-09 02:56:06.754106,1,252.32,1.25,2.77,14.91,0.63,8.99,10.82,4.01,27.32,30.93,84.0,1003.0,1.08,335.0,Rain,light rain
angul,2026-08-09 04:10:01.164984,1,172.74,0.27,1.57,31.13,0.26,5.07,5.64,1.14,27.8,31.89,82.0,1003.0,1.29,303.0,Rain,light rain
angul,2026-08-09 05:40:05.704926,1,148.24,0.12,1.2,38.26,0.18,4.92,5.24,0.65,28.84,33.89,78.0,1002.0,1.51,268.0,Rain,light rain
angul,2026-08-09 06:36:05.336152,1,152.01,0.13,1.35,36.19,0.23,5.48,5.91,0.97,30.03,36.38,75.0,1001.0,1.53,277.0,Clouds,overcast clouds
angul,2026-08-09 07:43:59.025276,1,162.31,0.16,1.59,32.27,0.3,6.69,7.35,1.4,29.75,35.62,75.0,1000.0,1.65,276.0,Rain,light rain
angul,2026-08-09 08:29:00.228852,1,162.31,0.16,1.59,32.27,0.3,6.69,7.35,1.4,29.75,35.62,75.0,1000.0,1.65,276.0,Rain,light rain
angul,2026-08-09 09:28:03.713751,1,173.47,0.16,1.81,30.29,0.36,8.0,8.83,1.64,29.44,35.27,77.0,1000.0,1.82,278.0,Clouds,overcast clouds
angul,2026-08-09 10:21:19.475376,1,187.63,0.2,2.28,26.88,0.42,9.32,10.41,2.05,28.94,34.57,80.0,1000.0,1.45,278.0,Clouds,overcast clouds
angul,2026-08-09 11:19:57.654395,2,210.23,0.24,3.36,24.71,0.57,10.98,12.49,3.05,28.66,34.41,83.0,1000.0,0.74,255.0,Rain,moderate rain
angul,2026-08-09 12:25:10.829736,2,235.97,0.19,5.19,25.77,0.84,12.76,14.71,4.88,28.5,33.95,83.0,1000.0,1.81,56.0,Rain,moderate rain
angul,2026-08-09 13:40:31.637699,2,248.82,0.01,7.84,20.02,1.27,11.26,13.79,7.84,25.41,26.51,96.0,1002.0,1.46,136.0,Rain,moderate rain
angul,2026-08-09 14:23:26.820909,2,248.82,0.01,7.84,20.02,1.27,11.26,13.79,7.84,25.41,26.51,96.0,1002.0,1.46,136.0,Rain,moderate rain
angul,2026-08-09 15:19:59.737828,2,249.34,0.01,6.83,18.16,1.15,10.75,13.2,6.68,25.47,26.61,97.0,1003.0,0.63,200.0,Rain,moderate rain
angul,2026-08-09 16:20:35.025123,2,243.46,0.02,5.46,17.1,0.85,10.04,12.1,4.32,25.5,26.64,97.0,1003.0,1.05,248.0,Rain,moderate rain
angul,2026-08-09 17:20:50.605831,1,241.25,0.03,4.89,15.96,0.73,9.68,11.87,3.63,25.63,26.76,96.0,1003.0,1.22,251.0,Rain,light rain
angul,2026-08-09 18:22:51.103331,1,237.19,0.04,4.56,15.05,0.61,9.24,11.26,3.39,25.57,26.64,94.0,1003.0,1.57,253.0,Rain,moderate rain
angul,2026-08-09 19:24:44.151801,1,227.67,0.03,4.12,14.78,0.47,8.52,10.14,3.07,25.32,26.41,96.0,1003.0,1.6,272.0,Clouds,overcast clouds
angul,2026-08-09 20:18:48.162417,1,219.25,0.02,3.68,15.03,0.42,7.89,9.3,2.65,25.17,26.25,96.0,1002.0,1.27,276.0,Rain,light rain
angul,2026-08-09 21:20:34.291603,1,211.5,0.02,3.3,15.59,0.38,7.3,8.54,2.29,25.18,26.26,96.0,1002.0,0.66,264.0,Rain,light rain
angul,2026-08-09 22:18:11.897271,1,203.17,0.02,2.97,16.3,0.34,6.52,7.59,1.97,25.17,26.25,96.0,1001.0,1.07,297.0,Clouds,overcast clouds
angul,2026-08-09 23:19:07.844594,1,196.44,0.02,2.73,16.38,0.3,5.67,6.63,1.83,25.09,26.16,96.0,1002.0,1.04,307.0,Clouds,overcast clouds
angul,2026-08-10 00:51:50.335050,1,194.11,0.05,2.8,14.87,0.35,4.86,5.93,1.83,26.0,26.0,92.0,1003.0,0.93,270.0,Clouds,overcast clouds
angul,2026-08-10 03:05:30.772694,1,198.58,0.55,3.08,16.17,0.57,4.42,6.1,2.13,28.11,32.54,81.0,1004.0,2.74,301.0,Clouds,overcast clouds
angul,2026-08-10 05:14:38.415065,1,164.81,0.36,1.97,28.63,0.52,4.78,6.19,1.77,29.06,34.26,77.0,1003.0,3.4,271.0,Clouds,overcast clouds
angul,2026-08-10 07:06:20.703431,1,127.88,0.14,1.04,39.89,0.4,6.16,6.8,0.89,31.27,37.71,68.0,1002.0,3.21,277.0,Rain,moderate rain
angul,2026-08-10 09:05:39.003280,1,115.23,0.07,0.97,44.99,0.37,6.39,6.8,0.7,31.74,38.31,66.0,1000.0,4.88,266.0,Rain,light rain
angul,2026-08-10 10:56:13.654349,1,126.17,0.07,1.58,43.32,0.46,6.3,6.92,1.14,29.72,35.79,76.0,1000.0,3.47,260.0,Clouds,overcast clouds
angul,2026-08-10 11:41:55.461880,1,137.5,0.05,2.2,41.34,0.6,6.88,7.71,1.27,28.54,33.87,82.0,1000.0,1.69,257.0,Rain,heavy intensity rain
angul,2026-08-10 12:41:10.625029,1,164.29,0.01,3.82,35.51,0.91,8.36,9.88,2.48,26.19,26.19,94.0,1001.0,0.75,141.0,Rain,heavy intensity rain
angul,2026-08-10 14:11:37.880651,1,217.87,0.02,5.58,17.82,0.99,9.01,11.52,3.45,26.12,26.12,95.0,1002.0,1.11,230.0,Clouds,overcast clouds
angul,2026-08-10 15:48:10.108848,1,235.27,0.04,4.73,14.28,0.91,9.08,12.33,2.91,26.27,26.27,93.0,1003.0,1.93,277.0,Clouds,overcast clouds
angul,2026-08-10 16:41:29.921754,1,241.72,0.05,4.47,13.68,0.88,9.12,12.69,2.92,26.26,26.26,92.0,1003.0,0.99,275.0,Clouds,overcast clouds
angul,2026-08-10 17:42:19.760818,1,238.28,0.05,4.16,14.01,0.72,8.63,11.95,2.8,26.25,26.25,92.0,1003.0,0.88,334.0,Clouds,overcast clouds
angul,2026-08-10 18:40:40.602160,1,226.23,0.04,3.64,14.94,0.52,7.71,10.4,2.68,25.89,26.94,92.0,1002.0,0.92,299.0,Rain,light rain
angul,2026-08-10 19:46:42.523994,1,219.84,0.03,3.2,15.11,0.45,7.13,9.52,2.8,25.79,26.83,92.0,1001.0,0.99,264.0,Rain,light rain
angul,2026-08-10 20:30:18.805706,1,216.47,0.04,2.92,15.05,0.42,6.85,9.11,2.97,25.6,26.62,92.0,1001.0,1.36,286.0,Clouds,overcast clouds
angul,2026-08-10 21:30:45.743926,1,213.16,0.04,2.71,15.32,0.42,6.74,8.92,3.07,25.5,26.51,92.0,1001.0,1.72,303.0,Clouds,overcast clouds
angul,2026-08-10 22:25:15.048715,1,213.16,0.04,2.71,15.32,0.42,6.74,8.92,3.07,25.5,26.53,93.0,1001.0,1.72,303.0,Clouds,overcast clouds
angul,2026-08-10 23:24:29.688322,1,208.89,0.04,2.53,15.89,0.43,6.92,9.05,3.1,25.26,26.27,93.0,1001.0,1.55,302.0,Clouds,broken clouds
angul,2026-08-11 00:51:26.149249,1,209.31,0.16,2.54,16.48,0.55,8.21,10.71,3.01,25.92,26.92,90.0,1003.0,1.37,273.0,Clouds,scattered clouds
angul,2026-08-11 02:58:41.457268,2,231.67,1.2,2.71,17.93,0.82,10.35,13.93,2.57,28.7,33.15,76.0,1003.0,3.92,283.0,Clouds,broken clouds
angul,2026-08-11 04:16:59.561636,1,145.26,0.14,1.31,41.95,0.7,8.56,9.98,0.73,29.57,34.68,73.0,1003.0,4.24,286.0,Clouds,broken clouds
angul,2026-08-11 05:45:38.341917,1,119.72,0.06,0.79,49.67,0.6,4.8,5.44,0.46,31.15,37.1,67.0,1002.0,4.51,279.0,Rain,light rain
angul,2026-08-11 06:44:35.875884,1,115.53,0.05,0.73,50.26,0.53,3.44,3.89,0.44,31.66,38.42,67.0,1001.0,4.67,278.0,Rain,light rain
angul,2026-08-11 08:01:49.169893,1,115.08,0.05,0.79,49.28,0.49,2.81,3.19,0.51,31.57,38.18,67.0,1000.0,4.87,280.0,Rain,light rain
angul,2026-08-11 09:48:42.143800,1,124.83,0.05,1.25,46.34,0.54,2.82,3.27,0.76,31.48,37.33,65.0,999.0,4.92,279.0,Clouds,overcast clouds
angul,2026-08-11 10:40:42.745291,1,138.25,0.06,1.88,42.91,0.68,3.82,4.46,1.09,30.89,37.3,70.0,999.0,4.18,273.0,Clouds,overcast clouds
angul,2026-08-11 11:35:53.862731,1,155.45,0.05,2.76,40.14,0.88,5.54,6.45,1.29,29.66,35.38,75.0,1000.0,2.64,268.0,Clouds,overcast clouds
angul,2026-08-11 12:38:26.622924,1,180.23,0.01,3.92,34.83,1.19,8.35,9.77,1.48,28.49,32.82,77.0,1000.0,2.32,244.0,Clouds,overcast clouds
angul,2026-08-11 14:11:03.532283,2,240.25,0.0,6.17,27.27,1.29,12.31,16.28,3.78,27.96,31.55,77.0,1002.0,1.89,234.0,Clouds,overcast clouds
angul,2026-08-11 15:48:24.868247,2,268.63,0.02,5.64,18.1,1.21,13.8,19.06,3.01,27.7,30.96,77.0,1003.0,1.51,254.0,Clouds,overcast clouds
angul,2026-08-11 16:44:37.901155,2,268.8,0.02,5.15,17.55,1.12,13.85,18.97,2.69,27.54,30.61,77.0,1003.0,2.08,247.0,Clouds,overcast clouds
angul,2026-08-11 17:47:07.916570,2,247.54,0.01,4.39,20.16,0.95,12.25,16.27,2.32,27.26,30.22,79.0,1002.0,1.91,244.0,Clouds,overcast clouds
angul,2026-08-11 18:44:22.840770,2,226.27,0.01,3.7,21.43,0.73,10.3,13.22,2.14,27.03,30.1,83.0,1002.0,0.91,197.0,Rain,light rain
angul,2026-08-11 19:53:19.652654,1,225.78,0.01,3.47,18.95,0.58,9.65,12.23,2.3,27.02,30.08,83.0,1001.0,1.09,233.0,Rain,moderate rain
angul,2026-08-11 20:32:53.206994,1,226.8,0.02,3.27,16.93,0.5,9.33,11.75,2.46,26.78,29.59,84.0,1001.0,1.54,252.0,Rain,light rain
angul,2026-08-11 21:34:25.674085,1,226.38,0.03,3.11,15.66,0.46,9.09,11.41,2.62,26.59,26.59,84.0,1001.0,2.03,253.0,Rain,light rain
angul,2026-08-11 22:30:37.847947,1,225.19,0.04,3.0,15.43,0.43,8.89,11.17,2.87,26.1,26.1,87.0,1002.0,2.13,254.0,Rain,light rain
angul,2026-08-11 23:28:43.681077,1,225.19,0.04,3.0,15.43,0.43,8.89,11.17,2.87,26.11,26.11,87.0,1002.0,2.13,254.0,Rain,light rain
angul,2026-08-12 00:57:42.840837,1,234.74,0.15,3.3,15.73,0.56,9.36,12.06,3.78,26.47,26.47,86.0,1003.0,1.58,277.0,Clouds,overcast clouds
angul,2026-08-12 03:20:18.100096,2,268.62,1.35,3.53,16.74,0.83,10.46,14.45,3.28,28.37,32.52,77.0,1004.0,1.69,286.0,Clouds,broken clouds
angul,2026-08-12 05:23:16.090035,1,199.2,0.09,2.62,29.79,0.55,7.35,9.3,1.87,31.21,36.66,65.0,1003.0,2.95,268.0,Clouds,broken clouds
angul,2026-08-12 07:05:11.405141,1,160.28,0.02,1.64,41.88,0.47,5.67,6.75,1.18,30.67,36.45,69.0,1002.0,3.41,271.0,Rain,moderate rain
angul,2026-08-12 08:59:29.130084,1,144.12,0.02,1.52,42.29,0.48,4.68,5.35,0.92,30.17,35.97,72.0,1001.0,2.81,262.0,Rain,moderate rain
angul,2026-08-12 10:02:39.667684,1,151.39,0.02,1.95,38.57,0.58,4.99,5.78,1.22,30.43,36.65,72.0,1001.0,3.02,260.0,Rain,light rain
angul,2026-08-12 11:38:06.948298,1,183.13,0.04,3.94,30.05,0.89,6.54,7.99,2.27,29.63,36.04,78.0,1001.0,1.79,260.0,Rain,moderate rain
angul,2026-08-12 12:41:14.768757,1,209.59,0.02,5.74,27.15,1.24,8.1,10.28,3.75,28.39,33.28,81.0,1002.0,1.77,230.0,Clouds,overcast clouds
angul,2026-08-12 14:12:05.726449,2,252.96,0.0,5.77,27.26,1.35,16.85,21.02,3.55,27.95,32.13,81.0,1003.0,1.57,229.0,Clouds,overcast clouds
angul,2026-08-12 15:48:07.067863,2,288.15,0.01,6.3,18.31,1.56,18.16,23.92,4.78,27.72,31.55,81.0,1004.0,1.42,213.0,Clouds,overcast clouds
angul,2026-08-12 16:44:44.729315,2,293.63,0.02,5.82,16.0,1.33,18.02,23.78,3.69,27.74,31.74,82.0,1004.0,1.47,228.0,Clouds,overcast clouds
angul,2026-08-12 17:48:49.198572,2,280.48,0.02,5.07,15.48,1.0,16.15,21.05,2.62,27.55,31.26,82.0,1004.0,1.8,247.0,Clouds,overcast clouds
angul,2026-08-12 18:45:14.033149,2,250.52,0.01,4.03,16.02,0.69,12.6,15.84,1.85,27.28,30.37,80.0,1004.0,1.68,257.0,Rain,light rain
angul,2026-08-12 19:55:08.714411,1,232.18,0.01,3.33,15.73,0.48,9.92,12.07,1.71,26.91,29.81,83.0,1003.0,1.84,270.0,Rain,very heavy rain
angul,2026-08-12 20:31:28.986779,1,218.88,0.01,2.9,15.58,0.37,8.06,9.6,1.78,26.6,26.6,84.0,1003.0,2.82,269.0,Rain,very heavy rain
angul,2026-08-12 21:33:41.863373,1,211.16,0.02,2.68,15.53,0.31,6.78,8.02,1.98,26.39,26.39,86.0,1003.0,2.5,263.0,Rain,heavy intensity rain
angul,2026-08-12 22:28:37.861147,1,211.16,0.02,2.68,15.53,0.31,6.78,8.02,1.98,26.4,26.4,86.0,1003.0,2.5,263.0,Rain,heavy intensity rain
angul,2026-08-12 23:29:24.768519,1,209.16,0.02,2.63,14.68,0.3,6.1,7.26,2.24,26.17,26.17,88.0,1003.0,1.81,267.0,Rain,very heavy rain
angul,2026-08-13 00:58:51.780998,1,220.06,0.08,3.04,13.49,0.43,5.9,7.42,3.01,26.23,26.23,88.0,1004.0,1.95,292.0,Rain,moderate rain
angul,2026-08-13 03:25:11.130419,1,263.34,0.73,5.28,12.34,1.09,7.11,10.15,5.44,26.51,26.51,90.0,1004.0,2.62,309.0,Rain,heavy intensity rain
angul,2026-08-13 05:27:05.995390,1,264.87,0.85,4.67,17.15,0.98,7.66,10.71,4.11,27.97,32.18,81.0,1004.0,3.62,287.0,Rain,moderate rain
angul,2026-08-13 07:09:07.076982,1,175.84,0.24,1.48,36.54,0.31,7.21,7.9,1.05,27.58,31.74,85.0,1002.0,3.38,287.0,Rain,light rain
angul,2026-08-13 09:00:42.683943,1,175.01,0.14,2.09,37.4,0.41,8.94,9.8,1.76,28.19,32.92,82.0,1001.0,3.31,279.0,Clouds,overcast clouds
angul,2026-08-13 10:09:05.699901,1,180.35,0.13,2.56,37.73,0.49,8.86,9.92,2.32,28.11,32.87,83.0,1001.0,2.95,286.0,Rain,light rain
angul,2026-08-13 11:38:06.236244,1,200.39,0.08,4.33,34.9,0.68,8.29,10.02,3.26,27.23,31.04,87.0,1001.0,2.55,291.0,Clouds,overcast clouds
angul,2026-08-13 12:42:00.436466,1,221.7,0.02,5.65,31.86,0.85,8.76,11.16,3.75,26.7,29.81,89.0,1001.0,2.33,290.0,Rain,light rain
angul,2026-08-13 14:13:50.323320,1,249.72,0.01,6.56,27.79,1.1,9.78,13.22,4.47,26.67,29.81,90.0,1002.0,1.92,260.0,Clouds,overcast clouds
angul,2026-08-13 15:47:16.851808,1,238.29,0.02,5.08,21.12,0.96,8.65,12.15,2.73,26.45,26.45,90.0,1003.0,0.88,283.0,Clouds,overcast clouds
angul,2026-08-13 16:43:42.904205,1,243.07,0.02,4.82,20.12,0.94,8.99,12.63,2.61,26.37,26.37,90.0,1003.0,1.66,256.0,Clouds,overcast clouds
angul,2026-08-13 17:48:09.361482,1,238.83,0.02,4.51,19.43,0.83,9.15,12.52,2.44,26.09,26.09,89.0,1003.0,1.53,269.0,Clouds,overcast clouds
angul,2026-08-13 18:45:22.409299,1,227.62,0.01,4.0,18.76,0.68,9.06,11.87,2.24,25.82,26.83,91.0,1002.0,2.44,269.0,Clouds,overcast clouds
angul,2026-08-13 19:50:22.513057,1,217.8,0.01,3.52,18.1,0.57,8.97,11.37,2.07,25.59,26.61,92.0,1002.0,2.25,278.0,Rain,light rain
angul,2026-08-13 20:28:58.106458,1,217.8,0.01,3.52,18.1,0.57,8.97,11.37,2.07,25.64,26.66,92.0,1002.0,2.25,278.0,Rain,light rain
angul,2026-08-13 21:33:43.797878,1,200.18,0.01,2.86,18.27,0.5,8.39,10.18,1.83,25.21,26.21,93.0,1001.0,2.45,259.0,Rain,light rain
angul,2026-08-13 22:29:32.508038,1,200.18,0.01,2.86,18.27,0.5,8.39,10.18,1.83,25.18,26.18,93.0,1001.0,2.45,259.0,Clouds,overcast clouds
angul,2026-08-13 23:30:07.307295,1,194.19,0.02,2.72,19.12,0.48,7.31,8.88,2.12,25.06,26.05,93.0,1001.0,2.55,248.0,Clouds,overcast clouds
angul,2026-08-14 00:58:14.114475,1,197.64,0.05,2.94,19.15,0.56,6.73,8.38,2.21,25.81,26.82,91.0,1002.0,2.58,262.0,Rain,moderate rain
angul,2026-08-14 03:22:17.847727,1,203.34,0.4,3.43,22.66,0.72,5.25,7.08,1.98,27.25,30.75,84.0,1002.0,4.0,267.0,Clouds,overcast clouds
angul,2026-08-14 05:23:19.235339,1,143.12,0.12,1.89,38.47,0.4,2.21,2.58,0.61,29.94,35.88,74.0,1002.0,5.93,277.0,Clouds,overcast clouds
angul,2026-08-14 07:05:38.652495,1,143.42,0.13,1.72,40.88,0.38,3.23,3.56,0.73,30.0,36.04,74.0,1001.0,6.65,279.0,Rain,moderate rain
angul,2026-08-14 08:56:37.215615,1,158.72,0.18,2.02,38.43,0.44,5.77,6.38,1.24,30.35,36.17,71.0,999.0,6.59,281.0,Rain,moderate rain
angul,2026-08-14 09:52:31.609307,1,163.36,0.22,2.03,38.93,0.43,7.18,7.87,1.36,29.66,35.38,75.0,999.0,6.26,275.0,Rain,moderate rain
angul,2026-08-14 10:47:13.584268,1,165.69,0.14,2.36,37.68,0.4,7.85,8.55,1.33,28.78,33.93,79.0,999.0,4.93,274.0,Rain,light rain
angul,2026-08-14 11:35:50.539001,1,166.36,0.06,2.77,35.69,0.38,7.77,8.48,1.27,27.82,31.94,82.0,1000.0,4.25,270.0,Clouds,overcast clouds
angul,2026-08-14 12:37:43.753927,1,169.02,0.01,3.13,33.36,0.41,7.52,8.37,1.34,27.19,30.49,83.0,1001.0,3.75,267.0,Clouds,overcast clouds
angul,2026-08-14 14:07:39.314460,1,245.69,0.0,8.98,30.08,1.62,9.04,11.9,7.84,26.89,29.86,84.0,1002.0,3.78,261.0,Clouds,overcast clouds
angul,2026-08-14 15:40:56.568111,1,252.29,0.01,6.71,20.85,1.2,9.2,12.6,4.62,26.75,29.52,84.0,1002.0,2.91,260.0,Clouds,overcast clouds
angul,2026-08-14 16:39:16.668335,1,248.44,0.02,5.56,17.61,0.91,8.92,12.29,3.0,26.53,26.53,83.0,1002.0,2.88,269.0,Rain,light rain
angul,2026-08-14 17:43:29.812900,1,234.21,0.02,4.68,16.35,0.66,8.12,10.94,2.26,26.37,26.37,84.0,1002.0,2.07,255.0,Rain,light rain
angul,2026-08-14 18:39:14.385350,1,212.16,0.01,3.78,16.07,0.43,6.87,8.75,1.7,26.49,26.49,85.0,1002.0,2.22,264.0,Clouds,overcast clouds
angul,2026-08-14 19:41:08.809186,1,195.23,0.01,3.14,15.71,0.31,5.83,7.07,1.45,26.21,26.21,86.0,1001.0,2.11,261.0,Rain,light rain
angul,2026-08-14 20:20:26.192794,1,195.23,0.01,3.14,15.71,0.31,5.83,7.07,1.45,26.2,26.2,86.0,1001.0,2.11,261.0,Clouds,overcast clouds
angul,2026-08-14 21:14:39.725954,1,181.99,0.01,2.8,15.46,0.25,5.01,5.89,1.3,25.84,26.75,87.0,1001.0,2.15,265.0,Clouds,overcast clouds
angul,2026-08-14 22:11:16.663058,1,171.98,0.01,2.63,15.23,0.22,4.24,4.9,1.21,25.79,26.7,87.0,1001.0,2.0,271.0,Rain,light rain
angul,2026-08-14 23:11:23.598302,1,164.86,0.01,2.56,14.56,0.2,3.52,4.08,1.19,25.46,26.41,90.0,1001.0,1.6,271.0,Rain,light rain
angul,2026-08-15 00:34:22.375289,1,158.92,0.03,2.67,12.73,0.22,2.72,3.32,1.2,25.48,26.46,91.0,1002.0,1.41,287.0,Clouds,overcast clouds
baripada,2026-05-21 19:17:08.954232,5,615.07,0.0,18.85,76.65,9.99,88.75,115.8,16.8,,,,,,,,
baripada,2026-05-21 20:03:43.026183,5,615.07,0.0,18.85,76.65,9.99,88.75,115.8,16.8,,,,,,,,
baripada,2026-05-21 20:38:25.858769,5,684.89,0.0,19.97,67.71,9.33,91.72,119.95,18.11,,,,,,,,
baripada,2026-05-24 09:50:36.562105,4,242.06,0.14,1.92,143.53,7.85,74.32,103.93,3.63,,,,,,,,
baripada,2026-05-24 11:06:57.271679,4,258.32,0.14,3.11,129.32,7.18,72.61,101.67,5.12,,,,,,,,
baripada,2026-05-24 12:57:06.263841,4,281.35,0.01,5.87,96.15,5.68,62.61,89.23,6.57,,,,,,,,
baripada,2026-05-24 14:21:55.092958,3,250.11,0.0,5.06,85.56,8.47,46.9,70.89,4.95,,,,,,,,
baripada,2026-05-24 14:50:56.399476,5,237.46,0.12,1.35,150.54,8.15,75.34,104.09,2.72,,,,,,,,
baripada,2026-05-24 15:54:21.153281,3,280.57,0.0,5.8,68.44,6.61,44.89,66.42,3.92,,,,,,,,
baripada,2026-05-24 16:50:56.349257,3,284.82,0.0,5.72,64.32,5.08,44.95,66.97,3.6,,,,,,,,
baripada,2026-05-24 17:51:18.617552,3,280.76,0.0,5.38,62.82,4.23,45.29,68.03,3.36,,,,,,,,
baripada,2026-05-24 18:59:28.634894,3,270.84,0.0,4.82,63.23,3.5,45.69,69.47,3.22,,,,,,,,
baripada,2026-05-24 20:05:40.235112,3,268.67,0.0,4.56,63.68,3.19,45.88,70.71,3.26,,,,,,,,
baripada,2026-05-24 21:44:56.152855,3,270.75,0.0,4.33,65.56,3.11,45.22,70.53,3.45,,,,,,,,
baripada,2026-05-24 22:46:03.472645,3,271.33,0.0,4.29,67.3,3.27,45.24,70.95,3.53,,,,,,,,
baripada,2026-05-24 23:50:53.382110,3,271.16,0.0,4.27,69.54,3.45,44.46,70.18,3.59,,,,,,,,
baripada,2026-05-25 02:11:18.768907,3,274.97,0.22,4.71,74.9,4.17,41.6,66.1,4.15,,,,,,,,
baripada,2026-05-25 07:01:25.002361,4,258.63,0.17,1.46,139.36,6.01,58.85,82.13,4.62,,,,,,,,
baripada,2026-05-25 11:42:07.394143,4,253.18,0.1,4.22,118.18,6.14,55.59,80.93,5.44,,,,,,,,
baripada,2026-05-25 14:31:14.422209,4,364.44,0.0,9.4,67.43,6.86,54.34,78.04,5.88,,,,,,,,
baripada,2026-05-25 16:58:17.377113,4,351.54,0.0,8.32,64.25,4.67,54.17,80.13,4.17,,,,,,,,
baripada,2026-05-25 18:24:12.192884,4,318.83,0.0,7.07,66.49,4.27,52.87,79.26,3.55,,,,,,,,
baripada,2026-05-25 20:18:32.213329,3,248.65,0.0,4.36,72.8,3.69,46.48,72.31,2.8,29.11,34.18,76.0,1002.0,5.91,176.0,Clouds,scattered clouds
baripada,2026-05-25 22:01:07.076160,3,222.92,0.0,3.42,73.44,3.18,41.3,65.94,2.62,28.91,33.47,75.0,1002.0,5.56,181.0,Clouds,scattered clouds
baripada,2026-05-25 23:55:29.670068,3,217.54,0.0,3.32,72.53,3.16,37.7,61.08,2.71,28.47,32.94,78.0,1003.0,5.91,175.0,Clouds,few clouds
baripada,2026-05-26 00:46:46.869522,3,268.81,0.0,5.2,71.73,4.15,49.46,75.83,3.04,29.93,34.87,70.0,1003.0,6.04,178.0,Clouds,scattered clouds
baripada,2026-05-26 02:01:44.013676,3,231.29,0.22,4.11,71.72,3.95,37.99,61.78,3.22,34.05,39.93,54.0,1004.0,6.1,188.0,Clear,clear sky
baripada,2026-05-26 06:36:52.493573,4,237.28,0.21,1.79,143.01,9.75,68.2,98.03,2.7,43.76,45.67,21.0,1001.0,4.8,150.0,Clouds,scattered clouds
baripada,2026-05-26 10:40:28.726039,5,260.0,0.16,4.02,138.27,14.75,77.15,109.85,4.5,37.66,40.61,35.0,999.0,7.06,164.0,Clouds,broken clouds
baripada,2026-05-26 13:46:28.016088,4,344.62,0.0,7.75,105.04,8.54,74.92,103.06,5.76,33.23,34.85,43.0,1002.0,4.19,153.0,Clear,clear sky
baripada,2026-05-26 17:19:56.086567,4,354.01,0.0,7.03,87.99,6.05,74.22,105.14,4.54,30.19,35.51,70.0,1004.0,5.05,170.0,Clear,clear sky
baripada,2026-05-26 19:54:25.273374,4,302.0,0.0,4.91,79.1,3.95,68.19,98.87,3.11,28.8,34.82,83.0,1004.0,3.73,164.0,Clouds,scattered clouds
baripada,2026-05-26 21:27:42.275837,4,285.08,0.0,4.45,76.19,3.61,64.6,95.01,2.97,28.45,34.0,84.0,1004.0,3.28,172.0,Clouds,scattered clouds
baripada,2026-05-26 23:00:16.375422,4,260.99,0.0,3.91,73.81,3.39,57.42,87.21,2.78,27.74,32.32,86.0,1005.0,3.12,181.0,Clouds,few clouds
baripada,2026-05-27 00:07:17.118384,4,256.0,0.0,3.84,73.52,3.42,53.79,83.07,2.73,27.9,32.62,85.0,1005.0,3.21,180.0,Clouds,few clouds
baripada,2026-05-27 05:08:43.526351,4,283.17,0.34,2.59,122.4,8.27,72.12,103.69,3.75,39.69,45.34,36.0,1005.0,5.31,162.0,Clear,clear sky
baripada,2026-05-27 08:59:22.551127,5,250.32,0.16,1.9,170.19,14.21,84.18,116.52,2.59,37.54,38.05,28.0,1002.0,2.74,146.0,Rain,light rain
baripada,2026-05-27 12:20:45.716402,5,430.97,0.21,11.17,108.57,10.11,94.72,126.54,10.94,30.49,30.97,45.0,1001.0,5.59,168.0,Clouds,broken clouds
baripada,2026-05-27 16:32:30.926303,4,434.11,0.0,8.66,82.38,7.76,67.38,81.94,4.06,27.55,28.72,59.0,1005.0,4.03,97.0,Clouds,overcast clouds
baripada,2026-05-27 19:13:24.485575,4,468.93,0.0,9.37,70.17,4.95,70.22,85.22,5.8,27.1,28.52,64.0,1005.0,3.9,146.0,Clouds,overcast clouds
baripada,2026-05-27 21:45:00.273453,4,411.0,0.0,6.57,74.68,4.09,72.19,91.59,3.95,26.37,26.37,64.0,1004.0,3.93,186.0,Clouds,overcast clouds
baripada,2026-05-27 23:08:44.807041,4,404.81,0.0,6.35,73.49,3.71,73.55,94.87,4.27,27.06,28.23,61.0,1004.0,4.41,187.0,Clouds,broken clouds
baripada,2026-05-28 01:53:26.143862,5,424.31,0.49,7.24,74.08,4.17,77.96,106.59,5.35,31.17,33.11,51.0,1006.0,3.33,178.0,Clouds,overcast clouds
baripada,2026-05-28 06:01:29.319575,5,313.58,0.2,1.8,145.93,6.07,85.14,114.43,4.18,40.29,45.15,33.0,1004.0,6.0,162.0,Clouds,scattered clouds
baripada,2026-05-28 10:44:10.092540,4,259.77,0.16,3.27,124.01,5.92,59.41,84.8,5.65,35.3,41.81,51.0,1001.0,10.16,169.0,Clouds,scattered clouds
baripada,2026-05-28 14:27:54.424274,4,293.22,0.0,6.68,94.81,5.93,55.44,80.39,6.21,29.32,35.65,80.0,1004.0,7.29,160.0,Clear,clear sky
baripada,2026-05-28 17:55:50.738553,3,281.54,0.0,5.81,74.31,4.31,44.0,71.46,3.68,28.68,34.68,84.0,1007.0,5.53,163.0,Clouds,few clouds
baripada,2026-05-28 20:04:11.325135,3,258.63,0.0,4.73,75.53,3.58,43.23,70.04,3.09,27.97,32.81,85.0,1005.0,4.17,172.0,Clear,clear sky
baripada,2026-05-28 22:25:54.744577,3,258.58,0.0,4.39,78.04,3.44,48.59,77.46,3.36,27.65,31.93,85.0,1004.0,4.42,177.0,Clear,clear sky
baripada,2026-05-29 00:01:33.400892,4,275.93,0.0,4.84,78.07,3.74,52.64,83.28,4.47,27.39,31.23,85.0,1006.0,2.75,170.0,Clear,clear sky
baripada,2026-05-29 05:04:11.811302,4,269.14,0.29,3.55,107.42,5.68,57.08,82.59,3.27,36.87,41.75,42.0,1006.0,5.15,168.0,Clouds,broken clouds
baripada,2026-05-29 09:32:22.924714,4,250.22,0.16,2.56,118.24,7.08,61.85,83.28,3.39,37.94,44.22,42.0,1001.0,8.56,135.0,Clouds,few clouds
baripada,2026-05-29 12:40:00.125305,4,330.28,0.0,8.39,77.95,9.1,55.75,67.52,3.8,25.31,26.04,82.0,1006.0,6.9,314.0,Clouds,overcast clouds
baripada,2026-05-29 16:34:37.746809,4,455.01,0.0,11.52,59.25,5.51,63.64,78.6,5.03,25.3,25.74,71.0,1007.0,3.34,210.0,Clouds,overcast clouds
baripada,2026-05-29 19:26:37.476527,4,442.11,0.0,10.18,56.66,4.59,66.15,80.89,4.32,26.03,26.03,68.0,1005.0,2.33,209.0,Clouds,overcast clouds
baripada,2026-05-29 21:31:22.224925,4,438.28,0.0,8.7,51.71,3.62,68.36,83.36,6.57,25.66,26.08,69.0,1005.0,1.21,33.0,Clouds,overcast clouds
baripada,2026-05-29 23:02:24.751776,4,440.62,0.0,8.72,51.56,3.75,69.0,84.75,8.36,25.38,25.83,71.0,1006.0,0.96,67.0,Clouds,overcast clouds
baripada,2026-05-30 01:56:55.413316,4,423.12,0.23,9.05,59.67,4.76,59.87,75.32,11.25,29.25,30.98,57.0,1008.0,1.26,89.0,Clouds,scattered clouds
baripada,2026-05-30 05:43:07.588803,3,247.59,0.19,2.22,106.6,3.7,38.28,48.17,3.21,36.43,38.95,37.0,1006.0,2.91,136.0,Clouds,few clouds
baripada,2026-05-30 08:15:00.471468,3,228.35,0.13,1.57,113.24,3.43,38.12,47.56,3.04,38.11,41.11,34.0,1004.0,3.55,150.0,Clear,clear sky
baripada,2026-05-30 10:43:42.232898,3,273.58,0.14,4.46,95.19,5.13,41.38,51.1,5.52,34.25,36.7,43.0,1004.0,6.59,174.0,Clear,clear sky
baripada,2026-05-30 12:01:15.234418,3,310.43,0.04,6.97,83.21,6.31,41.99,51.13,5.24,33.25,35.14,44.0,1003.0,5.83,159.0,Clear,clear sky
baripada,2026-05-30 14:23:49.744586,3,292.01,0.0,6.06,77.28,3.58,49.3,66.05,5.8,30.4,34.06,62.0,1006.0,4.09,185.0,Clouds,broken clouds
baripada,2026-05-30 15:58:31.183667,4,349.03,0.0,7.69,65.88,3.48,54.98,74.59,5.51,30.02,33.93,65.0,1007.0,6.31,204.0,Clouds,broken clouds
baripada,2026-05-30 16:59:59.574519,4,369.74,0.0,8.03,62.47,3.37,57.13,77.5,5.27,28.87,30.53,58.0,1006.0,3.75,278.0,Clouds,broken clouds
baripada,2026-05-30 18:02:58.656732,4,372.94,0.0,7.86,61.61,3.25,58.57,78.99,4.97,29.28,30.44,53.0,1004.0,2.79,173.0,Clouds,broken clouds
baripada,2026-05-30 20:02:09.391553,4,374.26,0.0,7.39,58.55,2.83,59.94,79.06,4.79,28.0,30.94,72.0,1006.0,2.93,190.0,Clouds,scattered clouds
baripada,2026-05-30 21:49:43.364186,4,389.38,0.0,7.46,53.85,2.51,57.61,75.55,5.26,27.49,30.27,75.0,1006.0,1.99,184.0,Clouds,scattered clouds
baripada,2026-05-30 22:45:47.020637,4,393.01,0.0,7.42,52.44,2.44,54.61,71.63,5.27,27.28,30.05,77.0,1006.0,1.95,203.0,Clouds,few clouds
baripada,2026-05-30 23:51:36.247628,4,393.51,0.0,7.39,51.63,2.44,52.07,68.37,5.29,27.54,30.49,76.0,1007.0,1.78,178.0,Clouds,broken clouds
baripada,2026-05-31 02:11:47.426630,3,396.54,0.47,7.71,52.98,3.1,46.97,62.05,5.31,30.42,35.3,67.0,1007.0,2.42,175.0,Clouds,overcast clouds
baripada,2026-05-31 06:46:49.559376,3,254.62,0.18,2.24,105.74,4.22,36.77,42.62,4.02,35.98,37.79,36.0,1005.0,2.26,126.0,Clouds,scattered clouds
baripada,2026-05-31 09:41:28.416965,3,312.25,0.12,4.62,94.58,4.81,41.02,47.12,5.78,26.44,26.44,71.0,1004.0,5.58,204.0,Clouds,broken clouds
baripada,2026-05-31 11:26:20.894406,3,329.06,0.12,5.68,89.36,4.64,41.07,47.0,5.71,26.87,28.49,68.0,1005.0,6.95,178.0,Rain,moderate rain
baripada,2026-05-31 13:10:33.019338,3,307.83,0.02,6.3,85.83,4.61,35.21,41.69,4.59,27.42,29.8,72.0,1004.0,3.0,215.0,Clouds,overcast clouds
baripada,2026-05-31 15:10:50.387913,3,378.93,0.0,8.51,67.19,4.04,38.3,46.78,5.96,27.84,30.49,71.0,1007.0,3.68,171.0,Clouds,overcast clouds
baripada,2026-05-31 16:55:13.505507,3,447.22,0.0,10.28,54.91,3.73,41.51,52.39,7.36,27.36,30.22,77.0,1006.0,0.7,145.0,Clouds,overcast clouds
baripada,2026-05-31 17:53:40.718684,3,469.17,0.0,10.88,49.46,3.47,42.73,54.35,7.65,27.65,30.48,74.0,1006.0,1.07,126.0,Clouds,overcast clouds
baripada,2026-05-31 19:00:48.740125,3,479.69,0.0,11.19,44.53,3.14,43.75,55.59,7.98,27.6,30.62,76.0,1006.0,1.5,157.0,Clouds,overcast clouds
baripada,2026-05-31 20:13:24.554182,3,496.59,0.0,11.54,40.04,3.13,45.2,57.41,8.89,27.2,29.88,77.0,1006.0,1.37,190.0,Clouds,broken clouds
baripada,2026-05-31 21:47:12.549500,3,534.56,0.01,12.08,32.43,3.2,48.75,61.96,11.35,26.74,28.71,74.0,1006.0,2.01,206.0,Clouds,scattered clouds
baripada,2026-05-31 22:47:15.804826,4,562.59,0.01,12.43,27.08,2.93,50.8,64.24,11.37,26.55,26.55,73.0,1006.0,1.79,189.0,Clouds,scattered clouds
baripada,2026-05-31 23:55:47.713530,4,592.5,0.04,12.81,22.13,2.77,52.84,66.5,10.91,26.56,26.56,71.0,1007.0,2.23,189.0,Clouds,scattered clouds
baripada,2026-06-01 02:35:31.744720,4,741.87,4.7,11.36,32.41,4.33,62.55,81.32,22.6,31.81,34.02,50.0,1009.0,2.48,168.0,Clear,clear sky
baripada,2026-06-01 08:23:48.490417,4,260.17,0.14,1.39,138.31,5.95,54.63,61.71,5.95,38.04,40.97,34.0,1005.0,3.49,113.0,Clear,clear sky
baripada,2026-06-01 14:48:56.728201,4,438.61,0.0,10.14,82.2,6.15,62.8,75.59,29.62,30.21,34.81,67.0,1006.0,4.8,196.0,Clouds,broken clouds
baripada,2026-06-01 19:51:29.124379,4,430.52,0.0,9.25,62.17,4.38,59.41,74.07,16.12,28.94,32.97,72.0,1006.0,2.57,193.0,Clear,clear sky
baripada,2026-06-01 22:29:13.947016,4,427.15,0.0,8.86,57.93,3.86,59.6,74.24,15.05,28.58,32.68,75.0,1006.0,2.71,183.0,Clear,clear sky
baripada,2026-06-02 00:05:38.634179,4,461.42,0.0,9.8,50.28,3.34,62.56,77.08,15.55,28.45,32.55,76.0,1007.0,1.86,194.0,Clear,clear sky
baripada,2026-06-02 05:21:44.918294,4,279.92,0.23,2.12,141.71,9.16,68.04,78.41,8.2,37.09,41.41,40.0,1007.0,3.62,159.0,Clear,clear sky
baripada,2026-06-02 10:00:58.136389,4,292.03,0.17,3.61,147.32,9.31,74.28,83.02,10.08,28.7,32.25,71.0,1003.0,1.2,299.0,Rain,light rain
baripada,2026-06-02 14:41:45.598358,5,643.59,0.0,16.65,65.82,6.89,84.92,98.11,23.04,30.95,34.5,59.0,1004.0,4.37,169.0,Clouds,few clouds
baripada,2026-06-02 18:30:28.407505,5,550.08,0.0,11.61,61.24,4.79,77.93,91.31,15.47,29.46,32.37,63.0,1004.0,3.75,184.0,Clouds,broken clouds
baripada,2026-06-02 21:40:38.213402,4,496.32,0.0,9.66,57.3,3.59,72.79,86.64,14.97,28.7,31.27,65.0,1003.0,2.6,192.0,Clouds,scattered clouds
baripada,2026-06-02 23:26:31.310652,4,499.89,0.0,9.64,54.86,3.41,72.87,87.02,15.4,28.57,31.03,65.0,1003.0,2.51,197.0,Clouds,scattered clouds
baripada,2026-06-03 02:38:48.730444,5,531.08,1.66,8.34,64.82,5.05,75.83,93.03,18.18,35.32,38.81,43.0,1005.0,2.81,162.0,Clear,clear sky
baripada,2026-06-03 07:30:45.582510,4,258.38,0.2,1.98,145.98,10.46,67.76,76.31,9.1,32.57,37.16,56.0,1002.0,6.15,230.0,Clouds,broken clouds
baripada,2026-06-03 12:29:39.626518,4,327.17,0.1,6.35,136.17,11.19,68.66,76.9,16.5,33.04,39.99,61.0,1000.0,5.19,173.0,Clouds,broken clouds
baripada,2026-06-03 17:55:53.305272,5,527.1,0.0,11.02,80.49,5.72,85.45,101.87,18.64,30.88,37.57,71.0,1002.0,2.12,206.0,Clouds,broken clouds
baripada,2026-06-03 20:46:19.917516,5,563.76,0.0,11.18,64.28,3.85,85.82,101.77,18.68,29.21,32.43,66.0,1001.0,1.8,194.0,Clouds,overcast clouds
baripada,2026-06-03 22:57:53.297275,5,619.73,0.0,12.15,50.64,3.21,87.61,103.36,20.13,29.04,31.92,65.0,1002.0,2.16,200.0,Clouds,broken clouds
baripada,2026-06-04 00:28:19.599658,5,653.82,0.0,12.92,43.79,3.09,88.93,104.71,21.24,29.53,32.32,62.0,1002.0,0.94,184.0,Clouds,broken clouds
baripada,2026-06-04 05:49:54.886734,5,379.12,0.4,3.79,169.53,24.38,108.02,119.2,14.9,39.77,45.52,36.0,1001.0,4.31,160.0,Clear,clear sky
baripada,2026-06-04 09:41:46.396759,4,235.69,0.19,2.82,146.77,12.4,58.85,66.54,11.63,36.88,41.36,41.0,999.0,1.05,235.0,Clouds,broken clouds
baripada,2026-06-04 12:37:26.232948,4,358.41,0.01,9.64,115.07,11.56,64.29,72.93,23.33,29.9,33.88,66.0,1001.0,1.78,148.0,Clouds,overcast clouds
baripada,2026-06-04 16:16:47.043502,5,748.96,0.0,18.7,61.4,8.23,99.76,116.21,37.86,30.12,35.84,72.0,1002.0,2.62,217.0,Clouds,overcast clouds
baripada,2026-06-04 19:12:49.773039,5,808.2,0.0,18.79,44.86,4.78,94.91,110.62,32.75,30.1,36.31,74.0,1001.0,1.84,196.0,Clouds,broken clouds
baripada,2026-06-04 21:22:27.639160,5,797.53,0.01,17.02,41.62,3.77,89.46,103.04,30.17,29.69,34.52,71.0,1001.0,1.85,208.0,Clouds,broken clouds
baripada,2026-06-04 23:00:32.860950,5,794.48,0.03,15.78,38.71,3.33,85.37,97.33,26.95,29.7,33.66,67.0,1001.0,1.7,233.0,Clouds,broken clouds
baripada,2026-06-05 00:11:08.417345,5,793.52,0.04,15.51,37.33,3.23,82.6,93.87,24.76,30.05,33.77,64.0,1001.0,1.41,299.0,Clouds,scattered clouds
baripada,2026-06-05 05:09:08.409727,3,272.95,0.4,3.05,129.85,12.35,43.9,48.38,10.57,39.63,43.3,32.0,1002.0,3.54,123.0,Clouds,scattered clouds
baripada,2026-06-05 09:27:19.341722,4,197.67,0.17,1.82,145.34,9.22,34.11,37.8,8.32,38.76,41.99,33.0,998.0,3.76,176.0,Clouds,broken clouds
baripada,2026-06-05 12:30:55.214313,3,388.18,0.03,11.61,91.57,7.64,44.22,51.84,28.8,34.37,39.22,50.0,998.0,3.83,184.0,Rain,light rain
baripada,2026-06-05 15:48:05.021890,4,601.68,0.0,14.51,76.05,7.76,69.08,80.85,34.17,32.0,36.2,57.0,1001.0,6.2,203.0,Clouds,broken clouds
baripada,2026-06-05 17:46:28.362226,4,600.59,0.0,12.95,71.34,6.28,68.02,80.0,27.84,31.17,34.7,58.0,1000.0,1.63,136.0,Clouds,broken clouds
baripada,2026-06-05 19:29:46.379706,4,572.82,0.0,11.74,70.25,5.41,65.51,76.49,24.93,31.14,36.78,66.0,1001.0,2.93,155.0,Clouds,overcast clouds
baripada,2026-06-05 21:16:12.902630,4,555.09,0.0,10.53,66.29,3.97,63.91,73.56,23.19,31.05,36.56,66.0,1000.0,3.73,176.0,Clouds,overcast clouds
baripada,2026-06-05 22:56:48.357274,4,551.42,0.0,9.97,62.03,3.26,62.38,70.89,21.65,30.75,36.1,67.0,1001.0,2.37,177.0,Clouds,overcast clouds
baripada,2026-06-06 00:01:02.445086,4,551.07,0.0,9.8,59.88,3.07,61.07,69.02,20.57,30.42,36.9,73.0,1002.0,1.25,158.0,Clouds,broken clouds
baripada,2026-06-06 04:45:31.779221,3,334.05,0.39,3.33,124.93,8.5,46.68,50.99,15.06,38.49,43.61,38.0,1002.0,2.03,130.0,Clouds,broken clouds
baripada,2026-06-06 07:40:12.126680,4,266.71,0.13,2.03,150.13,9.71,45.02,50.7,13.11,37.68,43.15,41.0,1000.0,2.42,195.0,Clouds,broken clouds
baripada,2026-06-06 09:52:33.396175,4,282.32,0.03,3.49,141.86,9.06,40.97,46.54,15.63,31.73,37.65,64.0,999.0,4.75,161.0,Clouds,overcast clouds
baripada,2026-06-06 11:15:46.266076,3,294.39,0.02,4.27,137.73,8.69,39.45,44.77,16.81,32.18,37.19,59.0,1000.0,4.7,213.0,Rain,heavy intensity rain
baripada,2026-06-06 13:05:21.958659,3,329.85,0.0,5.83,125.17,7.35,39.59,44.91,20.46,27.04,30.85,90.0,1002.0,7.29,173.0,Rain,light rain
baripada,2026-06-06 15:05:17.493786,3,486.33,0.0,11.65,82.59,6.11,44.36,51.42,26.44,28.07,31.81,77.0,1003.0,4.03,182.0,Clouds,overcast clouds
baripada,2026-06-06 16:58:00.896628,4,560.6,0.0,12.21,68.48,5.17,52.31,61.58,21.95,28.36,31.84,73.0,1004.0,1.65,211.0,Clouds,overcast clouds
baripada,2026-06-06 18:03:16.236856,4,579.68,0.0,12.03,64.8,4.79,55.69,65.39,20.71,28.78,32.43,71.0,1003.0,1.49,158.0,Clouds,overcast clouds
baripada,2026-06-06 20:03:32.103229,4,600.99,0.0,11.45,58.6,3.64,61.36,70.76,19.09,28.68,32.56,73.0,1002.0,1.08,186.0,Clouds,overcast clouds
baripada,2026-06-06 21:55:18.890034,4,624.43,0.0,11.12,52.59,2.91,65.09,74.16,19.12,28.39,32.24,75.0,1002.0,2.33,170.0,Clouds,overcast clouds
baripada,2026-06-06 22:54:31.455110,4,630.42,0.0,10.9,50.6,2.73,65.67,74.37,18.8,28.23,32.03,76.0,1002.0,2.01,185.0,Clouds,overcast clouds
baripada,2026-06-06 23:55:47.628285,4,633.78,0.0,10.75,49.08,2.67,65.24,73.5,18.68,28.64,32.64,74.0,1003.0,1.21,253.0,Clouds,overcast clouds
baripada,2026-06-07 02:28:51.231997,4,633.37,0.82,10.05,49.88,3.25,61.66,69.77,21.89,29.92,34.38,68.0,1004.0,0.06,121.0,Clouds,overcast clouds
baripada,2026-06-07 06:57:44.656014,3,250.17,0.08,3.85,117.3,9.74,36.5,40.87,11.08,37.33,43.24,43.0,1002.0,2.85,160.0,Clouds,scattered clouds
baripada,2026-06-07 09:57:44.617752,3,236.08,0.02,5.04,106.41,9.28,23.02,26.64,14.48,28.9,33.65,76.0,1002.0,4.65,317.0,Clouds,broken clouds
baripada,2026-06-07 11:44:48.789175,3,317.3,0.02,9.28,86.14,10.83,28.36,33.11,25.91,30.85,36.07,66.0,1001.0,5.28,241.0,Rain,light rain
baripada,2026-06-07 13:17:44.524045,3,401.04,0.01,11.77,63.56,12.02,35.32,40.24,18.45,30.36,35.16,67.0,1001.0,3.87,183.0,Rain,very heavy rain
baripada,2026-06-07 15:17:34.538046,3,565.72,0.0,16.33,41.38,7.18,44.07,51.26,22.99,28.98,33.25,73.0,1003.0,3.34,155.0,Rain,moderate rain
baripada,2026-06-07 17:03:45.221360,3,672.95,0.01,18.46,31.88,5.55,49.79,58.2,26.02,28.5,32.66,76.0,1003.0,2.55,121.0,Clouds,broken clouds
baripada,2026-06-07 19:04:35.245530,4,682.1,0.01,17.57,32.1,4.4,53.27,61.02,27.72,29.19,32.76,68.0,1001.0,3.18,196.0,Clouds,overcast clouds
baripada,2026-06-07 20:59:28.489437,4,667.35,0.02,15.72,31.72,3.41,53.74,61.91,23.23,28.96,32.28,68.0,1001.0,1.73,202.0,Clouds,overcast clouds
baripada,2026-06-07 22:03:14.556539,4,662.34,0.03,14.94,31.51,3.12,53.83,62.16,21.77,28.88,32.12,68.0,1001.0,1.98,205.0,Clouds,overcast clouds
baripada,2026-06-07 23:57:33.076448,4,673.18,0.05,14.47,29.13,2.89,54.96,63.42,21.8,28.46,32.06,73.0,1002.0,2.41,183.0,Clouds,overcast clouds
baripada,2026-06-08 02:56:18.574320,4,710.81,3.01,11.39,44.17,4.25,56.24,67.74,23.9,34.64,39.83,50.0,1002.0,1.82,179.0,Clouds,broken clouds
baripada,2026-06-08 07:23:51.481848,4,299.4,0.18,4.83,147.76,19.13,67.86,76.16,10.18,37.16,41.97,41.0,1000.0,2.19,130.0,Clouds,overcast clouds
baripada,2026-06-08 12:20:52.476849,3,325.52,0.06,9.75,104.44,12.67,30.8,36.88,22.19,34.23,40.75,55.0,998.0,7.51,169.0,Clouds,broken clouds
baripada,2026-06-08 16:43:39.434013,3,528.02,0.0,18.13,49.35,9.58,34.74,43.11,31.39,30.36,34.67,65.0,1000.0,6.11,203.0,Clouds,scattered clouds
baripada,2026-06-08 19:13:55.991081,3,560.98,0.0,16.5,43.8,6.72,39.89,47.86,33.85,30.27,34.01,63.0,1000.0,3.21,199.0,Clouds,overcast clouds
baripada,2026-06-08 21:41:42.868598,3,535.41,0.0,11.74,49.71,4.77,44.9,51.69,27.55,30.8,33.51,56.0,999.0,1.16,235.0,Clouds,broken clouds
baripada,2026-06-08 23:06:59.047621,3,539.09,0.0,11.09,49.07,4.39,45.66,52.37,26.38,30.8,33.51,56.0,1000.0,0.5,319.0,Clouds,broken clouds
baripada,2026-06-09 01:57:06.188591,3,527.39,1.32,10.04,52.85,6.92,43.64,51.2,24.26,33.54,37.4,50.0,1001.0,1.32,172.0,Clouds,overcast clouds
baripada,2026-06-09 06:03:39.194348,4,248.9,0.34,2.66,150.0,17.69,52.53,57.42,12.76,41.66,44.45,26.0,1000.0,1.4,71.0,Clouds,broken clouds
baripada,2026-06-09 10:26:43.479991,4,206.88,0.28,2.93,141.03,10.27,38.39,46.77,14.59,36.55,39.53,38.0,997.0,4.72,157.0,Clouds,overcast clouds
baripada,2026-06-09 13:36:11.339474,3,381.15,0.0,12.3,102.5,13.51,47.91,58.12,32.73,32.02,34.64,51.0,998.0,3.54,233.0,Clouds,broken clouds
baripada,2026-06-09 16:25:12.654156,3,451.57,0.0,13.19,80.36,10.7,49.46,61.33,36.94,31.47,33.86,52.0,1000.0,5.37,210.0,Clouds,broken clouds
baripada,2026-06-09 19:06:28.404151,4,494.93,0.0,11.86,65.35,6.04,53.72,64.59,34.55,31.23,33.43,52.0,1000.0,3.13,199.0,Clouds,overcast clouds
baripada,2026-06-09 21:29:21.343805,4,501.79,0.0,10.52,61.6,4.37,55.58,64.88,31.47,30.17,32.75,58.0,999.0,3.31,209.0,Clouds,overcast clouds
baripada,2026-06-09 23:09:27.312235,4,519.32,0.0,9.97,56.68,3.76,56.88,65.31,28.67,29.79,31.89,57.0,1000.0,1.38,220.0,Clouds,broken clouds
baripada,2026-06-10 02:09:47.637766,4,563.27,1.39,9.32,53.3,4.37,56.67,65.72,29.23,33.5,36.42,47.0,1002.0,2.28,168.0,Clouds,few clouds
baripada,2026-06-10 06:57:43.347463,4,213.95,0.15,2.16,143.32,10.75,38.84,48.44,10.6,41.15,43.97,27.0,999.0,3.57,118.0,Clear,clear sky
baripada,2026-06-10 10:52:40.282250,3,274.1,0.34,4.74,133.43,7.97,38.91,49.48,16.43,35.83,41.43,47.0,997.0,6.74,164.0,Rain,moderate rain
baripada,2026-06-10 14:16:56.489357,5,585.65,0.0,19.12,93.38,13.45,75.16,92.37,44.81,32.45,39.45,69.0,999.0,5.36,144.0,Rain,light rain
baripada,2026-06-10 17:50:25.518004,5,772.64,0.0,19.02,55.94,6.28,85.74,104.85,42.45,31.77,38.77,72.0,1000.0,4.71,171.0,Clouds,broken clouds
baripada,2026-06-10 20:08:51.536289,5,727.74,0.0,15.54,55.09,4.64,86.24,102.37,32.28,30.0,37.0,83.0,1001.0,4.13,149.0,Clouds,overcast clouds
baripada,2026-06-10 22:46:45.619067,5,708.54,0.0,12.97,54.12,3.43,88.96,102.4,21.79,29.49,36.49,83.0,1001.0,2.42,161.0,Clouds,broken clouds
baripada,2026-06-11 00:07:45.829007,5,720.29,0.0,13.05,50.96,3.26,90.09,103.2,21.7,29.56,36.56,83.0,1002.0,2.01,146.0,Clouds,overcast clouds
baripada,2026-06-11 05:20:11.520689,5,431.32,0.61,4.98,141.72,17.71,99.9,113.04,18.07,37.84,44.84,44.0,1003.0,3.93,133.0,Clouds,broken clouds
baripada,2026-06-11 10:02:43.080611,4,290.34,0.13,4.65,139.44,11.81,63.91,80.35,16.17,31.89,33.27,46.0,999.0,5.47,245.0,Clouds,broken clouds
baripada,2026-06-11 14:29:12.088595,4,490.27,0.0,16.48,73.74,16.85,53.22,65.83,30.79,29.11,31.88,64.0,1004.0,2.69,128.0,Clouds,overcast clouds
baripada,2026-06-11 18:01:19.133061,4,528.14,0.0,13.87,52.02,6.93,54.91,67.79,18.87,28.83,31.52,65.0,1005.0,2.05,181.0,Clouds,overcast clouds
baripada,2026-06-11 21:11:24.214129,4,578.48,0.0,14.22,33.42,3.6,57.22,70.11,20.79,28.03,31.0,72.0,1004.0,1.47,187.0,Clouds,overcast clouds
baripada,2026-06-11 23:13:39.377289,4,620.68,0.01,14.63,26.06,3.18,59.8,73.03,21.48,27.59,30.35,74.0,1005.0,1.74,188.0,Clouds,broken clouds
baripada,2026-06-12 02:16:15.639020,4,649.86,1.66,13.88,28.09,4.13,58.17,76.3,20.06,30.78,33.26,55.0,1006.0,1.23,129.0,Clouds,scattered clouds
baripada,2026-06-12 07:11:32.056715,4,265.4,0.19,1.85,130.14,5.62,57.08,69.44,10.99,37.35,41.15,38.0,1004.0,3.4,146.0,Clouds,overcast clouds
baripada,2026-06-12 11:33:42.323556,5,484.3,0.08,12.71,86.87,13.19,76.76,87.61,20.0,33.8,39.33,54.0,1002.0,5.96,159.0,Clouds,scattered clouds
baripada,2026-06-12 14:31:22.585802,5,614.54,0.0,15.87,63.26,9.94,89.94,99.77,14.0,30.47,37.04,73.0,1006.0,5.22,174.0,Clouds,overcast clouds
baripada,2026-06-12 17:30:38.236559,5,609.97,0.0,13.48,61.01,6.92,93.44,101.61,13.01,30.61,37.14,72.0,1005.0,3.74,197.0,Clouds,overcast clouds
baripada,2026-06-12 19:50:48.774203,5,786.54,0.0,19.24,33.68,3.97,77.54,90.35,33.32,30.01,35.56,72.0,1004.0,2.46,172.0,Clouds,overcast clouds
baripada,2026-06-12 21:23:15.042153,5,781.48,0.0,18.52,31.6,3.65,77.67,90.06,35.96,29.63,35.07,74.0,1003.0,2.52,182.0,Clouds,overcast clouds
baripada,2026-06-12 23:06:42.226800,5,776.78,0.01,17.03,29.89,3.22,78.79,90.43,33.97,28.79,32.99,74.0,1004.0,3.07,188.0,Clouds,overcast clouds
baripada,2026-06-13 02:08:47.367727,4,656.32,0.78,11.7,48.56,3.97,73.35,84.47,20.06,32.47,36.94,56.0,1005.0,2.27,186.0,Clouds,scattered clouds
baripada,2026-06-13 06:46:01.583284,4,290.44,0.21,2.49,131.9,9.57,64.47,70.92,10.99,39.21,43.33,34.0,1002.0,3.93,132.0,Clouds,few clouds
baripada,2026-06-13 09:50:05.053774,4,319.47,0.18,6.18,109.04,9.74,52.09,57.88,20.71,30.16,34.0,64.0,1001.0,5.58,185.0,Clouds,broken clouds
baripada,2026-06-13 11:46:11.306227,4,447.08,0.12,13.09,88.76,12.74,59.23,65.94,33.17,32.41,36.51,55.0,1001.0,4.31,191.0,Clouds,broken clouds
baripada,2026-06-13 13:22:13.380414,4,509.85,0.03,15.81,77.05,10.9,63.31,71.0,37.03,29.97,33.82,65.0,1001.0,3.69,191.0,Clouds,overcast clouds
baripada,2026-06-13 15:25:01.058105,4,620.41,0.0,18.52,53.93,6.13,62.0,73.11,43.58,29.53,33.92,70.0,1003.0,4.85,187.0,Rain,light rain
baripada,2026-06-13 17:08:54.693906,4,742.45,0.0,20.48,39.25,4.71,66.43,80.21,32.87,29.49,34.26,72.0,1003.0,4.95,185.0,Clouds,overcast clouds
baripada,2026-06-13 19:06:16.768264,4,731.36,0.0,18.46,38.25,3.42,64.66,76.78,23.29,30.58,34.44,62.0,1002.0,2.22,186.0,Clouds,broken clouds
baripada,2026-06-13 21:01:05.817140,4,667.47,0.0,15.15,42.12,2.91,60.47,70.61,19.11,30.21,34.11,64.0,1002.0,2.49,200.0,Clouds,broken clouds
baripada,2026-06-13 22:53:12.210495,4,559.12,0.0,10.94,51.25,3.01,55.89,64.25,16.98,29.62,33.08,65.0,1002.0,2.02,201.0,Clouds,scattered clouds
baripada,2026-06-13 23:57:21.985124,4,539.9,0.0,10.17,51.47,2.97,54.82,62.65,16.64,29.65,32.55,62.0,1003.0,1.7,220.0,Clouds,broken clouds
baripada,2026-06-14 02:55:54.463679,4,511.45,1.43,6.91,68.66,4.52,56.47,64.21,21.3,34.39,38.23,47.0,1004.0,2.99,179.0,Clouds,broken clouds
baripada,2026-06-14 07:15:20.612504,3,225.64,0.13,2.37,127.18,8.3,38.63,42.49,10.39,39.05,42.57,33.0,1001.0,2.56,100.0,Clouds,overcast clouds
baripada,2026-06-14 10:44:01.460397,3,265.96,0.03,5.95,103.18,9.8,34.6,37.47,16.1,29.31,32.83,67.0,1000.0,4.94,215.0,Clouds,overcast clouds
baripada,2026-06-14 12:56:58.146978,3,291.06,0.01,8.01,93.38,8.09,33.95,37.18,18.06,30.53,34.57,63.0,1000.0,1.38,281.0,Rain,light rain
baripada,2026-06-14 15:05:37.055249,3,593.26,0.01,17.79,37.42,7.78,45.81,53.43,20.84,29.54,32.72,64.0,1003.0,5.94,153.0,Clouds,overcast clouds
baripada,2026-06-14 17:07:08.070713,4,691.2,0.05,19.69,26.3,5.43,52.7,62.59,23.71,28.18,31.31,72.0,1003.0,4.09,186.0,Clouds,overcast clouds
baripada,2026-06-14 19:06:43.967138,4,751.19,0.1,20.35,18.49,3.72,57.86,67.87,24.69,28.51,31.85,71.0,1002.0,1.71,204.0,Clouds,overcast clouds
baripada,2026-06-14 20:58:36.166225,4,810.05,0.21,20.63,13.7,3.3,63.68,73.99,27.74,28.18,31.31,72.0,1002.0,1.29,167.0,Clouds,overcast clouds
baripada,2026-06-14 22:06:53.956294,4,834.67,0.29,20.59,12.19,3.23,66.46,76.79,27.57,28.37,31.55,71.0,1002.0,0.75,208.0,Clouds,overcast clouds
baripada,2026-06-15 00:00:30.758423,4,843.27,0.17,19.78,12.44,3.19,69.86,79.26,19.26,28.39,31.44,70.0,1003.0,1.86,255.0,Clouds,broken clouds
baripada,2026-06-15 04:26:27.383120,4,430.98,1.82,9.8,93.08,19.85,71.47,78.71,11.08,35.2,38.9,44.0,1004.0,2.37,139.0,Clouds,few clouds
baripada,2026-06-15 10:49:43.136362,5,559.98,0.05,13.18,114.24,18.57,103.4,110.37,38.61,36.63,40.82,41.0,1000.0,8.07,162.0,Clouds,few clouds
baripada,2026-06-15 16:12:36.876192,4,416.52,0.0,9.24,86.08,7.33,56.91,64.72,16.44,30.98,36.39,66.0,1003.0,5.21,179.0,Clouds,scattered clouds
baripada,2026-06-15 20:20:19.812140,4,478.48,0.0,10.15,57.65,3.96,61.21,70.74,15.05,29.77,34.71,71.0,1003.0,2.16,196.0,Clear,clear sky
baripada,2026-06-15 22:54:33.868301,4,537.39,0.0,11.13,43.63,3.06,68.26,78.55,16.95,29.15,33.45,72.0,1003.0,1.78,196.0,Clear,clear sky
baripada,2026-06-16 00:22:31.607372,4,562.71,0.0,11.65,39.23,2.91,70.54,80.88,17.09,29.4,33.83,71.0,1003.0,1.4,201.0,Clear,clear sky
baripada,2026-06-16 06:22:52.816879,4,285.9,0.26,2.57,146.0,13.49,70.44,78.5,9.13,39.26,42.13,31.0,1004.0,3.28,136.0,Clear,clear sky
baripada,2026-06-16 12:02:07.017439,4,383.02,0.2,7.49,112.34,7.83,71.81,77.33,14.59,34.73,39.31,48.0,1001.0,6.59,164.0,Clear,clear sky
baripada,2026-06-16 17:53:27.777799,5,704.7,0.0,16.48,48.13,5.0,98.23,114.54,23.86,30.94,35.74,64.0,1004.0,3.77,169.0,Clear,clear sky
baripada,2026-06-16 20:36:08.232020,5,691.56,0.0,14.68,38.03,3.35,93.19,108.23,19.99,29.54,34.16,71.0,1004.0,3.06,188.0,Clear,clear sky
baripada,2026-06-16 22:47:14.834908,5,670.88,0.01,13.49,35.85,3.13,90.28,105.21,18.21,29.25,33.69,72.0,1004.0,3.36,180.0,Clear,clear sky
baripada,2026-06-17 00:08:09.805403,5,659.33,0.01,13.13,36.0,3.19,88.8,103.9,17.97,29.3,33.6,71.0,1005.0,3.59,189.0,Clear,clear sky
baripada,2026-06-17 05:58:52.047917,5,323.74,0.33,3.0,146.43,17.74,88.67,98.59,9.75,40.62,44.36,30.0,1003.0,3.9,129.0,Clear,clear sky
baripada,2026-06-17 10:50:04.951627,4,264.43,0.12,4.02,135.48,10.3,62.51,69.49,12.19,33.84,37.4,48.0,1001.0,5.89,157.0,Clouds,broken clouds
baripada,2026-06-17 14:23:15.922799,4,371.58,0.0,9.58,95.5,7.92,60.54,69.27,19.12,32.18,36.59,57.0,1001.0,4.52,166.0,Clouds,overcast clouds
baripada,2026-06-17 17:44:01.291709,4,456.27,0.0,10.15,72.84,4.83,64.87,76.71,17.87,30.13,33.29,61.0,1003.0,3.73,201.0,Clouds,overcast clouds
baripada,2026-06-17 19:57:38.896407,4,463.72,0.0,9.69,66.8,4.14,55.06,63.3,14.63,29.89,32.24,58.0,1003.0,1.26,183.0,Clouds,scattered clouds
baripada,2026-06-17 21:55:46.740539,4,490.39,0.0,9.7,58.09,3.34,53.47,60.86,13.69,28.8,31.3,64.0,1003.0,1.8,169.0,Clouds,scattered clouds
baripada,2026-06-17 23:16:17.184090,4,504.15,0.0,9.76,54.48,3.2,52.99,59.69,13.72,28.53,30.67,63.0,1003.0,1.22,169.0,Clouds,scattered clouds
baripada,2026-06-18 02:33:48.343465,4,558.41,1.87,8.61,59.96,4.9,53.77,61.51,18.14,35.14,38.11,42.0,1005.0,1.81,143.0,Clouds,broken clouds
baripada,2026-06-18 07:25:52.028211,4,304.0,0.29,6.4,125.94,20.19,56.65,61.28,10.57,39.83,43.25,31.0,1003.0,5.14,154.0,Clouds,broken clouds
baripada,2026-06-18 11:43:52.860374,3,344.94,0.02,9.04,104.01,10.27,45.11,48.47,15.67,33.93,36.67,45.0,1002.0,4.59,185.0,Clouds,overcast clouds
baripada,2026-06-18 14:43:02.485923,3,447.57,0.0,14.23,71.15,6.98,35.48,43.7,28.77,32.03,36.55,58.0,1002.0,2.99,166.0,Clouds,overcast clouds
baripada,2026-06-18 17:53:58.819124,3,528.15,0.0,14.0,64.1,5.06,46.59,57.32,21.49,31.09,34.79,59.0,1003.0,2.24,184.0,Rain,light rain
baripada,2026-06-18 20:08:53.955416,4,478.53,0.0,10.33,72.52,4.53,50.72,60.16,15.97,30.17,33.37,61.0,1003.0,2.42,196.0,Clouds,overcast clouds
baripada,2026-06-18 22:51:01.522885,4,446.0,0.0,7.4,75.49,3.97,57.51,65.99,12.22,30.06,34.01,65.0,1003.0,1.75,194.0,Clouds,overcast clouds
baripada,2026-06-19 00:19:19.880813,4,436.8,0.0,6.81,75.88,4.06,59.96,68.15,11.5,30.07,34.03,65.0,1003.0,1.89,199.0,Clouds,overcast clouds
baripada,2026-06-19 06:07:01.920641,3,287.0,0.26,3.11,117.78,8.17,44.83,48.35,9.17,39.14,43.64,35.0,1003.0,4.44,172.0,Clouds,broken clouds
baripada,2026-06-19 11:12:38.134703,4,399.98,0.32,7.22,104.39,8.07,58.33,62.43,16.12,37.68,40.28,34.0,1000.0,5.36,193.0,Clouds,overcast clouds
baripada,2026-06-19 14:39:45.891603,4,647.64,0.0,19.09,38.48,8.95,53.69,60.73,15.53,32.57,37.16,56.0,1004.0,2.16,203.0,Clouds,overcast clouds
baripada,2026-06-19 17:10:52.198237,4,603.11,0.0,15.91,44.23,6.59,57.0,63.69,13.29,32.44,36.87,56.0,1004.0,3.62,198.0,Clouds,overcast clouds
baripada,2026-06-19 19:23:37.948042,4,561.07,0.0,13.33,48.46,4.87,59.75,65.85,12.91,29.89,34.08,67.0,1004.0,2.73,176.0,Clouds,overcast clouds
baripada,2026-06-19 21:00:23.273892,4,481.79,0.0,9.52,57.42,3.94,58.7,64.61,10.89,29.71,33.47,66.0,1003.0,2.8,188.0,Clouds,overcast clouds
baripada,2026-06-19 22:05:04.510807,4,437.1,0.0,7.85,63.03,3.71,56.67,62.67,10.21,29.73,33.52,66.0,1003.0,2.76,188.0,Clouds,overcast clouds
baripada,2026-06-19 23:58:44.110706,4,395.21,0.0,6.46,66.75,3.04,53.42,59.25,10.29,29.76,33.79,67.0,1004.0,1.36,191.0,Clouds,overcast clouds
baripada,2026-06-20 03:24:27.994713,3,384.58,0.42,6.65,72.54,4.56,49.77,56.36,12.44,34.21,39.21,51.0,1005.0,3.06,174.0,Clouds,overcast clouds
baripada,2026-06-20 07:41:25.458532,3,300.25,0.12,7.62,88.44,10.43,32.62,35.37,11.25,40.22,44.03,31.0,1002.0,2.96,135.0,Clouds,broken clouds
baripada,2026-06-20 10:25:21.473669,3,323.92,0.21,7.6,82.69,10.29,34.8,36.98,11.31,39.74,43.98,33.0,1000.0,5.31,187.0,Clouds,overcast clouds
baripada,2026-06-20 12:22:58.376487,3,390.44,0.11,10.26,67.1,11.16,39.59,42.48,14.56,34.8,38.75,46.0,1001.0,5.59,152.0,Clouds,overcast clouds
baripada,2026-06-20 14:58:51.389654,4,492.99,0.0,10.21,64.0,5.01,68.47,72.91,11.62,32.56,36.25,53.0,1003.0,4.16,194.0,Clouds,broken clouds
baripada,2026-06-20 16:15:49.416032,4,497.08,0.0,9.72,63.65,4.5,71.45,76.25,11.75,32.32,36.61,56.0,1004.0,5.38,188.0,Clouds,broken clouds
baripada,2026-06-20 18:04:12.515076,5,499.19,0.0,8.79,64.17,3.73,76.13,81.13,11.76,31.38,35.4,59.0,1003.0,3.42,235.0,Clouds,overcast clouds
baripada,2026-06-20 20:10:11.842393,5,499.75,0.0,8.0,62.69,2.88,78.22,82.79,11.99,30.65,33.89,59.0,1003.0,1.32,182.0,Clouds,overcast clouds
baripada,2026-06-20 21:58:50.302909,5,513.05,0.0,7.75,59.03,2.47,79.95,84.5,12.49,30.31,34.1,63.0,1003.0,1.99,187.0,Clouds,overcast clouds
baripada,2026-06-20 23:05:39.722582,5,521.56,0.0,7.75,56.47,2.4,80.19,84.73,12.63,30.4,34.29,63.0,1003.0,1.95,192.0,Clouds,overcast clouds
baripada,2026-06-21 02:33:35.258811,5,597.71,0.26,10.53,42.79,6.49,77.43,82.79,18.14,31.39,35.96,61.0,1005.0,2.61,193.0,Clouds,overcast clouds
baripada,2026-06-21 07:23:47.146939,4,378.2,0.38,6.82,77.53,6.88,55.14,57.85,11.23,35.92,39.33,41.0,1003.0,2.59,193.0,Clouds,overcast clouds
baripada,2026-06-21 10:58:46.706346,3,275.23,0.09,6.33,80.49,6.79,33.27,36.59,12.36,36.44,39.67,39.0,1000.0,5.12,168.0,Rain,light rain
baripada,2026-06-21 13:04:12.513880,3,286.85,0.0,6.98,75.68,6.06,35.12,39.65,14.96,34.94,38.71,45.0,1002.0,4.38,167.0,Clouds,overcast clouds
baripada,2026-06-21 15:45:19.481686,4,508.8,0.0,10.3,56.17,4.43,59.05,62.26,9.95,32.48,36.08,53.0,1004.0,5.35,190.0,Clouds,overcast clouds
baripada,2026-06-21 17:17:19.851414,4,491.57,0.0,9.74,53.66,3.9,53.56,56.87,10.0,31.53,35.73,59.0,1003.0,6.36,190.0,Clouds,overcast clouds
baripada,2026-06-21 19:12:33.151404,3,472.83,0.0,9.15,47.7,3.06,47.79,50.9,10.14,31.07,35.78,63.0,1003.0,4.13,187.0,Clouds,overcast clouds
baripada,2026-06-21 21:03:39.266430,3,480.75,0.0,9.07,41.13,2.74,46.42,50.14,11.92,30.23,34.86,67.0,1002.0,4.06,194.0,Clouds,overcast clouds
baripada,2026-06-21 22:59:02.865165,3,490.74,0.01,8.91,38.83,2.76,46.96,51.01,12.59,29.65,33.77,68.0,1002.0,2.66,196.0,Clouds,overcast clouds
baripada,2026-06-22 00:10:35.591852,3,493.29,0.01,8.8,39.15,2.82,47.43,51.48,12.17,29.82,34.15,68.0,1003.0,2.7,195.0,Clouds,overcast clouds
baripada,2026-06-22 06:19:25.938053,3,280.42,0.26,7.67,68.23,10.57,28.67,30.28,8.12,38.21,42.99,38.0,1003.0,2.59,82.0,Clouds,overcast clouds
baripada,2026-06-22 12:42:19.307828,2,245.02,0.06,10.82,67.11,9.82,15.02,17.09,10.85,31.3,36.31,63.0,1002.0,3.64,196.0,Clouds,overcast clouds
baripada,2026-06-22 17:24:45.976449,3,373.94,0.0,11.33,45.61,8.18,26.11,29.95,9.6,29.77,33.6,66.0,1003.0,2.56,212.0,Clouds,overcast clouds
baripada,2026-06-22 20:32:10.884744,2,356.48,0.0,11.46,38.49,9.33,24.45,27.9,10.95,29.03,32.79,70.0,1001.0,1.99,163.0,Clouds,broken clouds
baripada,2026-06-22 22:30:24.314114,2,347.33,0.0,11.68,39.13,9.85,23.78,27.13,11.72,28.44,31.7,71.0,1001.0,0.59,210.0,Clouds,broken clouds
baripada,2026-06-22 23:59:14.899160,2,354.46,0.0,11.74,38.29,9.38,23.71,27.17,12.28,28.63,31.94,70.0,1002.0,0.84,165.0,Clouds,overcast clouds
baripada,2026-06-23 03:27:24.329793,2,386.97,1.37,12.29,40.81,11.52,24.6,29.79,15.77,31.38,35.67,60.0,1003.0,0.4,249.0,Clouds,overcast clouds
baripada,2026-06-23 07:37:52.010269,2,274.03,0.44,8.79,76.58,13.74,22.87,24.41,7.8,39.67,43.38,32.0,999.0,0.48,84.0,Clouds,broken clouds
baripada,2026-06-23 10:52:57.158477,2,239.82,0.42,7.04,96.49,12.35,23.08,25.03,10.22,32.46,37.22,57.0,999.0,4.59,169.0,Clouds,broken clouds
baripada,2026-06-23 13:35:24.250837,3,467.37,0.0,19.83,42.9,12.74,25.45,31.94,38.13,30.62,34.52,62.0,1001.0,4.25,130.0,Clouds,overcast clouds
baripada,2026-06-23 16:19:48.030108,3,489.73,0.0,17.15,38.84,8.14,27.67,35.28,20.06,28.65,32.32,72.0,1002.0,6.61,196.0,Clouds,overcast clouds
baripada,2026-06-23 19:01:19.541272,3,487.78,0.0,14.0,36.31,5.36,31.09,37.62,15.6,29.32,32.28,64.0,1001.0,4.03,220.0,Clouds,overcast clouds
baripada,2026-06-23 21:22:35.991768,3,481.03,0.0,12.18,34.53,4.36,32.85,38.31,13.41,29.43,32.5,64.0,1000.0,3.56,204.0,Clouds,overcast clouds
baripada,2026-06-23 22:58:25.683580,3,476.5,0.0,11.09,32.01,4.19,32.94,37.17,11.58,29.09,32.19,66.0,1000.0,3.14,206.0,Clouds,overcast clouds
baripada,2026-06-23 23:53:54.483285,3,464.56,0.0,10.69,31.53,4.43,31.72,35.23,10.88,29.28,32.39,65.0,1001.0,1.44,223.0,Clouds,overcast clouds
baripada,2026-06-24 02:05:58.373881,3,416.03,1.55,8.5,37.97,6.0,27.18,30.62,12.05,32.62,36.09,52.0,1002.0,0.32,224.0,Clouds,scattered clouds
baripada,2026-06-24 06:35:20.877806,3,222.72,0.28,2.48,115.02,12.02,37.5,39.76,6.17,40.25,43.17,29.0,1000.0,2.04,164.0,Clouds,overcast clouds
baripada,2026-06-24 10:12:43.127156,2,221.43,0.14,4.42,95.29,8.6,23.1,24.78,8.27,38.92,42.3,33.0,998.0,6.96,210.0,Clouds,overcast clouds
baripada,2026-06-24 13:10:46.659249,3,374.54,0.02,11.94,64.36,9.4,33.04,37.49,25.27,32.76,35.81,50.0,1000.0,1.81,199.0,Clouds,overcast clouds
baripada,2026-06-24 16:07:25.964123,3,410.29,0.0,11.04,54.26,6.8,38.92,45.03,16.39,31.93,35.77,56.0,1002.0,5.67,189.0,Clouds,overcast clouds
baripada,2026-06-24 18:27:01.601724,3,441.78,0.0,11.08,49.35,5.33,45.75,52.82,15.03,30.93,33.98,57.0,1001.0,3.78,190.0,Clouds,overcast clouds
baripada,2026-06-24 20:26:50.064805,3,469.02,0.0,11.21,42.0,3.79,49.71,56.53,14.76,30.29,34.28,64.0,1001.0,3.84,203.0,Clouds,scattered clouds
baripada,2026-06-24 22:06:36.593407,4,504.66,0.01,11.49,35.37,3.1,52.71,59.67,15.75,30.1,33.66,63.0,1001.0,2.49,235.0,Clouds,broken clouds
baripada,2026-06-24 23:57:25.514273,4,538.31,0.03,11.98,29.84,2.93,55.22,62.45,16.08,29.53,33.09,66.0,1002.0,1.02,243.0,Clouds,broken clouds
baripada,2026-06-25 02:39:10.585452,4,596.42,3.4,8.26,45.94,4.32,62.26,71.85,18.71,33.63,37.59,50.0,1004.0,2.14,125.0,Clouds,broken clouds
baripada,2026-06-25 06:39:26.547475,3,208.38,0.26,1.91,113.13,9.32,40.72,43.5,6.44,39.65,43.34,32.0,1001.0,4.29,137.0,Clouds,broken clouds
baripada,2026-06-25 10:10:28.285349,3,257.96,0.29,4.26,109.03,8.1,45.5,49.13,12.04,38.77,42.86,35.0,999.0,6.55,167.0,Clouds,broken clouds
baripada,2026-06-25 13:09:36.613984,4,412.02,0.08,11.82,82.2,6.85,58.04,64.98,20.39,31.12,35.36,61.0,1002.0,2.65,227.0,Clouds,overcast clouds
baripada,2026-06-25 16:14:41.535365,4,545.45,0.0,16.39,43.24,4.9,50.78,61.47,21.29,29.02,33.15,72.0,1004.0,1.54,272.0,Clouds,broken clouds
baripada,2026-06-25 19:00:40.555690,4,684.6,0.04,19.4,25.27,3.53,57.25,70.28,21.17,29.32,33.44,70.0,1002.0,3.76,203.0,Clouds,broken clouds
baripada,2026-06-25 20:59:22.265717,4,742.14,0.18,19.08,19.27,3.03,61.5,74.29,23.69,29.05,32.47,68.0,1003.0,3.08,186.0,Clouds,overcast clouds
baripada,2026-06-25 22:20:40.041067,4,772.9,0.34,18.92,16.66,2.93,64.02,76.05,25.56,28.87,32.81,72.0,1003.0,1.97,191.0,Clouds,overcast clouds
baripada,2026-06-26 00:03:39.366852,4,844.06,0.97,18.99,11.77,3.03,69.59,79.6,31.34,28.74,32.69,73.0,1004.0,1.62,191.0,Clouds,broken clouds
baripada,2026-06-26 05:02:26.400525,3,259.22,0.25,2.97,84.59,4.25,30.27,33.12,7.0,36.38,41.47,44.0,1005.0,2.74,154.0,Clouds,scattered clouds
baripada,2026-06-26 08:47:59.138296,3,242.65,0.23,2.32,97.75,3.69,35.97,38.28,7.98,39.77,43.58,32.0,1000.0,3.91,138.0,Clouds,few clouds
baripada,2026-06-26 11:37:58.985587,3,273.94,0.18,4.06,103.8,4.43,46.69,49.37,10.12,34.16,39.82,53.0,1001.0,6.94,152.0,Clouds,scattered clouds
baripada,2026-06-26 13:59:15.762658,3,382.47,0.0,11.23,61.06,4.79,40.01,45.84,17.84,30.93,36.54,67.0,1002.0,5.06,171.0,Clouds,overcast clouds
baripada,2026-06-26 16:15:47.430612,3,395.24,0.0,10.94,60.63,4.87,44.51,51.72,14.05,30.92,36.52,67.0,1004.0,5.23,185.0,Clouds,scattered clouds
baripada,2026-06-26 18:21:40.338521,3,378.57,0.0,9.69,62.19,5.06,48.39,56.17,12.73,30.41,36.06,70.0,1004.0,3.41,200.0,Clouds,broken clouds
baripada,2026-06-26 20:26:03.897029,4,361.18,0.0,8.49,59.5,4.34,50.69,58.5,13.2,29.49,34.26,72.0,1002.0,3.78,191.0,Clouds,few clouds
baripada,2026-06-26 22:01:09.955587,4,366.45,0.0,8.1,53.93,3.66,52.44,60.28,15.71,28.89,32.67,71.0,1002.0,2.54,195.0,Clouds,scattered clouds
baripada,2026-06-26 23:53:28.501207,4,360.63,0.0,7.63,52.59,3.55,51.85,59.87,15.15,29.2,33.77,73.0,1004.0,0.76,182.0,Rain,light rain
baripada,2026-06-27 02:02:47.696135,3,350.89,0.51,7.22,54.16,3.83,44.14,52.47,14.48,31.39,36.81,64.0,1005.0,1.27,158.0,Clouds,overcast clouds
baripada,2026-06-27 06:20:00.742410,3,240.74,0.21,2.38,92.5,3.95,33.72,37.58,7.13,37.19,41.62,40.0,1003.0,2.77,141.0,Clouds,scattered clouds
baripada,2026-06-27 09:21:41.946356,3,226.36,0.18,1.74,100.01,3.53,31.97,34.27,6.64,38.75,43.26,36.0,1000.0,3.74,123.0,Clouds,scattered clouds
baripada,2026-06-27 11:18:50.096120,3,222.38,0.18,2.05,100.46,3.1,29.73,31.84,7.64,36.75,41.89,43.0,1000.0,5.87,159.0,Clouds,scattered clouds
baripada,2026-06-27 13:05:29.327426,3,238.49,0.02,3.86,93.42,3.33,29.68,32.24,9.93,32.04,38.11,63.0,1001.0,6.12,153.0,Clouds,scattered clouds
baripada,2026-06-27 15:07:30.838922,3,358.47,0.0,8.79,58.76,4.16,39.63,44.16,11.86,30.67,37.01,71.0,1002.0,5.19,164.0,Clear,clear sky
baripada,2026-06-27 16:54:36.666217,3,339.33,0.0,7.99,57.2,3.77,36.38,41.35,11.09,29.97,35.7,73.0,1003.0,5.86,189.0,Clouds,scattered clouds
baripada,2026-06-27 17:54:29.893093,3,329.86,0.0,7.46,58.46,3.69,36.01,41.16,10.99,29.35,34.8,76.0,1002.0,4.39,191.0,Clouds,broken clouds
baripada,2026-06-27 19:02:08.141915,3,323.39,0.0,6.89,59.92,3.53,36.67,41.79,10.78,29.58,35.17,75.0,1002.0,4.43,191.0,Clouds,overcast clouds
baripada,2026-06-27 20:48:09.683490,3,329.67,0.0,6.14,61.28,3.14,39.71,44.74,10.56,28.81,34.01,79.0,1002.0,3.25,188.0,Clouds,broken clouds
baripada,2026-06-27 21:52:46.916824,3,335.32,0.0,5.87,61.48,3.02,41.23,46.22,10.55,28.68,33.67,79.0,1002.0,3.09,187.0,Clouds,broken clouds
baripada,2026-06-27 22:53:03.360241,3,342.13,0.0,5.76,60.7,2.93,42.27,47.26,10.79,28.58,33.41,79.0,1002.0,3.08,193.0,Clouds,broken clouds
baripada,2026-06-27 23:52:38.274885,3,350.74,0.0,5.81,59.39,2.89,43.21,48.28,11.16,28.59,33.25,78.0,1002.0,2.2,196.0,Clouds,broken clouds
baripada,2026-06-28 02:13:36.845666,3,366.45,0.24,6.22,56.12,3.19,41.06,46.44,11.64,32.27,37.71,60.0,1003.0,2.83,186.0,Clouds,few clouds
baripada,2026-06-28 06:53:11.784896,3,278.48,0.26,2.25,111.79,7.73,40.64,42.92,5.58,39.38,44.16,35.0,1000.0,3.73,148.0,Clouds,broken clouds
baripada,2026-06-28 09:51:51.794525,3,269.3,0.23,2.85,108.24,6.28,32.46,34.33,9.06,32.5,37.94,59.0,999.0,6.7,270.0,Clouds,overcast clouds
baripada,2026-06-28 11:40:23.303259,3,328.29,0.11,5.92,89.67,6.46,35.53,38.28,13.34,30.23,36.12,72.0,1000.0,6.85,219.0,Rain,very heavy rain
baripada,2026-06-28 13:11:40.382828,3,398.71,0.02,9.22,72.41,7.5,37.66,40.12,10.11,29.12,33.58,73.0,1001.0,4.05,246.0,Rain,light rain
baripada,2026-06-28 15:10:29.888634,3,470.34,0.0,10.35,59.14,5.63,43.78,47.76,11.91,29.09,33.12,71.0,1001.0,3.46,182.0,Clouds,overcast clouds
baripada,2026-06-28 16:57:03.882266,3,520.18,0.0,10.46,50.78,4.31,49.88,54.39,12.37,29.35,33.3,69.0,1002.0,2.15,197.0,Clouds,overcast clouds
baripada,2026-06-28 18:00:26.483040,4,531.11,0.0,10.18,48.28,3.83,51.84,56.11,12.33,28.19,31.93,76.0,1002.0,2.72,192.0,Clouds,overcast clouds
baripada,2026-06-28 19:23:07.655175,4,534.83,0.0,9.71,46.21,3.4,53.05,56.78,12.12,28.5,32.49,75.0,1002.0,2.65,224.0,Clouds,overcast clouds
baripada,2026-06-28 20:51:01.986767,4,543.97,0.0,9.14,42.17,3.08,54.45,57.68,11.63,28.79,33.56,77.0,1001.0,1.56,206.0,Clouds,overcast clouds
baripada,2026-06-28 21:52:57.942661,4,550.91,0.0,9.16,39.56,3.0,54.77,57.91,11.55,28.5,33.38,80.0,1001.0,0.88,196.0,Clouds,overcast clouds
baripada,2026-06-28 22:53:09.906998,4,562.05,0.0,9.42,36.31,2.94,55.25,58.4,11.94,28.37,33.22,81.0,1001.0,0.73,219.0,Clouds,overcast clouds
baripada,2026-06-28 23:59:03.327065,4,575.28,0.01,9.83,33.22,2.99,55.78,59.04,12.58,28.55,33.52,80.0,1001.0,1.02,262.0,Clouds,overcast clouds
baripada,2026-06-29 03:40:23.789391,3,492.76,0.82,11.19,43.19,11.83,42.85,46.22,8.15,35.79,42.17,49.0,1002.0,0.31,2.0,Clouds,broken clouds
baripada,2026-06-29 08:48:40.205339,3,389.79,0.82,11.54,64.53,14.57,34.59,36.97,8.99,37.73,42.81,40.0,999.0,3.95,262.0,Clouds,overcast clouds
baripada,2026-06-29 12:55:59.231098,2,323.86,0.02,10.52,73.74,10.54,23.05,25.63,9.4,31.74,36.77,61.0,1000.0,3.16,209.0,Rain,very heavy rain
baripada,2026-06-29 16:33:23.318262,3,456.33,0.0,11.28,59.0,5.81,40.35,46.43,11.21,30.93,37.41,70.0,1001.0,3.4,197.0,Rain,very heavy rain
baripada,2026-06-29 18:57:50.534182,3,410.78,0.0,9.14,59.99,4.43,40.4,46.79,10.92,29.24,34.96,78.0,1001.0,1.93,173.0,Clouds,overcast clouds
baripada,2026-06-29 20:47:52.523204,3,393.33,0.0,7.99,56.8,3.58,41.26,47.89,11.14,29.03,34.61,79.0,1000.0,1.36,226.0,Clouds,overcast clouds
baripada,2026-06-29 22:03:25.725669,3,395.68,0.0,7.79,54.33,3.41,42.29,48.91,11.35,29.14,34.69,78.0,1000.0,0.77,265.0,Clouds,overcast clouds
baripada,2026-06-29 23:52:36.487637,3,419.25,0.0,8.21,46.95,3.32,44.16,50.84,11.68,29.05,34.66,79.0,1001.0,1.1,201.0,Rain,moderate rain
baripada,2026-06-30 02:08:08.393695,3,473.31,0.15,10.19,36.64,5.63,42.81,48.52,10.85,30.24,36.42,73.0,1002.0,2.01,201.0,Rain,light rain
baripada,2026-06-30 06:44:36.069906,3,424.39,2.73,9.58,56.77,13.62,32.83,35.88,10.6,35.71,41.98,49.0,1001.0,1.02,254.0,Clouds,overcast clouds
baripada,2026-06-30 10:23:48.973075,3,318.57,0.5,7.29,94.28,14.37,36.41,38.86,7.71,36.97,41.97,42.0,999.0,1.97,151.0,Clouds,overcast clouds
baripada,2026-06-30 13:03:06.889253,3,339.3,0.01,10.03,74.99,10.59,27.84,31.48,15.62,30.4,35.77,69.0,1000.0,4.43,172.0,Rain,light rain
baripada,2026-06-30 16:15:04.857036,3,515.25,0.0,19.53,29.98,10.23,39.46,45.22,12.61,29.87,34.96,71.0,1002.0,2.82,171.0,Clouds,overcast clouds
baripada,2026-06-30 18:27:31.961450,3,530.92,0.0,17.09,29.2,8.56,39.23,44.19,10.88,29.78,34.97,72.0,1001.0,2.0,166.0,Clouds,overcast clouds
baripada,2026-06-30 20:50:12.625427,3,541.21,0.01,13.51,26.83,4.78,39.71,42.48,11.72,28.57,33.38,79.0,1000.0,1.23,207.0,Clouds,overcast clouds
baripada,2026-06-30 22:07:53.916557,3,555.26,0.01,13.15,24.75,4.61,41.06,43.52,12.95,28.64,33.37,78.0,1000.0,0.73,193.0,Clouds,overcast clouds
baripada,2026-06-30 23:57:16.081140,3,595.06,0.03,13.32,20.21,4.74,43.85,46.31,15.24,28.7,33.53,78.0,1001.0,0.88,97.0,Clouds,overcast clouds
baripada,2026-07-01 02:49:12.866804,3,621.93,0.95,13.62,19.85,6.98,43.96,48.15,6.25,28.94,33.75,76.0,1003.0,1.49,64.0,Clouds,overcast clouds
baripada,2026-07-01 07:02:48.079090,3,418.02,3.11,16.49,40.99,15.98,37.89,41.07,4.53,31.71,37.29,63.0,1000.0,2.15,10.0,Clouds,overcast clouds
baripada,2026-07-01 11:15:50.718559,3,380.59,0.67,17.19,46.49,15.77,36.19,39.28,6.0,33.0,38.14,56.0,998.0,0.99,70.0,Rain,light rain
baripada,2026-07-01 14:04:14.330981,3,414.11,0.0,15.14,41.77,9.97,34.04,38.26,4.77,30.1,35.79,72.0,1000.0,2.19,165.0,Clouds,broken clouds
baripada,2026-07-01 17:04:58.752787,3,520.41,0.0,13.28,35.99,8.52,43.84,49.6,4.55,28.98,34.69,80.0,1001.0,1.92,140.0,Clouds,broken clouds
baripada,2026-07-01 19:28:21.945153,3,485.86,0.0,10.83,41.45,8.85,45.39,48.84,3.24,27.92,32.67,85.0,1000.0,1.7,136.0,Rain,light rain
baripada,2026-07-01 21:15:43.984607,3,463.56,0.0,11.77,36.64,10.17,44.03,46.1,3.01,27.66,32.1,86.0,999.0,0.85,129.0,Rain,light rain
baripada,2026-07-01 23:01:08.302742,3,450.78,0.0,13.78,27.71,9.69,41.93,43.73,3.17,27.7,32.06,85.0,999.0,0.02,153.0,Rain,moderate rain
baripada,2026-07-02 02:05:22.051472,3,458.09,1.16,14.76,20.67,9.12,38.83,42.32,3.7,29.48,34.68,74.0,1000.0,1.53,341.0,Rain,light rain
baripada,2026-07-02 06:29:02.399663,2,298.91,1.57,16.68,31.95,15.72,22.25,24.69,1.56,32.73,39.18,61.0,1000.0,2.47,58.0,Clouds,overcast clouds
baripada,2026-07-02 09:51:07.735570,2,287.06,0.15,13.03,47.73,10.97,16.53,18.13,2.16,32.27,39.27,65.0,998.0,3.11,139.0,Clouds,overcast clouds
baripada,2026-07-02 12:01:07.159006,2,322.5,0.11,15.32,43.84,12.28,19.94,22.06,3.42,31.58,38.58,69.0,998.0,3.38,158.0,Rain,light rain
baripada,2026-07-02 15:04:08.802372,3,547.07,0.12,21.78,16.83,9.32,36.52,42.28,5.72,29.12,35.08,80.0,1000.0,3.19,160.0,Clouds,overcast clouds
baripada,2026-07-02 17:25:10.189080,3,594.76,0.24,20.48,13.12,8.98,38.67,44.11,5.52,28.71,34.76,84.0,1001.0,2.1,161.0,Clouds,overcast clouds
baripada,2026-07-02 19:07:00.313121,3,561.86,0.13,19.16,10.93,8.9,36.04,39.02,4.28,28.31,33.97,86.0,1000.0,1.33,127.0,Clouds,overcast clouds
baripada,2026-07-02 20:52:09.551262,3,538.37,0.1,17.81,7.99,7.51,31.88,34.01,4.43,27.65,32.36,88.0,999.0,1.18,71.0,Clouds,overcast clouds
baripada,2026-07-02 21:57:43.879519,3,533.65,0.14,17.32,6.55,6.87,30.49,32.52,5.06,27.55,32.07,88.0,999.0,1.32,75.0,Clouds,overcast clouds
baripada,2026-07-02 22:59:51.876654,3,537.46,0.25,17.02,4.98,6.34,30.47,32.64,6.53,27.51,31.82,87.0,999.0,1.47,71.0,Clouds,overcast clouds
baripada,2026-07-03 00:05:39.397771,3,546.34,0.44,16.92,3.77,6.14,30.8,33.19,8.74,27.72,32.27,86.0,1000.0,1.46,43.0,Clouds,overcast clouds
baripada,2026-07-03 04:35:04.224659,3,477.77,2.05,20.64,10.23,10.1,25.58,28.06,2.26,32.63,39.28,62.0,1000.0,3.27,83.0,Clouds,overcast clouds
baripada,2026-07-03 07:54:34.933148,3,487.73,2.06,19.02,19.4,7.06,25.81,27.87,3.37,30.79,36.75,69.0,998.0,2.63,155.0,Clouds,overcast clouds
baripada,2026-07-03 10:25:19.224282,3,503.58,0.97,18.69,21.46,6.0,27.64,29.56,3.74,32.11,38.29,63.0,997.0,1.1,248.0,Rain,moderate rain
baripada,2026-07-03 12:51:48.687773,3,533.32,0.2,21.19,16.69,5.52,26.59,29.4,4.48,28.73,34.82,84.0,997.0,0.56,93.0,Clouds,overcast clouds
baripada,2026-07-03 15:00:55.165538,3,691.88,1.6,18.16,15.08,5.01,40.27,46.67,7.74,28.71,34.56,83.0,999.0,1.38,76.0,Clouds,overcast clouds
baripada,2026-07-03 17:11:05.687936,3,684.58,1.51,15.89,12.7,3.93,39.01,44.78,5.89,28.4,33.86,84.0,999.0,1.18,23.0,Rain,heavy intensity rain
baripada,2026-07-03 18:59:28.322640,3,653.26,0.66,14.71,9.42,3.21,37.42,41.15,5.07,27.43,31.72,88.0,998.0,1.86,26.0,Rain,heavy intensity rain
baripada,2026-07-03 20:13:49.503462,3,631.0,0.36,14.0,8.66,3.04,36.65,39.45,4.63,27.28,31.42,89.0,997.0,2.12,37.0,Clouds,overcast clouds
baripada,2026-07-03 21:55:33.130589,3,586.0,0.19,12.61,9.64,2.94,34.46,36.14,3.97,27.12,30.97,89.0,997.0,2.93,28.0,Clouds,overcast clouds
baripada,2026-07-03 22:53:32.816042,3,559.05,0.13,12.35,10.89,3.04,32.72,34.09,3.71,26.98,30.68,90.0,997.0,3.14,28.0,Clouds,overcast clouds
baripada,2026-07-03 23:55:30.123519,3,533.46,0.1,12.16,12.05,3.05,30.57,31.81,3.6,27.01,30.76,90.0,997.0,2.99,20.0,Clouds,overcast clouds
baripada,2026-07-04 01:48:46.890929,2,468.86,0.47,10.56,15.89,2.99,23.64,25.34,2.99,28.36,33.93,85.0,998.0,4.52,33.0,Clouds,overcast clouds
baripada,2026-07-04 05:35:59.924191,2,326.89,0.5,8.31,29.67,3.2,14.55,15.79,2.62,29.82,36.58,78.0,997.0,3.14,57.0,Clouds,overcast clouds
baripada,2026-07-04 08:20:57.678288,2,331.4,0.64,7.79,34.3,3.38,17.1,18.66,2.92,30.51,37.51,76.0,994.0,3.72,85.0,Rain,heavy intensity rain
baripada,2026-07-04 10:48:09.330245,2,375.83,0.37,9.97,35.61,3.93,21.4,23.51,3.78,30.15,37.15,78.0,993.0,2.22,94.0,Clouds,overcast clouds
baripada,2026-07-04 12:00:57.109638,2,391.04,0.14,12.24,32.49,5.04,22.67,24.84,3.83,29.35,36.35,83.0,993.0,2.23,66.0,Clouds,overcast clouds
baripada,2026-07-04 14:22:50.266220,2,302.49,0.0,9.95,26.68,4.53,13.71,15.63,3.19,28.37,34.35,87.0,995.0,2.01,36.0,Clouds,overcast clouds
baripada,2026-07-04 15:53:24.617253,2,348.41,0.01,12.12,19.27,4.88,14.88,16.8,2.83,27.69,32.93,91.0,995.0,2.61,47.0,Clouds,overcast clouds
baripada,2026-07-04 16:51:19.587148,2,370.88,0.02,12.95,16.56,4.91,15.33,17.1,2.68,27.55,32.64,92.0,995.0,2.86,44.0,Clouds,overcast clouds
baripada,2026-07-04 17:55:01.401700,2,391.31,0.03,13.64,14.48,4.98,15.99,17.45,2.54,27.39,32.01,91.0,995.0,3.65,22.0,Clouds,overcast clouds
baripada,2026-07-04 18:54:00.873994,2,406.91,0.03,13.88,13.21,5.04,16.67,17.69,2.31,27.75,32.96,90.0,995.0,3.69,15.0,Clouds,overcast clouds
baripada,2026-07-04 20:04:08.104917,2,420.52,0.03,13.64,12.72,4.97,17.47,18.25,2.14,27.5,32.63,93.0,994.0,2.94,13.0,Rain,moderate rain
baripada,2026-07-04 21:46:10.157078,2,433.81,0.03,12.77,12.68,4.7,18.45,19.01,1.87,26.87,30.86,95.0,994.0,4.34,139.0,Clouds,overcast clouds
baripada,2026-07-04 22:45:31.942158,2,439.21,0.03,12.56,12.14,4.6,18.19,18.71,1.79,26.59,26.59,95.0,994.0,4.35,133.0,Clouds,overcast clouds
baripada,2026-07-04 23:52:16.504693,2,447.48,0.03,12.58,11.2,4.57,17.84,18.35,1.73,26.47,26.47,94.0,995.0,3.73,135.0,Clouds,overcast clouds
baripada,2026-07-05 01:54:19.379380,2,456.4,0.24,12.6,9.32,4.45,16.53,17.49,1.87,28.44,34.17,85.0,995.0,4.17,104.0,Clouds,overcast clouds
baripada,2026-07-05 05:54:06.358071,2,405.25,0.73,11.28,14.51,6.9,13.6,14.82,1.78,30.35,37.35,79.0,994.0,5.09,91.0,Clouds,overcast clouds
baripada,2026-07-05 08:38:39.230064,2,406.05,0.74,14.05,18.96,8.62,14.99,15.96,1.89,30.5,37.5,76.0,992.0,4.73,126.0,Rain,moderate rain
baripada,2026-07-05 10:57:27.303484,2,399.81,0.52,16.16,20.26,8.99,15.53,16.61,1.96,30.3,37.3,76.0,992.0,3.57,117.0,Rain,light rain
baripada,2026-07-05 12:11:17.778151,2,384.05,0.23,16.02,21.7,8.31,14.84,15.97,1.89,29.17,35.92,83.0,992.0,3.98,163.0,Clouds,overcast clouds
baripada,2026-07-05 14:24:46.587999,2,373.35,0.01,17.29,16.61,9.42,16.1,17.43,1.68,26.9,30.45,90.0,994.0,5.93,172.0,Clouds,overcast clouds
baripada,2026-07-05 15:59:58.273495,2,361.45,0.01,15.28,17.47,8.61,14.56,15.77,1.56,26.07,26.07,91.0,995.0,5.43,171.0,Clouds,broken clouds
baripada,2026-07-05 17:11:36.769101,2,357.92,0.01,13.75,18.36,7.63,13.87,14.97,1.53,25.94,26.99,92.0,995.0,4.64,171.0,Clouds,broken clouds
baripada,2026-07-05 18:59:12.691766,2,336.03,0.0,10.76,20.57,6.59,11.99,12.57,1.28,26.32,26.32,92.0,994.0,4.44,193.0,Clouds,overcast clouds
baripada,2026-07-05 20:12:50.285186,2,315.57,0.0,9.7,21.75,6.63,10.96,11.42,1.15,26.14,26.14,91.0,994.0,4.89,189.0,Clouds,overcast clouds
baripada,2026-07-05 21:49:15.028347,1,259.16,0.0,8.14,22.93,6.15,8.77,9.14,0.98,25.81,26.82,91.0,994.0,5.27,193.0,Clouds,overcast clouds
baripada,2026-07-05 22:49:35.372799,1,233.5,0.0,7.68,22.86,5.57,7.55,7.93,0.93,25.86,26.85,90.0,994.0,5.21,188.0,Clouds,overcast clouds
baripada,2026-07-05 23:55:38.164807,1,212.08,0.0,7.39,22.75,5.21,6.51,6.94,0.92,25.81,26.82,91.0,995.0,5.08,181.0,Clouds,overcast clouds
baripada,2026-07-06 02:01:19.954262,1,183.7,0.08,7.26,22.02,6.0,5.4,6.28,1.13,26.01,26.01,92.0,997.0,5.54,180.0,Clouds,overcast clouds
baripada,2026-07-06 06:59:29.222133,1,149.59,0.63,5.64,33.35,6.53,6.45,7.42,1.31,26.39,26.39,89.0,997.0,5.66,190.0,Clouds,overcast clouds
baripada,2026-07-06 11:26:59.199578,1,146.15,0.23,5.99,41.7,6.62,8.48,9.65,2.03,27.74,31.6,81.0,997.0,4.2,196.0,Clouds,overcast clouds
baripada,2026-07-06 14:54:50.345462,2,207.45,0.0,7.9,39.29,6.17,13.38,17.83,4.95,26.4,26.4,86.0,999.0,4.68,198.0,Clouds,overcast clouds
baripada,2026-07-06 17:33:46.433170,2,233.16,0.0,8.0,35.09,4.85,15.42,21.23,4.68,26.31,26.31,85.0,1001.0,3.01,197.0,Clouds,overcast clouds
baripada,2026-07-06 19:33:16.955385,2,214.74,0.0,6.95,34.78,4.1,14.02,19.69,3.82,26.6,26.6,85.0,1000.0,2.31,204.0,Clouds,overcast clouds
baripada,2026-07-06 21:19:27.874222,2,202.12,0.0,6.41,35.38,4.11,13.14,18.62,3.44,26.46,26.46,85.0,1000.0,2.72,183.0,Clouds,overcast clouds
baripada,2026-07-06 22:55:57.834450,2,185.44,0.0,5.86,36.53,4.33,12.31,16.72,2.75,26.2,26.2,87.0,1000.0,3.35,182.0,Clouds,overcast clouds
baripada,2026-07-06 23:57:57.793456,2,184.36,0.0,5.79,37.42,4.23,12.94,17.1,2.52,25.73,26.73,91.0,1001.0,3.19,196.0,Clouds,overcast clouds
baripada,2026-07-07 02:37:33.687749,2,186.75,0.3,5.84,47.19,4.29,19.93,25.34,2.14,27.95,32.13,81.0,1002.0,3.89,190.0,Clouds,overcast clouds
baripada,2026-07-07 06:35:23.084152,2,150.19,0.1,3.95,61.79,4.79,17.87,23.98,2.0,29.47,35.35,77.0,1001.0,2.5,201.0,Clouds,overcast clouds
baripada,2026-07-07 10:17:39.386990,2,148.2,0.11,3.42,69.31,4.61,15.0,20.38,2.6,30.43,36.65,72.0,999.0,1.43,165.0,Clouds,overcast clouds
baripada,2026-07-07 13:10:44.315050,2,161.45,0.01,5.28,70.73,5.34,17.45,24.06,3.8,29.75,35.62,75.0,1000.0,1.57,185.0,Clouds,overcast clouds
baripada,2026-07-07 16:16:59.247184,2,173.95,0.0,5.35,60.15,4.78,14.19,21.39,4.15,28.18,33.06,83.0,1002.0,3.82,205.0,Clouds,overcast clouds
baripada,2026-07-07 18:54:11.023057,2,165.48,0.0,4.74,57.62,4.35,14.04,23.49,3.89,27.57,31.44,83.0,1002.0,2.32,207.0,Clouds,overcast clouds
baripada,2026-07-07 20:44:33.480510,2,162.81,0.0,4.47,55.14,4.56,14.41,23.84,3.56,27.18,30.79,86.0,1001.0,3.49,191.0,Clouds,overcast clouds
baripada,2026-07-07 22:04:17.152360,2,166.41,0.0,4.54,53.63,4.69,14.92,23.96,3.44,27.08,30.53,86.0,1001.0,3.04,200.0,Clouds,overcast clouds
baripada,2026-07-07 23:44:50.700853,2,178.53,0.0,4.89,51.37,4.73,16.44,25.35,3.44,26.97,30.35,87.0,1001.0,3.39,194.0,Clouds,overcast clouds
baripada,2026-07-08 01:26:36.855184,2,184.73,0.11,5.1,51.22,4.86,17.44,26.89,3.48,28.45,33.44,81.0,1002.0,3.05,201.0,Clouds,overcast clouds
baripada,2026-07-08 04:57:28.233469,3,184.19,0.37,3.82,74.75,6.79,26.23,37.11,2.27,35.17,41.08,50.0,1001.0,3.48,206.0,Clouds,overcast clouds
baripada,2026-07-08 07:25:07.162465,2,164.14,0.18,3.15,79.77,6.96,24.14,31.8,1.71,33.54,40.16,58.0,1001.0,3.78,189.0,Clouds,overcast clouds
baripada,2026-07-08 10:05:43.386727,2,159.36,0.08,3.56,72.97,4.99,16.85,22.43,2.37,32.85,39.49,61.0,999.0,2.66,200.0,Clouds,overcast clouds
baripada,2026-07-08 12:13:04.133819,2,175.68,0.02,4.99,74.2,5.21,20.27,28.11,3.53,33.01,39.91,61.0,999.0,4.25,181.0,Clouds,overcast clouds
baripada,2026-07-08 15:07:43.490738,2,178.29,0.0,5.55,63.81,5.39,19.86,29.12,4.41,30.3,36.04,71.0,1002.0,4.22,194.0,Clouds,overcast clouds
baripada,2026-07-08 17:17:31.762479,2,165.37,0.0,4.93,57.86,4.78,16.91,25.8,4.2,29.73,35.33,74.0,1002.0,4.33,190.0,Clouds,overcast clouds
baripada,2026-07-08 19:04:16.204551,2,155.17,0.0,4.62,52.95,4.24,14.34,21.06,3.65,28.75,34.26,81.0,1002.0,4.31,192.0,Clouds,overcast clouds
baripada,2026-07-08 20:55:09.803614,2,157.28,0.0,4.53,49.47,3.59,13.38,16.88,2.83,28.37,33.4,82.0,1001.0,3.9,201.0,Clouds,overcast clouds
baripada,2026-07-08 21:57:53.062952,2,160.81,0.0,4.62,47.64,3.54,13.33,16.04,2.5,28.35,33.35,82.0,1001.0,3.3,190.0,Clouds,overcast clouds
baripada,2026-07-08 22:59:52.207049,2,165.82,0.0,4.81,46.11,3.59,13.55,15.69,2.24,28.01,32.6,83.0,1001.0,3.91,184.0,Clouds,overcast clouds
baripada,2026-07-09 00:09:23.156965,2,171.72,0.0,5.09,44.65,3.72,14.01,15.9,2.09,27.95,32.6,84.0,1001.0,3.49,186.0,Clouds,overcast clouds
baripada,2026-07-09 04:46:10.828269,2,192.56,0.42,5.77,53.29,7.23,19.74,25.83,2.82,30.17,36.23,73.0,1003.0,2.57,177.0,Clouds,overcast clouds
baripada,2026-07-09 08:18:34.564430,2,195.44,0.15,6.48,54.81,8.69,20.5,24.34,2.16,33.47,39.61,57.0,1001.0,4.66,203.0,Rain,light rain
baripada,2026-07-09 11:44:17.924516,3,272.33,0.12,9.05,44.24,7.47,26.21,29.85,2.7,30.09,35.76,72.0,1001.0,5.41,188.0,Clouds,overcast clouds
baripada,2026-07-09 14:27:20.285805,3,246.93,0.0,9.29,46.64,6.39,28.47,35.07,2.95,28.09,32.98,84.0,1002.0,3.71,201.0,Clouds,overcast clouds
baripada,2026-07-09 17:11:21.374421,3,287.29,0.0,9.57,39.58,5.48,28.57,36.28,3.4,27.6,32.07,87.0,1002.0,4.01,192.0,Clouds,overcast clouds
baripada,2026-07-09 19:19:21.980971,3,294.86,0.0,9.26,35.43,4.57,27.92,34.75,3.24,27.84,32.3,84.0,1001.0,3.33,217.0,Clouds,overcast clouds
baripada,2026-07-09 21:10:20.698151,3,290.6,0.0,8.3,33.33,4.14,26.92,33.14,3.01,27.9,32.3,83.0,1000.0,2.2,214.0,Clouds,overcast clouds
baripada,2026-07-09 23:01:44.109765,3,290.68,0.0,7.79,30.76,3.83,25.79,30.77,2.74,27.62,31.85,85.0,1000.0,1.61,190.0,Clouds,overcast clouds
baripada,2026-07-10 01:47:08.109392,2,309.08,0.51,8.6,24.7,5.42,23.06,26.83,2.73,26.73,30.06,91.0,1002.0,3.0,188.0,Rain,moderate rain
baripada,2026-07-10 05:52:42.260413,2,203.64,1.06,10.9,32.78,11.81,11.92,13.39,1.59,32.46,39.46,64.0,1001.0,2.05,154.0,Clouds,overcast clouds
baripada,2026-07-10 08:58:47.480530,2,237.96,1.81,10.42,37.31,13.04,17.93,19.6,1.86,35.36,42.36,52.0,999.0,1.13,193.0,Clouds,overcast clouds
baripada,2026-07-10 11:48:53.609373,2,280.63,0.3,12.09,38.47,10.48,23.21,24.96,1.98,32.88,39.88,63.0,999.0,2.52,254.0,Clouds,overcast clouds
baripada,2026-07-10 13:54:12.279782,2,261.97,0.0,10.46,38.43,7.07,17.03,19.22,2.34,30.41,37.16,74.0,1001.0,2.73,242.0,Clouds,overcast clouds
baripada,2026-07-10 16:13:14.828611,2,292.98,0.0,10.69,32.78,6.45,19.32,22.62,2.68,29.41,35.43,78.0,1002.0,2.28,211.0,Clouds,overcast clouds
baripada,2026-07-10 18:16:20.449704,2,319.59,0.0,10.81,27.78,5.34,21.84,25.99,2.84,29.25,34.76,77.0,1001.0,1.58,313.0,Clouds,overcast clouds
baripada,2026-07-10 20:12:08.049509,2,323.88,0.0,9.77,24.99,4.28,22.93,26.6,2.72,27.71,32.09,85.0,1001.0,2.2,332.0,Clouds,overcast clouds
baripada,2026-07-10 21:50:25.787185,2,320.44,0.0,8.58,23.32,3.72,22.64,25.7,2.64,27.47,31.71,87.0,1000.0,0.68,310.0,Clouds,overcast clouds
baripada,2026-07-10 22:48:46.816036,2,317.48,0.0,8.22,21.92,3.52,21.68,24.44,2.63,27.21,31.22,89.0,1000.0,0.53,81.0,Clouds,overcast clouds
baripada,2026-07-10 23:46:19.565529,2,311.87,0.0,8.08,20.33,3.5,20.22,22.82,2.66,27.08,30.96,90.0,1001.0,0.54,120.0,Clouds,overcast clouds
baripada,2026-07-11 01:26:19.651604,2,305.46,0.17,7.97,19.29,3.8,18.45,21.09,2.83,27.54,31.77,86.0,1001.0,1.0,18.0,Clouds,overcast clouds
baripada,2026-07-11 04:52:34.213952,2,171.92,0.63,6.05,52.77,10.07,10.61,12.43,3.22,30.36,35.41,68.0,1001.0,1.48,254.0,Clouds,overcast clouds
baripada,2026-07-11 07:04:57.554784,2,155.44,0.3,4.51,68.58,9.98,14.36,15.85,2.73,31.87,36.19,58.0,1000.0,2.43,273.0,Clouds,overcast clouds
baripada,2026-07-11 09:15:23.567849,2,149.74,0.19,5.07,70.08,9.18,11.24,12.43,2.59,32.83,37.12,54.0,999.0,2.95,271.0,Clouds,overcast clouds
baripada,2026-07-11 10:53:10.744797,2,161.87,0.21,7.26,66.57,10.73,12.03,13.3,3.41,32.9,37.27,54.0,998.0,2.17,273.0,Clouds,overcast clouds
baripada,2026-07-11 11:43:23.790554,2,171.76,0.17,8.61,63.87,11.0,13.14,14.59,3.82,32.65,37.97,58.0,998.0,1.09,275.0,Clouds,overcast clouds
baripada,2026-07-11 12:51:35.512257,2,189.11,0.04,9.89,58.96,10.53,14.76,16.78,4.47,30.94,35.74,64.0,999.0,1.47,242.0,Clouds,overcast clouds
baripada,2026-07-11 14:17:25.142959,2,216.11,0.0,10.37,53.66,9.7,17.09,20.01,5.32,30.67,35.38,65.0,999.0,1.82,229.0,Clouds,overcast clouds
baripada,2026-07-11 15:43:46.004264,2,260.64,0.0,10.01,47.28,7.45,20.64,24.9,5.69,29.74,33.97,68.0,1000.0,2.89,241.0,Clouds,overcast clouds
baripada,2026-07-11 16:41:40.319483,2,282.04,0.0,9.84,44.43,6.27,22.41,27.37,5.57,29.54,33.52,68.0,1000.0,1.95,218.0,Clouds,broken clouds
baripada,2026-07-11 17:44:48.527438,2,296.84,0.0,9.63,41.78,5.27,23.74,28.97,5.26,29.23,33.04,69.0,999.0,0.63,219.0,Clouds,overcast clouds
baripada,2026-07-11 18:43:00.034124,2,300.95,0.0,9.13,39.51,4.38,24.11,29.12,4.92,29.14,31.94,64.0,999.0,1.27,239.0,Clouds,overcast clouds
baripada,2026-07-11 19:58:11.189778,2,299.38,0.0,8.46,38.39,3.94,23.71,28.39,4.79,28.9,31.33,63.0,999.0,1.96,248.0,Clouds,overcast clouds
baripada,2026-07-11 20:42:26.699595,2,289.69,0.0,7.87,38.78,4.09,22.52,26.77,4.75,29.0,31.51,63.0,999.0,1.12,253.0,Clouds,overcast clouds
baripada,2026-07-11 21:38:46.608421,2,271.94,0.0,7.45,40.58,4.89,20.43,24.16,4.84,28.97,31.45,63.0,998.0,1.19,240.0,Clouds,overcast clouds
baripada,2026-07-11 22:36:09.263767,2,260.1,0.0,7.15,40.23,5.08,18.12,21.38,5.19,28.93,31.54,64.0,998.0,0.58,222.0,Clouds,overcast clouds
baripada,2026-07-11 23:42:01.914336,2,249.64,0.0,7.01,39.4,5.23,15.96,18.85,5.61,28.76,31.71,67.0,999.0,0.44,258.0,Clouds,overcast clouds
baripada,2026-07-12 01:28:12.536043,2,241.5,0.11,7.04,38.66,5.62,14.35,17.11,6.09,29.19,32.95,69.0,999.0,1.16,266.0,Clouds,overcast clouds
baripada,2026-07-12 05:14:59.325771,2,154.78,0.66,6.08,62.01,12.05,15.33,17.59,4.39,32.91,38.26,57.0,1000.0,0.87,273.0,Clouds,overcast clouds
baripada,2026-07-12 07:56:32.755658,2,145.28,0.22,5.85,64.22,10.45,12.1,14.02,4.11,36.05,41.13,45.0,997.0,2.81,239.0,Clouds,overcast clouds
baripada,2026-07-12 09:43:39.796457,2,148.82,0.14,7.1,62.7,11.57,11.61,13.76,4.43,37.21,42.08,41.0,996.0,2.25,187.0,Clouds,overcast clouds
baripada,2026-07-12 11:03:41.217312,2,155.18,0.11,8.79,59.37,13.47,11.39,13.67,4.86,35.05,41.19,51.0,996.0,3.55,187.0,Clouds,overcast clouds
baripada,2026-07-12 12:52:26.030737,2,177.18,0.01,11.88,50.13,15.92,11.03,13.69,5.9,32.04,37.79,62.0,997.0,2.53,180.0,Clouds,overcast clouds
baripada,2026-07-12 14:22:03.994462,2,207.06,0.0,9.9,51.9,8.77,10.42,13.12,5.92,32.1,37.62,61.0,998.0,1.86,188.0,Clouds,overcast clouds
baripada,2026-07-12 15:48:06.730305,2,248.95,0.0,9.96,44.93,7.98,14.14,17.99,6.27,31.39,35.96,61.0,999.0,2.71,232.0,Clouds,overcast clouds
baripada,2026-07-12 16:43:37.309908,2,266.85,0.0,9.74,42.86,7.5,16.18,20.04,5.67,31.15,35.17,60.0,999.0,3.16,245.0,Clouds,overcast clouds
baripada,2026-07-12 17:50:01.747433,2,277.95,0.0,9.44,41.16,6.84,17.81,21.42,5.03,30.77,34.36,60.0,998.0,2.57,248.0,Clouds,overcast clouds
baripada,2026-07-12 18:46:40.501678,2,279.32,0.0,8.89,39.38,6.1,18.54,21.68,4.6,30.29,33.83,62.0,999.0,2.44,256.0,Clouds,overcast clouds
baripada,2026-07-12 20:00:19.019509,2,278.25,0.0,8.48,37.66,5.88,18.4,21.18,4.56,30.22,33.69,62.0,998.0,2.47,255.0,Clouds,overcast clouds
baripada,2026-07-12 20:51:02.614027,2,270.54,0.0,8.24,36.12,6.12,17.33,19.76,4.61,30.02,33.49,63.0,998.0,1.95,253.0,Clouds,overcast clouds
baripada,2026-07-12 21:38:27.422002,2,253.7,0.0,8.19,35.32,6.36,15.57,17.77,4.72,29.78,33.21,64.0,998.0,1.76,239.0,Clouds,overcast clouds
baripada,2026-07-12 22:37:12.638486,2,245.01,0.0,8.37,34.02,6.79,14.78,17.08,5.18,29.49,32.81,65.0,998.0,1.42,243.0,Clouds,overcast clouds
baripada,2026-07-12 23:41:38.449456,2,240.42,0.0,8.55,33.22,7.29,14.64,17.17,5.78,29.64,33.32,66.0,999.0,1.8,273.0,Clouds,overcast clouds
baripada,2026-07-13 01:29:02.527186,2,241.06,0.02,8.9,32.49,9.1,14.69,17.26,5.92,30.27,34.95,67.0,999.0,2.21,282.0,Clouds,overcast clouds
baripada,2026-07-13 05:24:16.515241,2,237.24,0.91,11.25,39.73,15.46,17.55,20.32,5.02,35.99,41.4,46.0,1001.0,2.36,10.0,Clouds,overcast clouds
baripada,2026-07-13 08:44:28.359955,2,175.88,0.16,8.79,63.7,12.5,16.89,19.12,3.65,31.1,36.97,67.0,998.0,3.92,244.0,Rain,light rain
baripada,2026-07-13 11:49:52.966697,2,236.6,0.11,13.29,50.43,13.01,22.12,25.91,5.58,28.83,34.27,80.0,999.0,3.53,119.0,Clouds,overcast clouds
baripada,2026-07-13 14:00:24.246084,3,400.13,0.01,19.19,30.75,11.31,25.42,33.54,10.31,26.54,26.54,94.0,1002.0,5.27,156.0,Clouds,overcast clouds
baripada,2026-07-13 16:35:37.114798,3,537.21,0.03,19.66,16.8,6.83,34.89,46.52,7.99,27.02,30.9,91.0,1003.0,1.98,144.0,Clouds,overcast clouds
baripada,2026-07-13 18:25:58.918737,3,571.45,0.06,19.47,13.68,5.9,37.14,49.09,8.15,26.82,30.32,91.0,1002.0,2.53,206.0,Clouds,overcast clouds
baripada,2026-07-13 20:07:03.819283,3,601.07,0.15,18.38,10.02,8.05,38.92,49.46,9.67,27.53,31.74,86.0,1000.0,1.26,259.0,Clouds,overcast clouds
baripada,2026-07-13 21:43:21.149358,3,624.26,0.21,18.08,8.17,10.03,40.88,50.14,12.77,27.46,31.42,85.0,1000.0,1.09,183.0,Clouds,overcast clouds
baripada,2026-07-13 22:43:30.231173,3,620.1,0.21,17.03,8.01,10.15,41.24,49.36,10.44,27.49,31.37,84.0,1000.0,1.03,152.0,Rain,light rain
baripada,2026-07-13 23:42:00.906939,3,605.86,0.19,15.92,8.55,9.56,40.95,48.0,7.6,27.06,30.48,86.0,1001.0,1.92,184.0,Clouds,overcast clouds
baripada,2026-07-14 01:18:17.743650,3,589.47,0.28,14.93,9.6,10.23,40.29,46.63,6.16,26.64,26.64,89.0,1002.0,1.61,180.0,Rain,moderate rain
baripada,2026-07-14 04:39:26.979871,3,525.65,1.4,13.14,17.27,11.96,36.12,41.26,4.55,28.05,32.71,83.0,1002.0,1.45,235.0,Clouds,overcast clouds
baripada,2026-07-14 07:02:24.178058,3,438.41,2.53,12.14,32.86,13.96,41.59,45.47,4.28,29.93,35.85,74.0,1001.0,0.8,209.0,Clouds,overcast clouds
baripada,2026-07-14 09:44:44.270331,4,418.54,2.74,17.67,34.31,17.45,53.22,57.51,6.95,31.31,37.81,68.0,999.0,1.09,320.0,Rain,moderate rain
baripada,2026-07-14 11:16:29.693727,4,413.07,2.41,20.41,28.29,16.98,52.92,56.76,5.15,31.77,38.07,65.0,999.0,0.77,276.0,Clouds,overcast clouds
baripada,2026-07-14 13:03:29.745607,4,403.95,0.45,26.32,14.58,13.96,51.06,54.77,3.2,30.12,36.63,75.0,999.0,1.06,243.0,Clouds,overcast clouds
baripada,2026-07-14 15:15:31.901469,3,513.48,0.2,24.0,6.84,9.66,45.57,51.87,5.82,28.54,33.68,81.0,1001.0,2.7,260.0,Clouds,overcast clouds
baripada,2026-07-14 17:01:00.017175,3,565.25,0.45,22.32,4.28,7.74,49.12,57.18,9.05,27.97,32.49,83.0,1001.0,2.72,269.0,Clouds,overcast clouds
baripada,2026-07-14 18:59:40.231803,4,593.42,1.01,20.06,3.51,10.08,50.93,58.15,14.55,26.61,26.61,89.0,1001.0,2.09,296.0,Clouds,overcast clouds
baripada,2026-07-14 20:11:09.523205,4,598.43,1.17,18.27,3.52,12.75,50.47,56.35,12.42,26.65,26.65,89.0,1000.0,2.18,307.0,Clouds,overcast clouds
baripada,2026-07-14 21:45:31.758005,3,573.93,0.53,15.2,4.58,12.86,48.83,52.27,4.87,26.29,26.29,91.0,1000.0,2.38,320.0,Clouds,overcast clouds
baripada,2026-07-14 22:45:22.482204,3,563.89,0.29,14.13,5.37,12.19,48.92,52.01,4.69,26.13,26.13,91.0,1001.0,2.5,321.0,Clouds,overcast clouds
baripada,2026-07-14 23:41:20.564737,3,561.57,0.24,13.62,6.12,12.44,49.65,52.67,5.72,25.9,26.95,92.0,1001.0,2.66,327.0,Clouds,overcast clouds
baripada,2026-07-15 01:15:43.404612,4,568.86,0.35,13.65,6.95,13.32,50.55,54.04,7.1,26.8,30.26,91.0,1001.0,2.55,332.0,Clouds,overcast clouds
baripada,2026-07-15 04:39:16.281655,3,493.98,1.26,12.56,21.03,11.79,46.27,50.61,3.57,32.01,39.01,68.0,1002.0,3.49,5.0,Clouds,overcast clouds
baripada,2026-07-15 07:05:42.541843,3,384.7,1.29,13.67,37.09,13.85,40.64,43.1,2.19,32.88,39.88,63.0,1001.0,3.15,20.0,Clouds,overcast clouds
baripada,2026-07-15 09:48:30.343402,3,343.52,1.25,13.16,43.77,15.34,38.77,40.53,2.17,32.12,39.12,69.0,999.0,1.42,25.0,Clouds,overcast clouds
baripada,2026-07-15 11:20:19.428080,3,357.61,0.92,14.41,38.88,15.62,38.13,39.92,2.54,32.07,39.07,69.0,999.0,1.02,64.0,Clouds,overcast clouds
baripada,2026-07-15 13:07:04.471434,3,385.18,0.1,18.47,26.63,14.1,33.59,35.52,2.58,30.52,37.52,75.0,999.0,1.57,331.0,Clouds,overcast clouds
baripada,2026-07-15 15:16:55.445894,3,425.9,0.0,12.53,52.03,10.59,41.62,44.68,4.42,29.74,36.1,77.0,1001.0,0.92,354.0,Clouds,overcast clouds
baripada,2026-07-15 17:03:37.967824,3,451.01,0.0,11.81,43.34,11.02,42.35,45.41,4.23,29.01,34.77,80.0,1001.0,0.89,353.0,Clouds,broken clouds
baripada,2026-07-15 18:53:09.570713,3,402.26,0.0,9.65,44.59,9.79,38.5,39.64,2.09,28.11,32.87,83.0,1001.0,2.76,355.0,Clouds,overcast clouds
baripada,2026-07-15 20:01:00.807020,3,380.29,0.0,8.94,44.04,9.03,35.89,36.62,1.63,27.88,32.56,85.0,1000.0,2.57,343.0,Clouds,overcast clouds
baripada,2026-07-15 21:45:37.445292,3,357.58,0.0,8.67,41.7,7.89,32.42,32.89,1.25,27.47,31.71,87.0,1000.0,2.35,346.0,Clouds,overcast clouds
baripada,2026-07-15 22:46:39.682506,3,350.42,0.0,9.11,40.3,7.61,30.69,31.14,1.25,27.33,31.32,87.0,1000.0,2.71,355.0,Clouds,overcast clouds
baripada,2026-07-15 23:48:11.691720,3,343.02,0.0,9.65,38.61,7.38,28.44,28.91,1.29,27.15,31.05,89.0,1001.0,2.56,341.0,Clouds,overcast clouds
baripada,2026-07-16 01:25:10.878199,3,340.63,0.01,10.31,36.89,7.23,26.82,27.44,1.38,27.9,32.77,86.0,1001.0,3.46,345.0,Clouds,overcast clouds
baripada,2026-07-16 04:49:12.412667,2,336.02,0.88,13.2,41.35,9.87,21.37,22.56,1.22,30.46,37.46,78.0,1001.0,4.17,29.0,Clouds,overcast clouds
baripada,2026-07-16 07:14:10.064522,2,336.15,1.35,12.0,51.21,10.79,20.63,21.7,1.17,31.14,38.14,72.0,1000.0,3.15,1.0,Clouds,overcast clouds
baripada,2026-07-16 09:54:36.135804,2,329.82,0.79,14.67,44.62,13.35,19.84,21.07,1.64,30.79,37.79,76.0,998.0,3.28,339.0,Clouds,overcast clouds
baripada,2026-07-16 11:25:58.247182,2,346.59,0.61,16.53,36.2,14.35,19.69,21.16,1.88,30.4,37.4,78.0,998.0,3.0,337.0,Clouds,overcast clouds
baripada,2026-07-16 13:15:53.178822,3,457.67,0.12,17.11,30.63,10.78,35.1,36.59,2.01,29.01,35.67,84.0,999.0,2.89,325.0,Clouds,overcast clouds
baripada,2026-07-16 15:24:52.675520,3,433.18,0.0,17.0,24.66,9.82,33.05,35.01,2.21,28.62,34.7,85.0,1000.0,3.11,299.0,Clouds,overcast clouds
baripada,2026-07-16 17:01:30.041774,3,413.44,0.0,15.7,22.77,10.97,30.67,32.53,2.12,28.26,33.64,85.0,1000.0,2.78,294.0,Clouds,overcast clouds
baripada,2026-07-16 18:53:59.080111,3,378.76,0.0,14.7,22.81,10.76,27.6,28.63,1.72,27.89,32.59,85.0,1000.0,1.89,263.0,Clouds,overcast clouds
baripada,2026-07-16 19:55:11.146252,3,368.11,0.0,14.4,22.66,9.94,26.11,26.9,1.66,27.91,32.64,85.0,999.0,1.69,267.0,Clouds,overcast clouds
baripada,2026-07-16 20:44:14.129267,2,364.64,0.0,14.08,22.0,9.08,24.66,25.35,1.69,27.93,32.54,84.0,999.0,1.51,294.0,Clouds,overcast clouds
baripada,2026-07-16 21:54:28.103120,2,365.69,0.0,13.84,21.06,8.43,23.43,24.08,1.81,27.62,31.99,86.0,999.0,1.66,314.0,Clouds,overcast clouds
baripada,2026-07-16 22:46:56.513650,2,370.1,0.0,13.71,19.94,8.06,22.44,23.11,1.98,27.5,31.79,87.0,999.0,1.68,311.0,Clouds,overcast clouds
baripada,2026-07-16 23:47:33.716927,2,376.13,0.01,13.77,18.92,7.93,21.54,22.27,2.13,27.46,31.68,87.0,1000.0,1.67,309.0,Clouds,overcast clouds
baripada,2026-07-17 01:28:03.758916,2,386.62,0.05,14.02,17.85,7.89,20.79,21.73,2.25,28.3,33.94,86.0,1000.0,1.97,319.0,Clouds,overcast clouds
baripada,2026-07-17 04:52:16.336919,2,388.08,0.31,15.02,23.92,9.49,16.09,17.54,1.66,32.48,39.48,67.0,1001.0,1.7,310.0,Clouds,overcast clouds
baripada,2026-07-17 07:09:05.234318,2,347.74,0.39,15.32,31.53,11.95,13.9,15.07,1.43,32.01,39.01,68.0,1000.0,1.65,177.0,Clouds,overcast clouds
baripada,2026-07-17 09:45:03.694571,2,319.87,0.84,14.69,31.41,13.12,15.32,16.42,1.59,31.92,38.92,69.0,999.0,1.32,187.0,Rain,light rain
baripada,2026-07-17 11:13:31.505036,2,318.27,1.0,14.6,30.24,13.2,16.76,17.92,1.68,30.62,37.62,77.0,999.0,0.56,275.0,Rain,moderate rain
baripada,2026-07-17 13:00:29.816479,2,314.68,0.12,16.2,27.72,11.96,18.81,20.17,1.67,30.33,37.33,79.0,1000.0,0.39,280.0,Clouds,overcast clouds
baripada,2026-07-17 14:44:55.432191,2,314.7,0.0,10.28,38.55,8.93,25.0,27.62,2.4,29.57,36.57,82.0,1001.0,0.84,243.0,Clouds,overcast clouds
baripada,2026-07-17 16:07:26.692496,3,318.39,0.0,9.85,37.04,8.22,25.19,27.7,2.31,29.37,36.28,82.0,1002.0,1.14,220.0,Clouds,overcast clouds
baripada,2026-07-17 17:56:55.669180,2,327.83,0.0,10.01,31.25,7.9,24.1,26.13,2.29,28.6,34.44,84.0,1002.0,1.54,204.0,Clouds,overcast clouds
baripada,2026-07-17 18:55:59.051822,2,322.11,0.0,10.23,28.43,7.24,22.03,23.53,2.15,28.11,33.38,86.0,1002.0,1.63,197.0,Clouds,overcast clouds
baripada,2026-07-17 19:57:29.998429,2,316.29,0.0,10.1,26.62,6.65,19.71,20.86,2.05,27.85,32.79,87.0,1001.0,1.44,195.0,Clouds,overcast clouds
baripada,2026-07-17 20:45:57.694376,2,313.82,0.0,9.7,25.42,6.02,17.67,18.6,2.01,27.66,32.39,88.0,1000.0,1.73,192.0,Clouds,overcast clouds
baripada,2026-07-17 21:40:36.626089,2,313.76,0.0,9.29,24.32,5.48,15.92,16.76,2.04,27.49,31.9,88.0,1000.0,1.55,172.0,Clouds,overcast clouds
baripada,2026-07-17 22:37:40.846059,2,317.27,0.0,9.06,23.06,5.14,14.46,15.27,2.09,27.42,31.83,89.0,1001.0,1.08,172.0,Clouds,overcast clouds
baripada,2026-07-17 23:41:36.212656,2,323.45,0.0,9.12,21.81,5.13,13.31,14.15,2.11,27.43,31.86,89.0,1001.0,0.64,221.0,Clouds,overcast clouds
baripada,2026-07-18 01:19:56.782630,2,333.05,0.06,9.68,20.72,5.81,12.7,13.74,2.16,28.49,33.92,83.0,1002.0,0.22,148.0,Clouds,overcast clouds
baripada,2026-07-18 04:37:39.682627,2,333.09,0.99,11.22,25.17,10.16,13.48,15.01,1.74,31.01,38.01,74.0,1002.0,2.14,134.0,Clouds,overcast clouds
baripada,2026-07-18 06:52:23.361585,2,312.02,1.49,11.71,31.28,10.71,13.36,14.66,1.82,32.24,39.24,70.0,1000.0,2.64,151.0,Clouds,overcast clouds
baripada,2026-07-18 08:30:37.126978,2,282.55,1.33,9.98,44.95,9.89,17.17,18.4,2.32,32.94,39.94,68.0,999.0,3.38,184.0,Clouds,overcast clouds
baripada,2026-07-18 10:08:24.198782,2,273.61,0.92,9.45,51.19,9.63,19.73,20.91,2.43,32.6,39.6,69.0,999.0,3.52,185.0,Clouds,overcast clouds
baripada,2026-07-18 11:43:25.196778,2,262.99,0.23,8.6,53.97,7.23,21.32,22.57,2.28,31.08,38.08,77.0,999.0,3.53,180.0,Clouds,overcast clouds
baripada,2026-07-18 12:46:14.526670,2,259.43,0.02,7.78,52.95,5.52,21.13,22.63,2.24,29.87,36.87,80.0,1000.0,4.3,161.0,Clouds,few clouds
baripada,2026-07-18 14:14:43.976525,3,320.53,0.0,10.74,39.33,7.43,25.93,28.04,2.68,29.39,36.39,83.0,1001.0,4.47,157.0,Clouds,scattered clouds
baripada,2026-07-18 15:43:27.713900,3,340.29,0.0,10.11,37.04,5.87,27.63,30.29,2.78,28.6,34.85,86.0,1002.0,4.01,175.0,Clouds,broken clouds
baripada,2026-07-18 16:42:49.894867,3,346.55,0.0,9.67,37.08,5.3,29.18,32.21,2.83,27.75,32.96,90.0,1002.0,3.62,167.0,Clouds,broken clouds
baripada,2026-07-18 17:45:32.033525,3,347.37,0.0,9.34,36.77,5.14,30.43,33.49,2.79,27.58,32.44,90.0,1002.0,2.86,174.0,Clouds,broken clouds
baripada,2026-07-18 18:44:00.123012,3,343.31,0.0,9.11,35.69,5.07,31.03,33.67,2.67,27.8,32.96,89.0,1001.0,2.93,172.0,Clouds,overcast clouds
baripada,2026-07-18 19:58:13.793803,3,344.17,0.0,8.78,34.01,4.63,31.59,33.74,2.74,27.75,32.81,89.0,1001.0,2.57,184.0,Clouds,overcast clouds
baripada,2026-07-18 20:41:40.602901,3,347.22,0.0,8.35,32.56,4.08,32.09,33.89,2.89,27.25,31.46,90.0,1001.0,2.14,179.0,Clouds,overcast clouds
baripada,2026-07-18 21:39:13.149635,3,353.77,0.0,8.08,30.41,3.46,32.6,34.33,3.28,27.34,31.72,90.0,1001.0,2.22,174.0,Clouds,overcast clouds
baripada,2026-07-18 22:37:28.495828,3,362.31,0.0,8.09,27.59,3.15,32.84,34.67,3.79,27.13,31.22,91.0,1001.0,2.54,181.0,Clouds,overcast clouds
baripada,2026-07-18 23:41:31.879099,3,370.85,0.01,8.31,24.96,3.16,32.57,34.55,4.34,27.12,31.19,91.0,1001.0,2.43,169.0,Clouds,overcast clouds
baripada,2026-07-19 01:25:52.173453,3,380.42,0.16,8.7,22.65,3.9,31.93,34.34,4.55,28.02,33.29,87.0,1002.0,2.6,179.0,Clouds,overcast clouds
baripada,2026-07-19 04:59:29.621734,2,242.74,1.18,8.26,39.31,8.55,17.01,18.65,1.87,32.24,39.24,68.0,1003.0,3.52,175.0,Clouds,overcast clouds
baripada,2026-07-19 07:26:16.333392,2,221.14,0.57,7.06,49.14,7.39,15.26,16.42,1.67,33.39,40.39,63.0,1002.0,1.69,199.0,Clouds,overcast clouds
baripada,2026-07-19 09:43:07.226132,2,213.24,0.08,6.03,55.31,5.87,15.52,16.6,1.92,33.68,40.68,61.0,1000.0,2.49,186.0,Clouds,overcast clouds
baripada,2026-07-19 11:03:13.244563,2,223.43,0.08,6.66,54.23,5.94,17.65,19.0,2.23,32.55,39.55,67.0,1000.0,2.95,159.0,Clouds,overcast clouds
baripada,2026-07-19 12:49:26.782634,2,249.94,0.01,7.18,55.29,5.02,24.11,26.36,2.73,29.34,36.19,82.0,1002.0,4.63,153.0,Clouds,overcast clouds
baripada,2026-07-19 14:19:09.156422,3,424.13,0.01,12.05,33.19,4.37,38.04,43.96,7.74,29.01,35.44,83.0,1003.0,4.78,161.0,Clouds,overcast clouds
baripada,2026-07-19 15:44:40.974410,3,478.37,0.02,11.95,29.97,3.83,43.74,51.2,7.81,28.45,34.0,84.0,1004.0,4.47,166.0,Clouds,overcast clouds
baripada,2026-07-19 16:42:50.310197,3,477.71,0.02,11.24,31.18,3.54,45.53,53.42,6.38,28.33,33.84,85.0,1004.0,4.04,168.0,Clouds,overcast clouds
baripada,2026-07-19 17:47:05.587594,3,456.74,0.01,10.25,33.9,3.21,46.24,54.04,5.03,28.17,33.38,85.0,1003.0,4.09,171.0,Clouds,overcast clouds
baripada,2026-07-19 18:46:58.450528,3,435.17,0.01,9.35,35.97,3.51,46.33,53.46,4.33,27.58,32.16,88.0,1003.0,3.84,172.0,Clouds,overcast clouds
baripada,2026-07-19 20:01:11.679589,3,432.96,0.01,8.97,35.16,3.76,46.75,53.21,4.34,27.42,31.83,89.0,1002.0,3.78,175.0,Clouds,overcast clouds
baripada,2026-07-19 21:40:24.453879,3,440.21,0.01,8.49,31.61,3.84,46.75,51.41,4.32,27.19,31.28,90.0,1002.0,2.98,174.0,Clouds,overcast clouds
baripada,2026-07-19 22:40:09.375805,3,447.39,0.01,8.41,29.47,4.03,45.98,49.63,4.18,27.04,30.85,90.0,1002.0,2.8,170.0,Clouds,overcast clouds
baripada,2026-07-19 23:45:32.715998,3,455.39,0.02,8.45,27.58,4.44,44.95,47.91,4.08,27.02,30.9,91.0,1002.0,2.82,167.0,Clouds,overcast clouds
baripada,2026-07-20 01:55:30.478816,3,487.3,0.42,9.11,23.2,6.05,42.58,46.03,4.08,29.17,35.22,80.0,1003.0,2.77,180.0,Clouds,overcast clouds
baripada,2026-07-20 05:28:28.750909,3,352.99,1.44,10.68,28.01,10.53,26.88,29.37,2.06,32.02,39.02,68.0,1003.0,2.19,156.0,Clouds,overcast clouds
baripada,2026-07-20 08:36:24.230338,2,279.64,0.42,13.69,31.66,12.22,20.4,22.23,1.85,29.71,36.71,80.0,1002.0,2.77,165.0,Clouds,overcast clouds
baripada,2026-07-20 11:34:38.351028,3,349.64,0.06,13.4,32.08,9.6,26.46,28.59,3.14,28.01,33.26,87.0,1002.0,3.6,161.0,Rain,light rain
baripada,2026-07-20 13:45:20.549027,3,508.87,0.59,19.13,9.28,8.92,28.45,34.41,7.71,27.78,32.74,88.0,1004.0,2.16,167.0,Rain,heavy intensity rain
baripada,2026-07-20 15:43:49.820631,3,611.0,1.67,18.84,6.59,7.12,34.7,42.7,8.37,27.54,32.18,89.0,1005.0,2.29,157.0,Rain,light rain
baripada,2026-07-20 17:18:44.936063,3,640.31,1.76,18.55,5.89,6.16,37.04,44.69,8.06,27.47,31.97,89.0,1004.0,2.06,155.0,Rain,moderate rain
baripada,2026-07-20 19:22:55.285703,3,620.14,0.51,17.89,5.4,4.29,37.38,42.16,7.11,26.53,26.53,94.0,1004.0,1.29,122.0,Rain,light rain
baripada,2026-07-20 20:59:33.704127,3,631.22,0.74,15.81,4.91,3.34,38.79,42.75,9.55,26.19,26.19,95.0,1002.0,0.86,103.0,Rain,light rain
baripada,2026-07-20 21:59:10.249317,3,641.66,0.96,15.14,4.35,3.18,39.74,43.55,10.46,26.15,26.15,96.0,1002.0,0.98,85.0,Rain,moderate rain
baripada,2026-07-20 22:58:55.545836,3,644.44,1.03,14.54,3.7,3.01,40.31,43.93,8.82,26.07,26.07,96.0,1002.0,1.23,84.0,Rain,heavy intensity rain
baripada,2026-07-20 23:55:15.928949,3,639.81,0.93,14.25,3.17,3.05,40.47,43.86,7.24,26.03,26.03,96.0,1003.0,1.02,82.0,Rain,moderate rain
baripada,2026-07-21 01:25:30.193517,3,629.88,1.12,13.81,3.32,3.42,39.88,43.43,6.08,26.35,26.35,94.0,1003.0,1.18,39.0,Clouds,overcast clouds
baripada,2026-07-21 04:57:20.481289,2,314.16,2.01,14.25,20.45,16.79,23.25,25.81,1.38,26.09,26.09,94.0,1004.0,2.23,35.0,Clouds,overcast clouds
baripada,2026-07-21 07:29:09.474038,2,306.14,2.37,14.48,22.62,16.58,21.96,24.28,2.09,26.9,30.35,89.0,1003.0,1.94,357.0,Clouds,overcast clouds
baripada,2026-07-21 10:13:04.695273,3,377.81,1.58,14.56,24.15,12.56,27.85,30.33,2.83,26.77,30.09,90.0,1002.0,0.73,289.0,Clouds,overcast clouds
baripada,2026-07-21 12:18:16.117130,3,434.27,0.69,16.36,18.27,10.44,28.06,30.85,3.47,26.35,26.35,93.0,1002.0,1.46,184.0,Clouds,overcast clouds
baripada,2026-07-21 14:54:12.156394,3,621.87,0.01,17.5,21.84,9.42,49.64,54.29,4.67,25.88,27.0,95.0,1004.0,2.23,155.0,Clouds,overcast clouds
baripada,2026-07-21 16:14:02.219790,3,645.73,0.02,17.56,17.46,8.85,49.21,54.32,5.42,25.95,25.95,95.0,1004.0,2.32,152.0,Clouds,overcast clouds
baripada,2026-07-21 18:07:58.821842,3,680.68,0.11,17.36,10.85,7.73,48.6,53.68,5.5,25.95,25.95,94.0,1003.0,2.93,188.0,Clouds,overcast clouds
baripada,2026-07-21 20:12:18.021613,3,624.33,0.1,15.34,8.03,7.3,43.35,46.4,4.19,25.13,26.21,96.0,1002.0,2.18,198.0,Clouds,overcast clouds
baripada,2026-07-21 21:53:12.201548,3,480.3,0.03,13.69,9.95,7.2,32.36,33.9,2.8,25.06,26.13,96.0,1001.0,1.23,180.0,Clouds,overcast clouds
baripada,2026-07-21 22:43:44.327319,3,432.86,0.04,12.71,10.68,6.53,27.64,28.87,2.49,25.02,26.11,97.0,1001.0,1.34,178.0,Clouds,overcast clouds
baripada,2026-07-21 23:47:03.820328,2,395.29,0.04,11.47,11.77,5.79,23.29,24.34,2.25,25.22,26.3,96.0,1002.0,1.97,170.0,Clouds,overcast clouds
baripada,2026-07-22 01:24:07.752832,2,358.57,0.06,10.38,13.17,5.85,19.13,20.18,2.02,25.47,26.55,95.0,1003.0,1.33,178.0,Clouds,overcast clouds
baripada,2026-07-22 04:56:57.294762,2,260.66,0.83,9.24,22.47,7.97,12.34,13.94,1.92,29.78,34.97,72.0,1003.0,3.79,194.0,Clouds,overcast clouds
baripada,2026-07-22 07:30:31.007788,2,232.1,0.4,8.63,27.46,6.96,12.44,13.75,1.81,30.58,36.22,69.0,1001.0,3.49,199.0,Rain,light rain
baripada,2026-07-22 10:12:56.594210,2,220.25,0.21,8.32,32.08,6.88,13.51,14.71,1.74,28.5,33.38,80.0,1001.0,3.98,196.0,Clouds,overcast clouds
baripada,2026-07-22 12:20:38.388335,2,235.1,0.1,9.16,33.27,6.6,15.29,16.65,1.97,28.78,33.74,78.0,1002.0,3.96,204.0,Clouds,overcast clouds
baripada,2026-07-22 14:54:25.480086,2,243.47,0.0,9.41,31.17,5.5,15.63,18.33,2.77,26.19,26.19,88.0,1004.0,3.89,187.0,Clouds,overcast clouds
baripada,2026-07-22 16:13:20.515606,2,257.65,0.0,9.7,28.03,5.39,16.34,19.53,2.88,26.14,26.14,89.0,1005.0,3.61,193.0,Clouds,overcast clouds
baripada,2026-07-22 18:00:54.073449,2,267.32,0.0,9.64,24.81,5.27,17.09,20.58,2.83,25.96,25.96,90.0,1004.0,3.76,185.0,Clouds,overcast clouds
baripada,2026-07-22 20:05:21.095667,2,254.6,0.0,8.65,23.68,4.72,16.51,19.47,2.63,25.59,26.61,92.0,1003.0,4.11,183.0,Clouds,overcast clouds
baripada,2026-07-22 21:55:43.237347,2,244.58,0.0,7.86,22.23,4.34,15.19,17.91,2.7,25.31,26.32,93.0,1002.0,4.19,185.0,Clouds,overcast clouds
baripada,2026-07-22 22:52:28.647448,2,245.22,0.0,7.6,21.0,4.06,14.84,17.61,2.84,25.22,26.25,94.0,1003.0,4.01,182.0,Clouds,overcast clouds
baripada,2026-07-22 23:53:33.244037,2,247.37,0.01,7.48,19.82,3.92,14.7,17.58,3.0,25.08,26.1,94.0,1003.0,4.12,187.0,Clouds,overcast clouds
baripada,2026-07-23 01:44:01.904617,2,259.26,0.62,7.41,18.93,4.61,15.18,19.16,3.51,25.27,26.28,93.0,1005.0,3.24,184.0,Clouds,overcast clouds
baripada,2026-07-23 05:14:39.855799,1,169.39,0.26,6.14,33.77,6.33,9.92,12.12,2.03,28.07,32.12,79.0,1005.0,3.13,187.0,Clouds,overcast clouds
baripada,2026-07-23 08:08:44.542396,1,174.97,0.27,5.98,37.58,8.11,9.77,11.29,2.45,30.65,35.86,67.0,1002.0,3.19,169.0,Clouds,overcast clouds
baripada,2026-07-23 10:58:06.107946,2,197.42,0.25,6.4,40.97,6.85,12.33,14.22,3.19,30.58,36.22,69.0,1002.0,2.23,218.0,Rain,light rain
baripada,2026-07-23 12:21:18.590303,2,211.79,0.17,7.48,40.0,6.78,13.02,15.33,3.85,29.42,35.22,77.0,1002.0,1.96,213.0,Rain,moderate rain
baripada,2026-07-23 14:59:54.258598,2,249.39,0.0,9.5,31.64,4.87,18.51,22.36,2.81,27.26,30.89,85.0,1004.0,2.08,218.0,Clouds,overcast clouds
baripada,2026-07-23 16:26:19.504427,2,258.72,0.0,9.24,31.43,4.66,20.12,24.7,2.87,27.13,30.55,85.0,1004.0,1.58,232.0,Rain,light rain
baripada,2026-07-23 18:06:33.254812,2,268.78,0.0,8.69,31.49,4.38,22.72,28.59,2.87,27.09,30.45,85.0,1003.0,2.03,222.0,Clouds,overcast clouds
baripada,2026-07-23 20:07:07.622599,2,265.4,0.0,7.83,30.14,3.67,23.44,29.27,2.85,26.41,26.41,85.0,1003.0,0.99,281.0,Rain,light rain
baripada,2026-07-23 21:55:25.988778,2,266.51,0.0,7.32,27.99,3.55,23.83,29.63,3.14,26.31,26.31,85.0,1002.0,1.24,294.0,Clouds,overcast clouds
baripada,2026-07-23 22:45:28.929401,2,269.5,0.0,7.31,26.66,3.68,23.92,29.74,3.22,26.22,26.22,85.0,1002.0,0.61,302.0,Clouds,overcast clouds
baripada,2026-07-23 23:48:40.218018,2,274.64,0.01,7.47,25.02,3.8,23.87,29.56,3.27,26.25,26.25,85.0,1002.0,0.24,218.0,Rain,light rain
baripada,2026-07-24 01:28:16.701455,2,284.73,0.05,7.83,23.19,4.03,23.67,29.32,3.34,26.17,26.17,87.0,1003.0,1.53,204.0,Rain,light rain
baripada,2026-07-24 04:59:12.923471,2,208.07,0.61,7.78,41.2,9.51,13.21,15.87,2.88,27.39,30.98,83.0,1004.0,1.21,127.0,Clouds,overcast clouds
baripada,2026-07-24 07:29:41.217192,2,177.77,0.54,7.02,45.59,9.89,10.64,12.21,2.47,28.55,32.96,77.0,1001.0,1.42,148.0,Rain,light rain
baripada,2026-07-24 10:05:40.971311,2,201.83,0.47,8.63,43.37,10.35,11.85,13.45,3.02,30.33,35.34,68.0,999.0,0.52,148.0,Rain,light rain
baripada,2026-07-24 12:11:28.458537,2,237.81,0.27,11.58,40.12,10.83,14.91,16.81,3.23,29.5,35.43,77.0,1000.0,0.85,38.0,Rain,light rain
baripada,2026-07-24 14:42:55.292562,2,305.74,0.01,12.21,25.67,7.47,16.29,19.26,2.84,28.06,32.57,82.0,1001.0,0.66,263.0,Clouds,overcast clouds
baripada,2026-07-24 18:10:01.050412,2,363.48,0.01,11.51,20.08,6.64,20.0,23.76,3.35,27.01,30.25,85.0,1002.0,1.04,268.0,Rain,light rain
baripada,2026-07-24 20:09:27.415982,2,359.38,0.01,10.42,17.97,6.71,19.85,21.85,2.59,26.57,26.57,86.0,1001.0,1.7,297.0,Rain,light rain
baripada,2026-07-24 21:54:07.582742,2,288.2,0.0,11.05,20.59,7.9,16.84,17.78,1.69,26.03,26.03,88.0,1001.0,1.43,299.0,Rain,light rain
baripada,2026-07-24 22:51:42.441015,2,268.86,0.01,11.1,20.46,7.46,15.21,16.0,1.77,26.23,26.23,87.0,1001.0,1.9,297.0,Clouds,broken clouds
baripada,2026-07-24 23:55:00.693360,2,258.9,0.01,10.81,19.9,7.01,13.89,14.65,1.91,26.33,26.33,86.0,1001.0,2.03,295.0,Clouds,overcast clouds
baripada,2026-07-25 01:28:38.868740,2,254.7,0.06,10.56,19.07,6.28,13.23,14.17,2.08,27.53,31.21,82.0,1002.0,1.87,303.0,Rain,light rain
baripada,2026-07-25 04:55:04.991406,2,252.26,1.4,9.99,20.33,9.22,12.11,13.72,2.33,32.12,38.64,64.0,1002.0,2.83,349.0,Rain,light rain
baripada,2026-07-25 07:09:11.597884,2,245.24,1.78,9.18,24.57,9.89,12.26,13.68,2.59,32.38,39.38,65.0,1000.0,3.79,358.0,Rain,light rain
baripada,2026-07-25 09:26:06.848539,2,243.71,1.92,8.85,29.4,10.63,14.76,16.01,2.04,32.33,39.33,65.0,999.0,3.46,1.0,Rain,light rain
baripada,2026-07-25 11:00:40.673874,2,253.01,1.01,12.02,25.6,10.83,17.3,18.54,1.94,31.49,38.29,68.0,998.0,2.11,11.0,Clouds,overcast clouds
baripada,2026-07-25 12:03:55.528837,2,260.46,0.33,14.37,21.67,10.85,17.86,19.1,1.92,30.04,36.95,77.0,999.0,2.25,29.0,Clouds,overcast clouds
baripada,2026-07-25 14:27:05.879187,2,299.33,0.09,18.69,10.54,10.52,17.18,18.66,2.1,28.48,34.09,84.0,1000.0,1.64,80.0,Rain,light rain
baripada,2026-07-25 15:56:48.512970,2,342.66,0.2,17.7,6.79,9.11,17.98,19.62,2.54,28.0,33.06,86.0,1001.0,1.35,44.0,Rain,light rain
baripada,2026-07-25 16:43:39.488816,2,365.89,0.34,17.22,5.62,8.62,18.17,19.71,2.57,27.52,31.98,88.0,1000.0,2.08,33.0,Rain,light rain
baripada,2026-07-25 17:48:26.714367,2,382.67,0.53,16.9,5.04,8.26,18.04,19.29,2.49,27.32,31.66,90.0,1000.0,2.24,21.0,Rain,light rain
baripada,2026-07-25 18:49:19.142853,2,387.07,0.67,17.06,5.22,7.88,17.67,18.52,2.31,26.59,26.59,90.0,1000.0,4.11,359.0,Rain,light rain
baripada,2026-07-25 20:04:30.813605,2,393.88,0.72,17.83,5.57,7.41,17.84,18.49,2.18,26.37,26.37,90.0,999.0,4.43,2.0,Rain,light rain
baripada,2026-07-25 21:43:11.471981,2,432.33,0.68,20.82,5.71,5.95,20.06,20.52,1.93,25.93,27.01,93.0,999.0,5.13,5.0,Rain,light rain
baripada,2026-07-25 22:42:55.170653,2,460.22,0.62,22.15,5.6,5.46,21.79,22.2,1.78,25.89,26.96,93.0,999.0,4.41,359.0,Rain,light rain
baripada,2026-07-25 23:49:57.213998,2,489.97,0.5,22.86,5.84,5.29,23.88,24.3,1.66,25.64,26.69,93.0,999.0,4.88,353.0,Rain,light rain
baripada,2026-07-26 01:42:30.943292,3,579.58,0.65,21.46,7.2,5.75,29.99,30.81,1.81,27.24,31.07,87.0,1000.0,5.02,19.0,Rain,light rain
baripada,2026-07-26 05:20:15.155777,3,654.65,1.57,16.98,12.26,6.91,32.92,34.19,2.04,28.54,33.49,80.0,1000.0,3.85,15.0,Rain,light rain
baripada,2026-07-26 08:05:02.833667,3,623.2,1.26,15.62,23.48,6.94,28.19,29.36,2.13,29.73,35.82,76.0,998.0,3.98,33.0,Rain,moderate rain
baripada,2026-07-26 10:27:19.187344,3,591.65,0.69,15.41,25.89,6.57,26.97,28.24,2.62,28.85,34.54,81.0,997.0,3.78,17.0,Rain,moderate rain
baripada,2026-07-26 11:54:05.327988,3,558.21,0.16,16.79,26.39,7.25,26.54,27.92,2.28,28.14,33.47,86.0,997.0,3.36,3.0,Rain,heavy intensity rain
baripada,2026-07-26 12:54:43.238549,3,547.22,0.03,17.47,25.29,7.65,26.66,28.21,2.28,27.1,30.91,89.0,997.0,2.55,4.0,Rain,moderate rain
baripada,2026-07-26 14:23:00.234303,3,442.87,0.0,13.23,39.73,10.44,30.67,32.68,4.62,26.99,30.3,86.0,998.0,2.89,352.0,Rain,light rain
baripada,2026-07-26 15:53:42.671329,3,417.37,0.0,12.56,34.2,9.94,30.64,32.36,3.06,26.87,30.08,87.0,999.0,2.95,334.0,Rain,light rain
baripada,2026-07-26 16:44:45.281882,3,406.72,0.0,11.67,33.51,9.33,30.4,31.82,2.22,26.92,30.21,87.0,999.0,2.77,341.0,Clouds,overcast clouds
baripada,2026-07-26 17:54:19.350067,3,389.62,0.0,10.65,34.24,8.48,30.41,31.42,1.71,26.48,26.48,89.0,999.0,3.85,318.0,Rain,light rain
baripada,2026-07-26 18:54:02.274434,3,363.81,0.0,9.82,37.35,7.68,29.46,30.07,1.3,26.37,26.37,89.0,998.0,3.69,324.0,Clouds,overcast clouds
baripada,2026-07-26 20:04:08.717065,3,350.05,0.0,9.8,38.01,7.48,28.63,29.15,1.25,26.05,26.05,91.0,998.0,3.82,334.0,Clouds,overcast clouds
baripada,2026-07-26 21:47:25.805022,2,328.12,0.0,10.99,35.89,7.09,24.36,24.88,1.24,25.99,25.99,91.0,997.0,4.79,324.0,Clouds,overcast clouds
baripada,2026-07-26 22:48:41.920775,2,319.72,0.0,11.59,34.01,7.06,22.22,22.84,1.3,25.91,26.93,91.0,997.0,4.67,319.0,Clouds,overcast clouds
baripada,2026-07-26 23:51:13.824239,2,316.3,0.0,11.88,31.21,6.91,20.17,20.86,1.35,25.65,26.62,90.0,998.0,4.05,318.0,Clouds,overcast clouds
baripada,2026-07-27 01:49:31.272357,2,320.74,0.35,12.44,25.76,7.75,15.3,16.66,1.54,25.89,26.83,88.0,999.0,3.77,312.0,Clouds,overcast clouds
baripada,2026-07-27 05:38:17.039405,2,291.87,1.06,12.73,35.89,10.56,10.07,11.44,1.32,29.26,34.79,77.0,998.0,5.27,348.0,Rain,light rain
baripada,2026-07-27 09:25:37.663116,2,269.29,0.61,9.83,53.57,9.76,14.97,16.11,1.25,26.77,29.91,88.0,996.0,3.49,278.0,Rain,light rain
baripada,2026-07-27 12:49:00.830523,2,289.88,0.03,13.29,45.54,11.87,21.55,23.28,1.84,26.77,29.82,87.0,996.0,3.1,302.0,Rain,heavy intensity rain
baripada,2026-07-27 15:36:09.755554,2,342.39,0.0,17.04,25.52,11.79,20.34,22.05,1.75,26.38,26.38,89.0,997.0,3.24,305.0,Rain,moderate rain
baripada,2026-07-27 17:28:23.328987,2,343.76,0.0,16.99,22.91,10.89,20.51,22.08,1.7,26.04,26.04,90.0,997.0,3.51,295.0,Rain,light rain
baripada,2026-07-27 19:09:07.156501,2,335.77,0.01,15.34,20.04,9.48,20.33,21.21,1.43,26.07,26.07,91.0,995.0,6.29,327.0,Rain,light rain
baripada,2026-07-27 21:00:47.380342,2,328.56,0.01,13.76,18.88,8.29,19.43,20.02,1.24,25.93,26.98,92.0,994.0,7.4,338.0,Rain,moderate rain
baripada,2026-07-27 22:09:42.983405,2,326.9,0.01,13.83,18.12,7.72,18.5,19.05,1.22,25.66,26.68,92.0,993.0,7.6,325.0,Rain,heavy intensity rain
baripada,2026-07-27 23:54:23.982795,2,329.35,0.01,13.16,15.95,6.98,16.52,17.11,1.46,25.46,26.54,95.0,992.0,8.74,341.0,Rain,heavy intensity rain
baripada,2026-07-28 01:23:41.851387,2,333.25,0.03,12.99,14.79,6.75,16.25,17.01,1.56,25.69,26.74,93.0,995.0,7.86,343.0,Rain,moderate rain
baripada,2026-07-28 04:52:45.751804,2,324.72,1.17,13.25,14.35,9.87,14.66,15.87,1.25,26.14,26.14,94.0,995.0,7.02,356.0,Rain,moderate rain
baripada,2026-07-28 07:30:47.544768,2,310.95,1.77,16.45,14.54,12.28,16.49,17.5,1.16,25.95,25.95,95.0,992.0,4.92,153.0,Rain,light rain
baripada,2026-07-28 10:22:05.629906,2,299.26,1.79,18.16,15.01,12.63,17.02,18.12,1.22,26.15,26.15,92.0,991.0,7.8,145.0,Rain,light rain
baripada,2026-07-28 12:29:35.747048,2,297.43,0.95,19.69,14.96,12.28,17.36,18.58,1.42,26.0,26.0,93.0,992.0,5.95,154.0,Clouds,overcast clouds
baripada,2026-07-28 15:10:28.054828,2,282.83,0.0,10.9,29.71,7.97,15.07,16.2,1.28,25.85,26.89,92.0,996.0,4.93,152.0,Clouds,overcast clouds
baripada,2026-07-28 17:16:44.844922,2,274.5,0.0,9.25,29.82,6.57,13.52,14.55,1.27,25.6,26.64,93.0,997.0,3.89,148.0,Clouds,overcast clouds
baripada,2026-07-28 19:04:22.095220,2,254.07,0.0,7.83,32.52,5.8,11.97,12.52,1.09,25.63,26.7,94.0,997.0,2.56,146.0,Clouds,overcast clouds
baripada,2026-07-28 20:57:19.457676,2,233.54,0.0,6.27,34.15,4.25,10.92,11.3,1.04,25.5,26.56,94.0,996.0,2.81,168.0,Clouds,overcast clouds
baripada,2026-07-28 21:57:06.510173,2,227.03,0.0,5.97,33.07,3.77,10.58,10.94,1.05,25.17,26.22,95.0,996.0,2.7,168.0,Rain,light rain
baripada,2026-07-28 22:52:20.844317,2,222.78,0.0,5.82,31.35,3.4,10.4,10.79,1.1,24.98,25.99,94.0,996.0,2.51,159.0,Clouds,overcast clouds
baripada,2026-07-28 23:49:42.150122,2,220.32,0.0,5.81,30.02,3.02,10.21,10.68,1.14,24.95,25.96,94.0,997.0,2.01,145.0,Clouds,overcast clouds
baripada,2026-07-29 01:24:17.989223,2,219.27,0.02,6.02,29.06,2.79,10.11,10.83,1.26,25.94,26.94,90.0,998.0,2.6,133.0,Clouds,broken clouds
baripada,2026-07-29 04:57:44.054225,1,202.22,0.28,6.07,34.83,3.9,9.75,11.79,2.04,30.83,37.15,70.0,998.0,4.57,137.0,Rain,light rain
baripada,2026-07-29 07:39:17.483075,2,190.57,0.16,4.45,47.15,3.52,10.2,11.65,1.84,31.16,38.03,70.0,996.0,4.6,163.0,Rain,light rain
baripada,2026-07-29 10:27:54.682361,2,205.68,0.16,4.48,52.31,3.62,13.41,15.27,1.86,32.02,38.72,65.0,995.0,5.25,145.0,Rain,light rain
baripada,2026-07-29 12:54:32.971477,3,279.28,0.04,8.6,50.74,4.29,25.52,29.25,2.76,28.25,33.61,85.0,997.0,4.89,142.0,Rain,light rain
baripada,2026-07-29 15:03:40.820584,3,259.54,0.0,7.18,55.91,4.1,26.86,33.05,3.36,27.56,32.1,88.0,998.0,3.39,145.0,Rain,light rain
baripada,2026-07-29 17:02:49.536572,2,257.38,0.0,6.71,54.54,4.1,24.57,32.26,3.16,27.13,31.22,91.0,999.0,3.49,161.0,Rain,light rain
baripada,2026-07-29 18:53:34.600052,2,228.52,0.0,5.71,52.64,3.66,19.16,25.79,2.77,26.58,26.58,93.0,998.0,3.35,156.0,Clouds,overcast clouds
baripada,2026-07-29 20:07:08.338114,2,216.23,0.0,5.35,49.77,3.37,16.81,22.28,2.67,26.4,26.4,93.0,998.0,3.52,158.0,Clouds,overcast clouds
baripada,2026-07-29 21:45:53.896677,2,206.25,0.0,5.34,41.86,2.91,13.74,17.45,2.69,26.16,26.16,94.0,997.0,3.21,159.0,Clouds,overcast clouds
baripada,2026-07-29 22:47:04.083721,2,207.8,0.0,5.59,37.87,2.85,12.8,16.0,2.84,26.1,26.1,93.0,997.0,3.48,162.0,Clouds,overcast clouds
baripada,2026-07-29 23:52:32.018106,2,210.55,0.0,5.91,34.68,2.92,12.26,15.14,2.94,26.05,26.05,93.0,998.0,2.99,158.0,Clouds,broken clouds
baripada,2026-07-30 01:17:28.724314,2,213.1,0.04,6.24,32.44,3.22,12.12,15.04,3.08,26.76,30.06,90.0,998.0,3.15,158.0,Clouds,overcast clouds
baripada,2026-07-30 04:46:10.575052,2,194.63,0.72,4.68,44.95,3.94,14.74,17.9,2.25,31.05,37.73,70.0,999.0,5.11,163.0,Rain,light rain
baripada,2026-07-30 07:26:19.323286,2,188.34,0.4,2.94,63.28,3.37,21.27,24.19,2.06,30.32,36.91,74.0,999.0,5.27,173.0,Rain,light rain
baripada,2026-07-30 10:10:55.209649,2,171.47,0.21,2.33,79.97,2.9,22.04,25.06,1.8,31.1,37.56,69.0,997.0,5.89,168.0,Clouds,overcast clouds
baripada,2026-07-30 12:22:33.546182,2,172.71,0.18,3.35,78.76,3.24,19.41,24.29,2.24,29.59,35.93,78.0,998.0,5.68,160.0,Clouds,overcast clouds
baripada,2026-07-30 15:00:35.766473,2,158.48,0.0,4.25,59.09,3.11,11.4,18.62,2.8,27.61,32.24,88.0,1000.0,4.97,165.0,Rain,light rain
baripada,2026-07-30 16:28:00.560487,2,157.48,0.0,4.0,60.42,3.13,12.52,21.25,2.89,27.28,31.55,90.0,1001.0,5.2,164.0,Clouds,overcast clouds
baripada,2026-07-30 18:08:42.009865,2,151.09,0.0,3.62,61.41,3.02,12.79,22.58,2.9,26.71,30.01,91.0,1001.0,4.24,168.0,Clouds,overcast clouds
baripada,2026-07-30 20:11:08.022606,2,139.7,0.0,3.2,58.26,2.77,11.29,19.8,2.77,26.6,26.6,91.0,1001.0,3.53,168.0,Clouds,overcast clouds
baripada,2026-07-30 21:57:52.676890,2,136.96,0.0,3.13,53.43,2.79,10.4,17.15,2.67,26.1,26.1,93.0,1000.0,3.43,163.0,Clouds,overcast clouds
baripada,2026-07-30 22:59:53.286628,2,137.81,0.0,3.22,51.01,2.87,10.02,15.51,2.54,26.01,26.01,94.0,1001.0,3.4,161.0,Clouds,overcast clouds
baripada,2026-07-31 00:01:45.580759,1,140.35,0.0,3.42,48.63,3.01,9.82,14.36,2.44,26.06,26.06,94.0,1001.0,3.56,169.0,Clouds,overcast clouds
baripada,2026-07-31 04:15:50.444966,2,163.31,0.26,4.48,47.87,3.71,11.56,14.25,2.13,30.52,36.89,72.0,1003.0,5.05,167.0,Clouds,overcast clouds
baripada,2026-07-31 07:44:11.309149,2,155.09,0.16,2.88,63.13,2.77,13.97,15.67,1.6,32.72,39.72,64.0,1000.0,6.09,166.0,Rain,light rain
baripada,2026-07-31 10:27:00.097467,2,153.31,0.17,2.72,66.85,2.73,13.93,15.85,1.79,32.89,39.89,62.0,999.0,6.07,171.0,Rain,light rain
baripada,2026-07-31 12:50:08.933973,2,161.11,0.01,4.66,61.24,3.17,11.97,14.83,2.42,29.02,35.02,81.0,1000.0,4.97,151.0,Rain,light rain
baripada,2026-07-31 15:12:24.264988,2,172.6,0.0,4.94,59.86,3.62,14.21,20.08,2.64,27.85,32.95,88.0,1002.0,4.42,157.0,Clouds,broken clouds
baripada,2026-07-31 17:17:12.787060,2,172.13,0.0,4.45,58.13,3.42,15.72,23.17,2.53,27.3,31.36,88.0,1003.0,4.67,179.0,Clouds,overcast clouds
baripada,2026-07-31 19:05:34.835526,2,164.26,0.0,4.07,54.64,3.08,16.66,24.89,2.4,26.8,30.35,92.0,1002.0,3.32,179.0,Clouds,overcast clouds
baripada,2026-07-31 20:51:44.482920,2,158.77,0.0,3.52,50.39,2.7,16.89,25.25,2.37,26.48,26.48,92.0,1001.0,2.92,182.0,Clouds,overcast clouds
baripada,2026-07-31 21:55:57.230702,2,159.88,0.0,3.44,48.12,2.61,16.97,25.44,2.45,26.39,26.39,91.0,1000.0,2.62,191.0,Clouds,overcast clouds
baripada,2026-07-31 22:50:24.388266,2,162.89,0.0,3.51,45.57,2.6,17.04,25.73,2.6,26.27,26.27,91.0,1001.0,2.34,182.0,Clouds,overcast clouds
baripada,2026-07-31 23:52:13.593837,2,167.23,0.0,3.71,43.12,2.68,17.08,25.89,2.77,26.27,26.27,91.0,1001.0,1.78,194.0,Clouds,overcast clouds
baripada,2026-08-01 01:45:35.464707,2,175.4,0.19,4.15,39.28,3.24,16.58,25.45,2.15,28.9,34.25,79.0,1003.0,2.02,194.0,Clouds,broken clouds
baripada,2026-08-01 05:17:00.732059,2,172.96,0.75,4.09,50.56,5.98,20.65,26.1,1.42,32.29,39.09,64.0,1002.0,1.39,102.0,Rain,light rain
baripada,2026-08-01 08:00:30.829068,2,159.72,0.26,2.31,73.4,4.83,22.66,25.27,1.14,33.06,40.06,63.0,1000.0,2.02,153.0,Rain,moderate rain
baripada,2026-08-01 10:03:23.394039,2,163.82,0.25,2.46,79.13,5.0,22.68,25.02,1.26,31.1,38.1,73.0,999.0,2.4,177.0,Rain,moderate rain
baripada,2026-08-01 11:54:39.310410,2,180.59,0.15,4.3,71.03,4.97,22.23,24.7,1.6,31.39,38.39,73.0,1000.0,2.07,182.0,Clouds,scattered clouds
baripada,2026-08-01 12:53:07.120773,2,190.84,0.02,5.27,62.27,4.44,20.86,23.67,1.76,29.72,36.72,81.0,1000.0,2.71,160.0,Rain,light rain
baripada,2026-08-01 14:20:45.232221,2,234.76,0.0,7.81,41.85,3.82,17.85,21.32,2.33,28.94,35.68,85.0,1001.0,2.53,147.0,Rain,light rain
baripada,2026-08-01 15:51:25.643975,2,269.74,0.01,7.72,38.05,3.46,20.02,24.65,3.14,28.7,34.95,85.0,1002.0,1.5,176.0,Clouds,broken clouds
baripada,2026-08-01 16:45:44.337104,2,273.09,0.01,7.18,38.55,3.04,20.85,25.75,2.67,28.57,34.55,85.0,1002.0,1.67,196.0,Rain,light rain
baripada,2026-08-01 17:50:45.350147,2,261.56,0.0,6.51,40.81,2.83,21.17,25.92,2.06,28.31,33.97,86.0,1002.0,2.06,207.0,Rain,light rain
baripada,2026-08-01 18:52:02.453674,2,240.44,0.0,5.68,44.54,2.89,21.25,25.88,1.7,27.89,32.59,85.0,1002.0,2.13,216.0,Clouds,overcast clouds
baripada,2026-08-01 20:04:17.469702,2,240.9,0.0,5.33,43.18,2.67,21.94,26.72,1.75,27.83,32.42,85.0,1001.0,1.64,225.0,Clouds,overcast clouds
baripada,2026-08-01 21:43:10.388911,2,247.86,0.0,4.98,38.57,2.42,23.69,28.72,1.96,27.49,31.63,86.0,1001.0,1.29,213.0,Clouds,overcast clouds
baripada,2026-08-01 22:43:10.294742,2,255.36,0.0,5.01,35.29,2.31,24.63,29.56,2.01,27.37,31.3,86.0,1001.0,1.01,218.0,Clouds,overcast clouds
baripada,2026-08-01 23:46:43.126134,3,264.78,0.0,5.15,32.12,2.26,25.42,30.14,2.06,27.45,31.52,86.0,1001.0,0.9,249.0,Clouds,overcast clouds
baripada,2026-08-02 01:30:57.582109,2,300.0,0.12,5.95,26.07,3.07,24.91,28.22,1.72,30.0,35.53,72.0,1003.0,1.12,314.0,Rain,light rain
baripada,2026-08-02 05:15:36.680916,3,288.59,2.73,11.93,26.44,10.79,27.51,29.46,0.62,32.73,39.73,63.0,1003.0,0.47,18.0,Rain,moderate rain
baripada,2026-08-02 08:02:09.862182,2,214.2,1.69,9.0,47.01,11.87,22.39,23.84,0.32,35.12,42.12,55.0,1001.0,0.52,50.0,Rain,light rain
baripada,2026-08-02 10:24:09.268526,2,209.85,1.01,8.32,60.07,12.76,24.31,25.88,0.45,34.49,41.49,58.0,999.0,1.59,290.0,Rain,light rain
baripada,2026-08-02 11:52:47.849554,2,216.55,0.31,9.6,57.29,11.43,21.8,23.6,1.11,32.97,39.97,67.0,1000.0,1.49,298.0,Rain,heavy intensity rain
baripada,2026-08-02 12:54:31.380670,2,227.81,0.04,10.62,53.42,10.95,22.44,24.65,1.49,31.36,38.36,72.0,1001.0,0.76,208.0,Rain,light rain
baripada,2026-08-02 14:22:51.918113,3,323.77,0.06,14.37,21.92,8.1,27.08,31.16,2.87,30.48,37.48,76.0,1002.0,2.37,167.0,Rain,light rain
baripada,2026-08-02 15:51:46.782174,3,341.74,0.03,13.44,21.06,6.08,30.02,34.36,2.14,29.65,36.61,80.0,1003.0,1.96,172.0,Clouds,overcast clouds
baripada,2026-08-02 16:44:32.872807,3,355.23,0.04,12.64,20.9,5.03,32.03,36.74,2.19,29.42,36.18,81.0,1003.0,2.11,180.0,Clouds,broken clouds
baripada,2026-08-02 17:51:51.450724,3,360.66,0.04,11.74,21.15,4.19,33.92,38.85,2.13,28.98,35.12,82.0,1003.0,1.91,184.0,Rain,light rain
baripada,2026-08-02 18:52:11.632701,3,357.3,0.03,10.66,22.06,4.1,35.43,39.9,1.89,28.97,34.88,81.0,1002.0,1.62,205.0,Clouds,overcast clouds
baripada,2026-08-02 20:04:31.699466,3,351.94,0.02,9.7,23.52,4.2,37.25,41.21,1.6,28.71,34.56,83.0,1002.0,1.25,222.0,Clouds,overcast clouds
baripada,2026-08-02 21:43:40.532369,3,342.04,0.01,8.44,25.23,3.94,39.88,42.72,1.34,28.3,33.39,83.0,1002.0,1.02,225.0,Rain,light rain
baripada,2026-08-02 22:44:05.318777,3,351.88,0.03,8.02,23.04,3.62,39.91,42.25,1.69,27.94,32.41,83.0,1002.0,1.6,266.0,Rain,light rain
baripada,2026-08-02 23:48:45.011592,3,365.79,0.07,7.97,20.77,3.65,39.83,41.93,2.15,28.08,32.62,82.0,1002.0,1.5,277.0,Clouds,overcast clouds
baripada,2026-08-03 01:31:08.545896,3,411.32,0.76,8.61,17.04,4.74,38.93,42.08,2.4,30.44,36.68,72.0,1003.0,1.2,340.0,Clouds,overcast clouds
baripada,2026-08-03 05:29:44.310671,3,271.32,4.12,11.04,36.11,10.72,25.24,27.56,0.63,33.95,40.95,59.0,1003.0,1.61,77.0,Clouds,overcast clouds
baripada,2026-08-03 08:59:08.409883,3,239.34,1.0,7.44,69.68,11.41,32.85,34.83,0.62,35.76,42.53,50.0,1001.0,2.08,182.0,Rain,moderate rain
baripada,2026-08-03 12:19:16.879241,3,320.12,0.24,10.85,48.45,12.31,36.61,39.25,1.55,32.07,39.07,71.0,1001.0,1.91,172.0,Rain,heavy intensity rain
baripada,2026-08-03 15:36:22.449836,3,430.07,0.01,12.61,24.72,5.66,34.45,39.88,3.01,29.81,36.81,80.0,1004.0,2.24,178.0,Rain,light rain
baripada,2026-08-03 17:45:29.425397,3,429.57,0.0,11.21,24.87,4.61,36.85,41.87,2.38,29.36,36.0,81.0,1003.0,1.71,217.0,Rain,light rain
baripada,2026-08-03 19:16:34.806263,3,404.3,0.0,9.99,26.59,4.44,37.05,41.33,2.01,29.04,34.63,79.0,1003.0,1.79,293.0,Clouds,overcast clouds
baripada,2026-08-03 20:53:29.962935,3,386.49,0.0,8.26,26.42,4.06,39.44,43.11,2.02,28.93,34.13,78.0,1002.0,1.02,273.0,Clouds,overcast clouds
baripada,2026-08-03 21:57:20.966445,3,387.99,0.01,7.81,25.02,3.97,41.03,44.35,2.1,28.83,33.87,78.0,1002.0,1.29,234.0,Clouds,overcast clouds
baripada,2026-08-03 22:55:04.020478,3,400.43,0.01,7.72,22.14,3.98,42.66,45.74,2.33,28.64,33.56,79.0,1003.0,1.45,214.0,Clouds,overcast clouds
baripada,2026-08-03 23:59:06.075602,3,417.39,0.02,7.93,19.23,4.28,44.26,47.34,2.69,28.61,33.49,79.0,1003.0,1.34,220.0,Clouds,overcast clouds
baripada,2026-08-04 02:12:17.694031,3,474.74,0.91,8.64,15.03,4.39,47.03,51.9,3.04,30.63,36.62,70.0,1004.0,0.86,218.0,Clouds,overcast clouds
baripada,2026-08-04 05:37:29.862527,3,278.54,3.0,14.22,30.04,19.66,33.14,36.64,0.58,34.66,41.66,56.0,1003.0,1.42,128.0,Rain,light rain
baripada,2026-08-04 08:15:27.117271,2,234.16,0.71,11.5,39.31,12.47,24.06,26.18,0.52,34.77,41.77,56.0,1002.0,2.09,165.0,Rain,light rain
baripada,2026-08-04 11:14:34.497236,3,269.63,0.14,11.35,37.55,10.89,25.9,27.98,1.35,31.94,38.94,70.0,1000.0,2.38,195.0,Rain,light rain
baripada,2026-08-04 13:43:02.992807,3,367.31,0.01,14.58,27.7,8.07,32.03,36.21,2.52,29.41,36.41,84.0,1002.0,2.22,175.0,Clouds,overcast clouds
baripada,2026-08-04 16:05:10.445050,3,414.55,0.02,13.87,23.73,6.5,35.23,40.04,2.4,29.1,36.1,85.0,1003.0,2.46,181.0,Rain,light rain
baripada,2026-08-04 18:21:59.145863,3,430.75,0.04,12.42,23.32,5.33,37.11,40.84,1.91,28.73,35.25,86.0,1003.0,2.48,195.0,Clouds,overcast clouds
baripada,2026-08-04 20:17:27.471880,3,414.91,0.03,10.53,23.48,4.14,36.74,38.78,1.5,28.55,34.49,85.0,1001.0,2.1,203.0,Clouds,overcast clouds
baripada,2026-08-04 22:02:47.668948,3,387.16,0.02,10.13,24.11,4.67,37.83,39.38,1.19,28.2,33.29,84.0,1000.0,1.91,215.0,Rain,light rain
baripada,2026-08-04 23:53:36.711743,3,371.43,0.04,11.3,20.28,5.67,38.76,40.7,1.35,28.12,33.07,84.0,1001.0,0.82,240.0,Clouds,overcast clouds
baripada,2026-08-05 01:25:29.763020,3,363.21,0.37,12.38,18.28,6.9,39.28,41.66,1.19,28.77,34.31,81.0,1002.0,0.81,262.0,Clouds,overcast clouds
baripada,2026-08-05 04:53:41.460944,3,277.61,2.09,13.01,33.71,16.58,28.67,31.2,0.55,30.05,36.98,77.0,1002.0,0.19,180.0,Rain,light rain
baripada,2026-08-05 07:31:13.981138,2,273.73,0.87,11.39,37.55,12.96,23.49,25.41,0.86,31.14,37.98,70.0,1000.0,0.87,89.0,Rain,light rain
baripada,2026-08-05 10:23:25.063302,3,300.51,0.43,11.35,38.57,11.41,25.67,27.72,1.29,30.45,37.45,76.0,999.0,0.13,138.0,Rain,heavy intensity rain
baripada,2026-08-05 12:46:18.321132,3,379.41,0.06,14.13,33.43,8.96,34.5,37.84,1.93,29.22,35.36,80.0,1001.0,0.58,314.0,Rain,light rain
baripada,2026-08-05 15:06:49.453592,3,446.2,0.18,22.86,9.91,10.0,39.09,46.05,2.92,29.04,34.85,80.0,1002.0,1.27,303.0,Rain,very heavy rain
baripada,2026-08-05 17:17:42.666297,3,503.69,0.21,20.62,10.85,8.82,44.62,52.24,2.65,28.86,34.15,79.0,1002.0,0.69,294.0,Rain,very heavy rain
baripada,2026-08-05 19:11:30.586035,3,503.89,0.14,17.03,15.83,8.97,46.88,52.8,1.94,27.03,30.5,87.0,1002.0,1.81,341.0,Rain,heavy intensity rain
baripada,2026-08-05 20:55:32.633673,3,477.52,0.04,13.47,19.24,9.96,44.88,48.19,1.37,27.03,30.5,87.0,1001.0,1.82,349.0,Clouds,overcast clouds
baripada,2026-08-05 22:04:43.422154,3,452.39,0.02,12.44,19.73,9.04,42.52,44.99,1.17,26.89,30.23,88.0,1001.0,1.55,358.0,Clouds,overcast clouds
baripada,2026-08-05 23:46:00.326042,3,420.04,0.02,13.52,15.29,8.21,39.04,41.01,1.13,26.66,26.66,90.0,1001.0,1.08,3.0,Clouds,overcast clouds
baripada,2026-08-06 01:22:45.560930,3,411.62,0.34,14.54,12.9,7.86,38.27,40.51,1.13,26.53,26.53,92.0,1002.0,0.51,120.0,Rain,light rain
baripada,2026-08-06 04:53:56.367576,2,290.48,2.85,18.91,23.72,13.31,23.65,26.39,0.42,27.21,31.22,89.0,1003.0,1.11,34.0,Clouds,overcast clouds
baripada,2026-08-06 07:31:36.400912,2,287.92,0.57,15.99,31.79,10.72,19.38,21.87,1.27,26.41,26.41,91.0,1001.0,1.03,163.0,Rain,light rain
baripada,2026-08-06 10:25:24.541529,2,336.78,0.5,15.6,29.27,10.87,22.45,25.18,1.74,26.16,26.16,93.0,1000.0,1.94,177.0,Clouds,overcast clouds
baripada,2026-08-06 12:50:23.550247,3,417.25,0.18,20.54,19.02,11.27,26.14,29.31,1.8,26.47,26.47,92.0,1001.0,2.04,160.0,Clouds,overcast clouds
baripada,2026-08-06 15:05:13.621372,3,427.25,0.05,21.1,16.67,13.29,32.04,35.8,2.09,26.21,26.21,94.0,1002.0,2.15,161.0,Clouds,overcast clouds
baripada,2026-08-06 23:48:10.580264,3,413.76,0.05,12.35,9.95,6.13,29.17,30.78,1.79,25.75,26.7,89.0,1000.0,0.92,186.0,Rain,moderate rain
baripada,2026-08-07 02:02:04.522776,3,427.15,0.67,12.46,8.7,9.62,28.48,31.01,1.81,24.81,25.91,98.0,1001.0,1.85,175.0,Rain,heavy intensity rain
baripada,2026-08-07 04:46:32.665741,3,401.52,2.21,12.21,16.19,12.4,26.35,29.31,1.5,24.87,26.0,99.0,1001.0,3.26,145.0,Rain,heavy intensity rain
baripada,2026-08-07 06:03:48.386726,3,381.2,2.19,12.6,20.17,13.75,26.43,29.09,1.34,26.33,26.33,89.0,1001.0,1.9,199.0,Clouds,overcast clouds
baripada,2026-08-07 08:05:07.560256,2,301.19,2.2,14.85,25.74,14.39,23.01,25.03,0.71,27.72,31.83,83.0,999.0,1.7,169.0,Rain,light rain
baripada,2026-08-07 09:48:52.497049,2,281.44,2.74,15.47,31.07,15.55,22.42,24.47,0.7,28.28,32.98,81.0,998.0,1.7,163.0,Rain,light rain
baripada,2026-08-07 10:41:11.985460,2,282.56,1.5,17.66,32.06,16.22,22.42,24.77,0.94,27.85,32.48,85.0,998.0,2.4,151.0,Clouds,overcast clouds
baripada,2026-08-07 11:37:06.377224,2,293.02,0.72,20.65,31.08,17.48,23.05,25.81,1.24,27.21,31.11,88.0,998.0,2.78,149.0,Clouds,overcast clouds
baripada,2026-08-07 12:37:14.030461,2,316.37,0.1,22.67,27.77,15.74,24.63,28.11,1.67,27.16,30.97,88.0,999.0,2.56,151.0,Clouds,overcast clouds
baripada,2026-08-07 14:04:22.872755,3,372.83,0.01,18.83,24.59,14.17,30.93,34.47,2.02,26.8,30.17,90.0,1000.0,2.08,152.0,Clouds,broken clouds
baripada,2026-08-07 15:42:43.927809,3,390.35,0.01,19.66,20.91,12.81,33.65,37.51,1.65,26.59,26.59,90.0,1001.0,1.8,180.0,Clouds,broken clouds
baripada,2026-08-07 16:40:05.639498,3,404.6,0.03,18.97,18.84,11.59,34.54,38.51,1.82,26.4,26.4,91.0,1001.0,1.69,196.0,Rain,light rain
baripada,2026-08-07 17:39:15.150193,3,408.82,0.04,18.38,16.86,10.67,34.6,38.08,1.76,26.37,26.37,91.0,1001.0,1.78,209.0,Rain,light rain
baripada,2026-08-07 18:37:41.415563,3,400.81,0.04,17.93,14.99,9.45,34.14,36.8,1.58,26.3,26.3,90.0,1000.0,2.66,191.0,Rain,moderate rain
baripada,2026-08-07 19:42:50.393593,3,393.18,0.04,17.94,13.19,8.49,34.14,36.37,1.46,26.06,26.06,91.0,1000.0,2.45,199.0,Rain,moderate rain
baripada,2026-08-07 20:27:49.782047,3,393.18,0.04,17.94,13.19,8.49,34.14,36.37,1.46,26.06,26.06,91.0,1000.0,2.45,199.0,Rain,moderate rain
baripada,2026-08-07 21:27:37.160457,3,387.62,0.05,18.34,11.73,7.94,34.74,36.77,1.35,26.16,26.16,91.0,1000.0,2.14,213.0,Rain,moderate rain
baripada,2026-08-07 22:23:53.894837,3,385.66,0.07,18.67,10.09,7.15,36.08,38.02,1.38,26.25,26.25,90.0,1000.0,1.59,227.0,Clouds,overcast clouds
baripada,2026-08-07 23:23:52.026751,3,395.04,0.11,17.73,8.12,5.92,36.97,38.8,1.74,26.03,26.03,91.0,1000.0,1.28,250.0,Rain,light rain
baripada,2026-08-08 00:45:33.352761,3,429.82,0.41,15.41,6.02,5.37,37.75,40.0,2.39,26.65,26.65,89.0,1001.0,0.85,297.0,Clouds,overcast clouds
baripada,2026-08-08 02:48:55.060897,3,461.69,2.23,12.95,9.83,6.58,37.65,41.45,2.16,29.18,34.57,77.0,1002.0,1.09,118.0,Rain,light rain
baripada,2026-08-08 04:02:56.644147,3,324.33,1.65,11.54,26.98,7.85,27.15,29.1,0.51,29.73,36.07,77.0,1002.0,2.24,127.0,Rain,moderate rain
baripada,2026-08-08 05:34:24.314502,2,269.38,1.82,9.27,39.13,8.2,19.62,21.22,0.66,31.38,38.38,70.0,1002.0,3.95,163.0,Rain,light rain
baripada,2026-08-08 06:32:14.725357,2,264.67,1.26,8.54,46.14,7.9,19.77,21.35,0.81,30.87,37.85,72.0,1000.0,3.64,173.0,Rain,moderate rain
baripada,2026-08-08 07:39:56.271870,2,265.91,0.58,7.51,51.53,7.17,21.48,23.1,1.05,31.38,38.38,70.0,1000.0,3.9,177.0,Rain,moderate rain
baripada,2026-08-08 08:26:30.734473,2,265.91,0.58,7.51,51.53,7.17,21.48,23.1,1.05,31.35,38.35,70.0,1000.0,3.9,177.0,Rain,moderate rain
baripada,2026-08-08 09:26:08.275184,2,271.71,0.33,6.6,55.77,6.54,23.79,25.43,1.11,31.45,38.45,69.0,999.0,4.41,176.0,Rain,light rain
baripada,2026-08-08 10:19:43.928762,3,279.2,0.27,6.23,57.51,6.36,26.35,28.0,1.24,31.09,38.09,72.0,999.0,4.97,169.0,Rain,light rain
baripada,2026-08-08 11:19:19.712198,3,288.46,0.26,6.27,58.18,6.0,28.91,30.66,1.45,30.42,37.42,76.0,999.0,5.06,158.0,Rain,light rain
baripada,2026-08-08 12:22:49.692435,3,298.09,0.15,6.6,58.95,5.3,30.98,32.88,1.61,29.35,35.73,80.0,1000.0,4.68,159.0,Rain,light rain
baripada,2026-08-08 13:37:01.481120,3,332.25,0.0,7.55,50.07,3.55,34.04,37.66,2.37,27.69,32.33,87.0,1002.0,3.73,163.0,Clouds,overcast clouds
baripada,2026-08-08 14:22:09.272877,3,332.25,0.0,7.55,50.07,3.55,34.04,37.66,2.37,27.69,32.33,87.0,1002.0,3.73,163.0,Clouds,overcast clouds
baripada,2026-08-08 15:18:13.869803,3,364.47,0.0,8.14,47.29,3.58,38.45,43.29,2.83,27.47,31.97,89.0,1002.0,3.2,156.0,Clouds,overcast clouds
baripada,2026-08-08 16:18:52.643623,3,390.08,0.0,8.47,44.62,3.37,42.34,48.18,3.18,27.36,31.78,90.0,1003.0,2.77,156.0,Clouds,overcast clouds
baripada,2026-08-08 17:19:45.552234,3,412.35,0.0,8.68,42.01,3.13,46.25,52.95,3.17,27.13,31.22,91.0,1003.0,2.32,159.0,Clouds,overcast clouds
baripada,2026-08-08 18:21:00.279802,3,421.16,0.0,8.59,40.06,2.81,49.3,56.22,2.97,26.97,30.75,91.0,1003.0,2.03,161.0,Clouds,overcast clouds
baripada,2026-08-08 19:20:44.320821,4,420.05,0.0,8.18,37.45,2.42,51.21,57.53,2.8,26.76,30.24,92.0,1003.0,1.73,161.0,Clouds,overcast clouds
baripada,2026-08-08 20:15:57.687417,4,425.63,0.0,7.8,33.53,2.13,52.47,58.2,3.04,26.72,30.12,92.0,1002.0,1.66,157.0,Clouds,overcast clouds
baripada,2026-08-08 21:19:04.781221,4,432.25,0.0,7.54,30.14,1.99,53.34,58.68,3.49,26.56,26.56,93.0,1002.0,1.39,158.0,Clouds,overcast clouds
baripada,2026-08-08 22:16:14.946091,4,440.79,0.0,7.42,27.24,2.07,53.9,58.89,3.99,26.5,26.5,93.0,1002.0,1.24,161.0,Clouds,overcast clouds
baripada,2026-08-08 23:17:14.970254,4,451.4,0.01,7.45,24.5,2.17,54.46,59.19,4.33,26.38,26.38,93.0,1002.0,1.03,155.0,Clouds,overcast clouds
baripada,2026-08-09 00:49:17.011743,4,483.09,0.11,7.96,20.49,2.43,55.89,60.89,4.66,26.99,30.81,91.0,1003.0,0.61,126.0,Clouds,overcast clouds
baripada,2026-08-09 02:56:08.569727,4,524.11,1.87,6.9,24.91,2.97,58.46,65.17,3.57,29.57,35.38,76.0,1003.0,1.9,114.0,Clouds,overcast clouds
baripada,2026-08-09 04:10:02.942285,3,322.55,0.9,5.8,63.09,7.16,44.08,47.39,0.6,30.8,37.07,70.0,1003.0,2.44,120.0,Clouds,overcast clouds
baripada,2026-08-09 05:40:07.365381,3,273.51,0.62,4.5,79.44,9.07,42.02,44.52,0.58,32.38,39.32,64.0,1002.0,2.41,130.0,Rain,light rain
baripada,2026-08-09 06:36:07.322388,3,262.25,0.3,3.66,85.45,8.02,39.06,41.14,0.65,33.28,39.87,59.0,1001.0,2.6,129.0,Rain,light rain
baripada,2026-08-09 07:44:00.787388,3,253.63,0.19,3.56,82.43,6.63,32.81,34.51,0.69,32.53,39.53,64.0,1000.0,3.47,121.0,Clouds,overcast clouds
baripada,2026-08-09 08:29:01.372510,3,253.63,0.19,3.56,82.43,6.63,32.81,34.51,0.69,32.54,39.54,64.0,1000.0,3.47,121.0,Rain,light rain
baripada,2026-08-09 09:28:04.805004,3,252.63,0.12,3.93,77.07,5.88,28.87,30.35,0.67,32.12,39.12,67.0,1000.0,3.47,131.0,Rain,light rain
baripada,2026-08-09 10:21:20.461632,3,256.07,0.1,4.55,69.25,5.69,25.78,27.16,0.91,32.81,39.75,62.0,999.0,4.57,146.0,Rain,light rain
baripada,2026-08-09 11:19:58.635643,2,265.56,0.14,5.12,62.66,5.43,24.75,26.21,1.32,32.01,39.01,66.0,999.0,4.93,153.0,Clouds,broken clouds
baripada,2026-08-09 12:25:12.696875,2,276.57,0.1,5.83,57.84,4.92,24.22,25.81,1.6,30.34,36.69,73.0,1000.0,4.86,148.0,Clouds,overcast clouds
baripada,2026-08-09 13:40:33.669938,3,367.27,0.0,9.77,33.61,3.82,25.4,29.05,2.7,28.25,33.25,83.0,1001.0,4.05,161.0,Clouds,overcast clouds
baripada,2026-08-09 14:23:27.794351,3,367.27,0.0,9.77,33.61,3.82,25.4,29.05,2.7,28.26,33.28,83.0,1001.0,4.05,161.0,Clouds,overcast clouds
baripada,2026-08-09 15:20:00.694849,3,392.5,0.0,10.17,28.86,3.74,26.16,30.51,2.89,28.02,33.12,86.0,1002.0,3.26,163.0,Clouds,overcast clouds
baripada,2026-08-09 16:20:36.124374,3,414.06,0.01,10.3,24.72,3.44,27.1,31.97,3.05,27.86,32.98,88.0,1002.0,2.65,163.0,Clouds,overcast clouds
baripada,2026-08-09 17:20:51.845265,3,438.94,0.01,10.47,20.62,3.08,28.47,33.75,3.21,27.81,32.83,88.0,1002.0,2.06,167.0,Clouds,overcast clouds
baripada,2026-08-09 18:22:52.773776,3,454.85,0.03,10.44,17.4,2.69,29.39,34.54,3.21,27.57,32.13,88.0,1002.0,1.27,152.0,Rain,light rain
baripada,2026-08-09 19:24:46.523091,3,457.48,0.04,10.08,15.14,2.32,29.6,34.08,3.01,27.14,31.14,90.0,1002.0,1.14,169.0,Rain,moderate rain
baripada,2026-08-09 20:18:49.270606,3,459.16,0.04,9.65,13.83,2.27,29.8,33.7,2.75,26.55,26.55,92.0,1001.0,1.18,189.0,Rain,moderate rain
baripada,2026-08-09 21:20:35.260524,3,455.19,0.04,9.25,13.27,2.43,29.86,33.17,2.51,26.36,26.36,92.0,1001.0,0.58,217.0,Rain,moderate rain
baripada,2026-08-09 22:18:13.944373,3,441.05,0.02,9.03,13.36,3.01,29.77,32.6,2.24,26.51,26.51,91.0,1001.0,1.34,285.0,Rain,light rain
baripada,2026-08-09 23:19:08.828680,3,424.1,0.02,9.27,12.27,3.62,29.79,32.32,2.02,26.39,26.39,91.0,1001.0,1.57,329.0,Rain,light rain
baripada,2026-08-10 00:51:52.244960,3,392.83,0.47,10.29,9.8,5.55,29.0,31.53,1.69,27.14,31.02,89.0,1002.0,1.2,342.0,Rain,moderate rain
baripada,2026-08-10 03:05:31.994442,3,378.26,3.5,8.78,14.45,8.34,27.27,30.9,1.7,29.34,35.23,78.0,1003.0,1.55,42.0,Rain,light rain
baripada,2026-08-10 05:14:39.374455,2,234.48,2.36,10.72,29.02,13.62,16.67,18.62,0.29,31.34,38.34,70.0,1003.0,2.02,80.0,Rain,light rain
baripada,2026-08-10 07:06:21.985460,2,230.2,1.47,12.24,30.25,14.79,15.78,17.79,0.93,33.47,40.36,59.0,1001.0,1.04,117.0,Rain,light rain
baripada,2026-08-10 09:05:40.730617,2,277.91,1.1,15.33,23.93,16.41,18.28,21.41,2.91,33.71,40.21,57.0,999.0,1.42,150.0,Clouds,scattered clouds
baripada,2026-08-10 10:56:14.770733,2,318.28,0.68,17.23,18.31,16.2,20.69,24.32,3.24,32.3,39.3,66.0,999.0,2.84,142.0,Rain,light rain
baripada,2026-08-10 11:41:57.109443,2,322.73,0.4,17.85,16.67,15.18,20.6,23.89,2.19,30.95,37.95,74.0,999.0,3.47,166.0,Rain,light rain
baripada,2026-08-10 12:41:12.434761,2,319.23,0.1,18.3,15.84,12.6,20.01,22.96,1.7,29.48,35.62,78.0,1000.0,3.4,177.0,Rain,light rain
baripada,2026-08-10 14:11:38.897315,3,376.41,0.02,15.03,16.95,9.28,25.14,28.85,2.21,28.54,33.87,82.0,1001.0,3.59,191.0,Rain,light rain
baripada,2026-08-10 15:48:11.808681,3,400.5,0.04,13.97,13.41,6.85,25.87,30.13,2.29,27.99,32.54,83.0,1002.0,1.58,184.0,Clouds,broken clouds
baripada,2026-08-10 16:41:32.331853,3,407.18,0.04,13.67,12.09,6.23,26.52,31.03,2.22,27.64,31.62,83.0,1002.0,1.72,191.0,Clouds,broken clouds
baripada,2026-08-10 17:42:20.736659,3,399.33,0.04,13.43,11.46,6.2,27.09,31.25,1.94,27.44,31.24,84.0,1001.0,1.46,206.0,Rain,light rain
baripada,2026-08-10 18:40:42.299367,3,379.36,0.03,13.07,11.4,7.86,27.31,30.49,1.54,27.75,31.91,83.0,1001.0,1.19,272.0,Clouds,scattered clouds
baripada,2026-08-10 19:46:44.211766,3,369.42,0.04,12.34,10.9,8.06,27.37,29.84,1.53,27.53,31.34,83.0,1000.0,1.58,307.0,Clouds,scattered clouds
baripada,2026-08-10 20:30:20.666393,3,361.91,0.04,11.63,10.68,7.61,27.43,29.58,1.69,27.32,30.81,83.0,1000.0,1.86,302.0,Clouds,scattered clouds
baripada,2026-08-10 21:30:46.715436,3,353.99,0.05,10.95,10.88,8.2,27.23,29.19,1.77,26.82,29.77,85.0,1000.0,1.48,303.0,Rain,light rain
baripada,2026-08-10 22:25:16.029367,3,353.99,0.05,10.95,10.88,8.2,27.23,29.19,1.77,26.82,29.77,85.0,1000.0,1.48,303.0,Rain,light rain
baripada,2026-08-10 23:24:31.377096,3,345.09,0.04,10.21,11.62,8.64,26.56,28.31,1.64,26.65,26.65,85.0,1000.0,1.73,291.0,Clouds,few clouds
baripada,2026-08-11 00:51:27.777396,2,335.05,0.14,9.16,13.64,8.25,24.88,26.59,1.55,27.91,32.02,81.0,1001.0,1.44,312.0,Clear,clear sky
baripada,2026-08-11 02:58:43.463385,2,352.29,1.56,9.05,16.11,8.81,24.23,27.02,1.62,31.19,37.2,67.0,1002.0,1.52,319.0,Clouds,few clouds
baripada,2026-08-11 04:17:00.970319,2,319.13,1.92,10.66,22.45,11.07,22.83,25.46,1.05,31.96,38.23,64.0,1002.0,1.47,356.0,Rain,light rain
baripada,2026-08-11 05:45:39.299117,2,273.45,2.07,12.55,29.55,14.62,21.56,23.73,0.75,32.68,39.06,61.0,1001.0,2.39,73.0,Rain,light rain
baripada,2026-08-11 06:44:36.865933,2,225.9,1.3,11.81,39.96,13.77,18.8,20.39,0.4,34.14,40.92,56.0,1000.0,2.7,85.0,Clouds,overcast clouds
baripada,2026-08-11 08:01:50.967325,2,203.04,0.62,10.26,47.37,12.17,17.0,18.35,0.36,34.54,41.14,54.0,999.0,2.73,100.0,Rain,light rain
baripada,2026-08-11 09:48:43.090918,2,200.35,0.45,8.6,56.07,11.96,17.59,18.98,0.78,33.75,40.75,59.0,998.0,2.31,129.0,Rain,heavy intensity rain
baripada,2026-08-11 10:40:43.812784,2,219.17,0.56,9.46,54.73,12.8,19.15,20.93,1.27,32.19,39.19,69.0,998.0,3.25,151.0,Rain,light rain
baripada,2026-08-11 11:35:54.810961,2,240.69,0.44,11.64,50.86,13.61,20.55,22.74,1.41,31.18,38.18,73.0,998.0,3.49,163.0,Clouds,overcast clouds
baripada,2026-08-11 12:38:28.999723,2,270.97,0.06,13.22,41.24,11.32,22.42,25.32,1.77,30.67,37.59,73.0,999.0,2.96,174.0,Rain,light rain
baripada,2026-08-11 14:11:04.632748,3,468.71,0.09,20.38,19.87,12.22,37.49,44.34,6.92,29.89,36.0,75.0,1001.0,2.68,186.0,Rain,light rain
baripada,2026-08-11 15:48:26.877109,3,463.32,0.08,17.64,13.54,8.28,34.57,40.82,3.64,29.48,34.91,75.0,1002.0,2.47,219.0,Clouds,overcast clouds
baripada,2026-08-11 16:44:38.839940,3,462.03,0.06,16.82,12.23,7.11,34.35,40.42,3.05,29.2,34.41,76.0,1002.0,1.97,225.0,Clouds,overcast clouds
baripada,2026-08-11 17:47:09.908566,3,443.43,0.04,15.77,12.41,6.3,34.16,39.54,2.43,29.07,34.08,76.0,1001.0,1.38,225.0,Clouds,overcast clouds
baripada,2026-08-11 18:44:23.786419,3,414.98,0.02,14.66,13.06,5.7,34.39,39.02,1.89,28.49,33.18,79.0,1001.0,0.78,284.0,Clouds,overcast clouds
baripada,2026-08-11 19:53:20.623358,3,402.65,0.03,13.86,12.52,5.09,35.86,40.13,1.8,28.28,32.81,80.0,1001.0,0.64,302.0,Clouds,overcast clouds
baripada,2026-08-11 20:32:54.576294,3,396.45,0.03,13.36,11.78,4.67,38.2,42.39,1.81,27.99,32.23,81.0,1000.0,0.83,289.0,Clouds,overcast clouds
baripada,2026-08-11 21:34:28.015468,3,396.38,0.05,13.09,10.86,4.4,40.82,44.91,1.84,27.66,31.67,83.0,1000.0,1.21,287.0,Rain,light rain
baripada,2026-08-11 22:30:39.620399,3,399.68,0.07,12.75,10.19,4.08,43.11,46.94,1.78,27.39,30.98,83.0,1001.0,1.58,281.0,Rain,light rain
baripada,2026-08-11 23:28:45.694637,3,399.68,0.07,12.75,10.19,4.08,43.11,46.94,1.78,27.39,30.98,83.0,1001.0,1.58,281.0,Rain,light rain
baripada,2026-08-12 00:57:44.694741,3,415.51,0.36,11.94,10.7,6.97,44.91,48.44,1.64,27.65,31.65,83.0,1002.0,1.2,300.0,Rain,light rain
baripada,2026-08-12 03:20:20.452472,3,441.55,3.0,10.56,13.86,11.05,45.63,49.76,1.36,29.6,34.76,73.0,1003.0,0.33,297.0,Clouds,overcast clouds
baripada,2026-08-12 05:23:17.705964,3,330.77,3.57,13.73,25.78,14.01,40.53,43.65,0.61,32.91,39.29,60.0,1002.0,0.82,65.0,Rain,light rain
baripada,2026-08-12 07:05:13.777920,2,223.86,1.39,9.84,51.89,13.15,21.25,23.08,0.37,34.14,40.53,55.0,1001.0,1.88,153.0,Rain,light rain
baripada,2026-08-12 08:59:30.101396,2,195.53,0.45,6.81,62.91,12.15,16.64,18.33,0.43,33.41,39.83,58.0,1000.0,1.62,129.0,Rain,light rain
baripada,2026-08-12 10:02:40.740113,2,206.71,0.44,7.33,59.28,14.56,17.55,19.52,0.96,33.39,40.39,60.0,1000.0,1.43,175.0,Rain,light rain
baripada,2026-08-12 11:38:08.031202,2,260.54,0.19,11.11,45.72,15.67,21.19,24.4,2.42,31.73,38.73,70.0,1000.0,2.23,204.0,Clouds,overcast clouds
baripada,2026-08-12 12:41:15.724485,2,286.52,0.02,12.39,41.86,13.71,23.32,27.33,2.79,30.72,37.72,73.0,1001.0,2.74,192.0,Clouds,overcast clouds
baripada,2026-08-12 14:12:07.757716,3,307.92,0.0,13.08,42.13,9.43,28.74,31.59,1.38,29.87,36.46,77.0,1002.0,2.77,201.0,Rain,very heavy rain
baripada,2026-08-12 15:48:08.853620,3,343.97,0.0,11.02,40.9,8.12,34.65,38.08,1.44,29.67,35.9,77.0,1003.0,2.16,241.0,Rain,very heavy rain
baripada,2026-08-12 16:44:45.799705,3,355.59,0.0,10.0,41.59,7.71,38.17,41.69,1.36,29.66,35.63,76.0,1003.0,1.37,259.0,Rain,very heavy rain
baripada,2026-08-12 17:48:50.066237,3,357.88,0.0,9.14,41.99,7.43,40.56,43.8,1.19,29.55,35.33,76.0,1003.0,1.04,283.0,Rain,very heavy rain
baripada,2026-08-12 18:45:15.332957,3,349.62,0.0,8.46,41.08,7.7,40.54,43.05,0.99,28.93,34.55,80.0,1002.0,1.25,254.0,Rain,very heavy rain
baripada,2026-08-12 19:55:10.384038,3,339.79,0.0,8.37,38.52,8.01,38.81,40.66,0.85,28.51,33.6,81.0,1002.0,2.02,210.0,Rain,very heavy rain
baripada,2026-08-12 20:31:30.974060,3,324.39,0.0,9.06,34.79,8.34,35.53,36.86,0.67,27.61,32.1,87.0,1001.0,3.7,194.0,Rain,very heavy rain
baripada,2026-08-12 21:33:42.828145,3,305.14,0.0,10.35,29.83,8.65,31.29,32.32,0.57,26.61,26.61,92.0,1002.0,4.91,212.0,Rain,very heavy rain
baripada,2026-08-12 22:28:39.927730,3,305.14,0.0,10.35,29.83,8.65,31.29,32.32,0.57,26.63,26.63,92.0,1002.0,4.91,212.0,Rain,very heavy rain
baripada,2026-08-12 23:29:25.719347,3,296.98,0.0,11.2,24.9,8.55,27.97,28.94,0.69,26.7,29.89,90.0,1001.0,3.3,237.0,Rain,very heavy rain
baripada,2026-08-13 00:58:53.631845,2,295.58,0.05,12.12,17.96,7.71,23.48,24.87,1.12,26.17,26.17,94.0,1003.0,2.54,240.0,Rain,very heavy rain
baripada,2026-08-13 03:25:12.811698,2,304.12,0.9,12.55,15.22,8.7,19.85,22.56,1.4,26.52,26.52,94.0,1003.0,3.79,253.0,Rain,light rain
baripada,2026-08-13 05:27:07.659252,2,254.58,1.16,13.97,17.64,14.28,14.76,16.8,0.81,28.68,34.06,81.0,1002.0,2.31,293.0,Clouds,overcast clouds
baripada,2026-08-13 07:09:09.095696,2,240.5,1.54,13.84,20.49,14.93,13.91,15.4,0.68,29.99,36.81,77.0,1000.0,4.11,293.0,Clouds,overcast clouds
baripada,2026-08-13 09:00:43.730261,2,248.65,1.73,11.9,25.08,12.59,15.3,16.74,0.9,29.66,36.13,78.0,998.0,3.61,274.0,Rain,heavy intensity rain
baripada,2026-08-13 10:09:07.027377,2,255.33,1.96,11.04,26.98,12.53,16.55,18.08,1.02,29.89,36.52,77.0,998.0,2.4,283.0,Rain,moderate rain
baripada,2026-08-13 11:38:08.015787,2,269.24,0.69,14.01,24.19,13.44,17.86,19.6,1.16,27.28,31.55,90.0,999.0,1.7,278.0,Rain,light rain
baripada,2026-08-13 12:42:01.532262,2,281.64,0.12,16.07,21.9,11.77,18.73,20.91,1.34,27.32,31.66,90.0,999.0,2.01,273.0,Clouds,overcast clouds
baripada,2026-08-13 14:13:51.374109,2,300.56,0.01,16.9,19.83,10.51,20.12,23.19,1.57,27.85,32.79,87.0,1000.0,1.83,279.0,Rain,heavy intensity rain
baripada,2026-08-13 15:47:18.594691,2,294.8,0.05,17.89,15.74,11.1,22.16,24.49,1.25,27.71,32.39,87.0,1001.0,1.78,268.0,Rain,heavy intensity rain
baripada,2026-08-13 16:43:45.271565,2,300.51,0.03,16.4,15.5,10.38,21.72,24.23,1.3,27.65,32.21,87.0,1001.0,1.62,256.0,Rain,heavy intensity rain
baripada,2026-08-13 17:48:10.220027,2,300.82,0.02,15.12,15.2,9.65,20.38,22.79,1.25,26.94,30.46,89.0,1001.0,1.22,308.0,Rain,heavy intensity rain
baripada,2026-08-13 18:45:24.277693,2,293.72,0.01,13.99,14.88,8.96,18.57,20.48,1.08,26.79,30.14,90.0,1000.0,1.66,223.0,Rain,moderate rain
baripada,2026-08-13 19:50:24.327264,2,286.02,0.01,13.12,14.67,8.42,16.71,18.13,0.92,26.55,26.55,92.0,1000.0,1.71,229.0,Clouds,overcast clouds
baripada,2026-08-13 20:28:59.327779,2,286.02,0.01,13.12,14.67,8.42,16.71,18.13,0.92,26.57,26.57,92.0,1000.0,1.71,229.0,Rain,light rain
baripada,2026-08-13 21:33:44.772186,2,271.02,0.01,12.23,14.96,7.64,14.12,15.11,0.76,26.66,26.66,90.0,999.0,1.34,161.0,Rain,light rain
baripada,2026-08-13 22:29:34.213620,2,271.02,0.01,12.23,14.96,7.64,14.12,15.11,0.76,26.66,26.66,90.0,999.0,1.34,161.0,Rain,light rain
baripada,2026-08-13 23:30:09.355004,2,270.16,0.01,11.24,14.81,6.99,13.59,14.62,0.87,26.67,29.81,90.0,1000.0,0.78,152.0,Clouds,overcast clouds
baripada,2026-08-14 00:58:15.395160,2,271.49,0.06,10.99,14.63,7.18,13.7,14.99,0.99,27.07,30.83,89.0,1001.0,0.61,143.0,Clouds,overcast clouds
baripada,2026-08-14 03:22:19.511259,2,268.34,1.08,10.79,17.3,9.5,14.22,16.2,1.15,28.3,33.39,83.0,1001.0,1.17,155.0,Clouds,overcast clouds
baripada,2026-08-14 05:23:20.443854,2,218.07,1.32,10.4,25.58,11.17,12.55,13.97,0.79,29.85,36.41,77.0,1001.0,1.15,184.0,Rain,light rain
baripada,2026-08-14 07:05:40.688865,2,202.18,1.72,9.82,32.03,11.91,11.93,13.07,0.67,31.44,38.44,71.0,999.0,1.06,53.0,Rain,moderate rain
baripada,2026-08-14 08:56:39.284538,2,202.09,0.88,10.07,37.26,10.75,12.06,13.06,0.75,31.54,38.54,71.0,998.0,1.45,356.0,Clouds,overcast clouds
baripada,2026-08-14 09:52:33.630578,2,207.86,0.66,10.77,37.33,10.78,12.24,13.29,0.87,31.06,38.06,74.0,998.0,2.08,332.0,Rain,moderate rain
baripada,2026-08-14 10:47:15.260770,2,216.94,0.41,12.01,35.13,11.16,12.24,13.41,1.03,30.76,37.76,75.0,998.0,2.13,334.0,Rain,moderate rain
baripada,2026-08-14 11:35:51.607061,2,227.48,0.18,13.14,32.77,10.97,12.19,13.48,1.1,29.74,36.74,82.0,998.0,2.03,2.0,Rain,moderate rain
baripada,2026-08-14 12:37:45.099024,2,239.66,0.02,13.44,30.89,9.74,12.33,13.9,1.17,28.62,34.91,86.0,999.0,0.78,332.0,Rain,moderate rain
baripada,2026-08-14 14:07:41.018660,2,301.63,0.0,12.93,28.72,9.03,15.48,17.71,1.33,28.43,34.33,86.0,1000.0,0.21,8.0,Rain,light rain
baripada,2026-08-14 15:40:58.589446,2,333.47,0.0,12.11,25.48,8.2,16.36,19.39,1.54,28.19,33.62,86.0,1001.0,0.63,198.0,Rain,light rain
baripada,2026-08-14 16:39:17.605114,2,348.57,0.0,11.94,23.08,7.85,17.06,20.55,1.65,27.99,33.03,86.0,1001.0,0.36,108.0,Rain,moderate rain
baripada,2026-08-14 17:43:31.134624,2,353.52,0.01,11.81,20.73,7.66,17.39,20.63,1.64,27.84,32.76,87.0,1001.0,0.54,45.0,Rain,moderate rain
baripada,2026-08-14 18:39:16.445219,2,345.68,0.01,11.38,18.9,6.76,17.1,19.65,1.51,27.3,31.48,89.0,1000.0,1.8,346.0,Rain,light rain
baripada,2026-08-14 19:41:10.139285,2,332.09,0.01,10.65,17.95,5.92,16.46,18.42,1.38,27.11,31.16,91.0,1000.0,1.44,323.0,Rain,moderate rain
baripada,2026-08-14 20:20:27.847417,2,332.09,0.01,10.65,17.95,5.92,16.46,18.42,1.38,27.12,31.19,91.0,1000.0,1.44,323.0,Rain,moderate rain
baripada,2026-08-14 21:14:40.818283,2,318.74,0.01,9.98,17.33,5.36,15.67,17.22,1.29,26.88,30.39,90.0,1000.0,1.47,307.0,Rain,moderate rain
baripada,2026-08-14 22:11:17.605828,2,305.46,0.01,9.48,16.88,5.1,14.76,15.99,1.21,26.93,30.64,91.0,1000.0,1.51,289.0,Rain,moderate rain
baripada,2026-08-14 23:11:24.813048,2,294.79,0.01,9.14,16.39,4.99,13.82,14.88,1.17,26.87,30.46,91.0,1000.0,0.72,297.0,Rain,moderate rain
baripada,2026-08-15 00:34:23.683773,2,276.05,0.02,9.13,15.5,6.36,11.7,12.69,1.04,27.21,31.22,89.0,1001.0,1.49,316.0,Rain,light rain
jharsuguda,2026-05-21 19:17:06.247511,4,364.76,0.0,7.7,86.72,5.38,54.57,77.4,14.12,,,,,,,,
jharsuguda,2026-05-21 20:03:39.134919,4,447.19,0.0,10.3,71.59,5.87,58.64,82.38,17.28,,,,,,,,
jharsuguda,2026-05-21 20:38:22.267733,4,447.19,0.0,10.3,71.59,5.87,58.64,82.38,17.28,,,,,,,,
jharsuguda,2026-05-24 09:50:36.021571,3,150.23,0.09,0.92,137.45,6.9,44.21,100.0,5.3,,,,,,,,
jharsuguda,2026-05-24 11:06:56.594537,4,162.28,0.1,1.38,135.03,6.95,45.52,101.81,6.23,,,,,,,,
jharsuguda,2026-05-24 12:57:05.721020,4,218.51,0.01,4.06,114.29,7.16,48.56,101.05,9.48,,,,,,,,
jharsuguda,2026-05-24 14:21:54.555041,4,327.7,0.0,6.94,89.71,7.57,53.72,99.87,13.64,,,,,,,,
jharsuguda,2026-05-24 14:50:52.563409,3,146.43,0.08,0.72,137.56,7.2,43.88,97.54,4.85,,,,,,,,
jharsuguda,2026-05-24 15:54:19.949357,4,394.54,0.0,8.77,71.81,6.81,56.88,98.57,15.35,,,,,,,,
jharsuguda,2026-05-24 16:50:55.811924,4,419.47,0.0,9.41,64.49,6.18,57.89,97.83,16.08,,,,,,,,
jharsuguda,2026-05-24 17:51:18.078450,4,434.14,0.0,9.8,58.71,5.42,57.95,96.07,17.12,,,,,,,,
jharsuguda,2026-05-24 18:59:27.739145,4,432.37,0.0,9.72,56.69,4.73,56.85,92.63,18.75,,,,,,,,
jharsuguda,2026-05-24 20:05:39.679449,4,434.79,0.0,9.6,55.8,4.25,57.08,90.5,20.13,,,,,,,,
jharsuguda,2026-05-24 21:44:55.223917,4,444.34,0.0,9.12,54.21,3.45,59.87,88.42,20.39,,,,,,,,
jharsuguda,2026-05-24 22:46:02.244294,4,445.14,0.0,8.59,53.36,3.01,62.02,88.06,18.12,,,,,,,,
jharsuguda,2026-05-24 23:50:52.851492,4,435.41,0.0,7.73,54.19,2.68,64.5,87.94,15.82,,,,,,,,
jharsuguda,2026-05-25 02:11:17.571867,4,411.45,0.51,5.3,61.43,2.76,70.23,90.44,12.09,,,,,,,,
jharsuguda,2026-05-25 07:01:24.414865,4,210.39,0.1,0.9,144.69,5.55,56.68,103.91,5.83,,,,,,,,
jharsuguda,2026-05-25 11:42:06.842734,3,230.43,0.1,3.33,120.92,3.54,42.53,88.89,9.17,,,,,,,,
jharsuguda,2026-05-25 14:31:13.552531,3,266.33,0.0,4.97,95.08,4.17,44.59,77.1,10.24,,,,,,,,
jharsuguda,2026-05-25 16:58:16.653296,3,274.87,0.0,4.55,86.82,3.84,47.0,72.78,9.93,,,,,,,,
jharsuguda,2026-05-25 18:24:11.752590,3,278.17,0.0,4.43,85.77,3.55,48.72,72.69,9.85,,,,,,,,
jharsuguda,2026-05-25 20:18:31.347345,4,264.96,0.0,3.62,89.77,2.88,51.33,75.39,8.7,31.6,29.84,24.0,1002.0,2.06,178.0,Clouds,few clouds
jharsuguda,2026-05-25 22:01:06.189084,4,284.75,0.0,3.34,90.66,2.8,58.39,82.0,8.64,28.85,28.06,35.0,1002.0,1.34,88.0,Clouds,few clouds
jharsuguda,2026-05-25 23:55:28.987032,4,322.33,0.0,3.25,88.87,3.13,69.04,91.76,8.27,28.45,28.58,46.0,1003.0,2.41,152.0,Clouds,scattered clouds
jharsuguda,2026-05-26 00:46:40.622573,3,264.71,0.0,3.81,88.17,3.11,49.49,73.43,8.89,32.88,30.89,21.0,1002.0,0.89,188.0,Clear,clear sky
jharsuguda,2026-05-26 02:01:43.249701,5,352.0,0.17,3.31,86.08,4.11,77.39,99.57,7.02,33.94,32.73,27.0,1004.0,2.8,212.0,Clouds,scattered clouds
jharsuguda,2026-05-26 06:36:51.627124,4,195.95,0.1,0.87,131.47,4.15,51.38,93.3,5.5,39.03,42.1,32.0,1001.0,2.06,290.0,Haze,haze
jharsuguda,2026-05-26 10:40:27.940280,3,208.48,0.19,2.86,117.78,4.74,41.96,83.19,8.5,42.03,42.38,20.0,997.0,2.06,240.0,Clouds,scattered clouds
jharsuguda,2026-05-26 13:46:26.827347,4,345.71,0.0,7.46,96.37,7.42,52.84,86.98,13.09,37.03,37.24,28.0,1000.0,2.06,210.0,Haze,haze
jharsuguda,2026-05-26 17:19:54.976876,4,477.82,0.0,11.37,59.25,6.56,55.11,85.74,16.59,33.03,36.94,52.0,1002.0,1.54,90.0,Haze,haze
jharsuguda,2026-05-26 19:54:23.384729,3,354.19,0.0,6.33,71.85,4.29,46.96,73.69,12.93,29.55,28.89,37.0,1003.0,1.91,141.0,Clouds,few clouds
jharsuguda,2026-05-26 21:27:40.387750,3,354.32,0.0,6.15,68.91,3.67,46.33,70.81,13.16,28.74,28.35,40.0,1003.0,1.98,106.0,Clouds,few clouds
jharsuguda,2026-05-26 23:00:15.232411,3,367.84,0.0,6.24,63.44,3.11,46.21,67.3,13.62,26.99,27.23,47.0,1004.0,1.42,82.0,Clear,clear sky
jharsuguda,2026-05-27 00:07:16.338308,3,379.68,0.0,6.47,60.64,3.05,46.64,66.56,13.92,27.07,27.42,49.0,1004.0,2.28,79.0,Clouds,few clouds
jharsuguda,2026-05-27 05:08:42.690619,3,270.99,0.24,1.9,125.67,5.16,49.99,70.35,9.9,37.03,39.75,36.0,1005.0,1.03,0.0,Haze,haze
jharsuguda,2026-05-27 08:59:21.776608,3,149.15,0.08,0.77,133.01,5.29,32.89,65.14,4.83,40.03,42.75,29.0,1000.0,3.6,280.0,Haze,haze
jharsuguda,2026-05-27 12:20:44.833566,3,254.9,0.14,4.97,115.97,5.61,40.18,73.84,10.06,36.03,37.29,34.0,998.0,3.6,110.0,Haze,haze
jharsuguda,2026-05-27 16:32:29.796199,3,350.47,0.0,8.13,82.35,7.64,44.21,66.14,17.62,28.63,29.9,56.0,1003.0,3.99,146.0,Clear,clear sky
jharsuguda,2026-05-27 19:13:23.705919,3,356.7,0.0,7.98,69.51,5.26,41.24,61.45,16.23,28.48,29.11,51.0,1003.0,3.01,143.0,Clouds,scattered clouds
jharsuguda,2026-05-27 21:44:58.801552,3,360.23,0.0,7.78,55.63,3.2,36.98,53.96,15.55,26.88,27.86,59.0,1003.0,2.41,55.0,Clouds,scattered clouds
jharsuguda,2026-05-27 23:08:44.036890,3,361.15,0.0,7.7,53.26,2.91,35.95,52.02,15.33,27.1,27.99,57.0,1004.0,3.38,39.0,Clouds,scattered clouds
jharsuguda,2026-05-28 01:53:24.533447,3,363.79,0.75,6.46,53.92,2.72,34.0,48.29,14.57,32.83,33.31,39.0,1005.0,3.12,124.0,Clear,clear sky
jharsuguda,2026-05-28 06:01:27.803089,4,234.11,0.18,1.48,138.16,9.36,51.19,69.49,8.97,36.03,37.88,36.0,1003.0,3.09,250.0,Haze,haze
jharsuguda,2026-05-28 10:44:09.328371,4,188.92,0.1,1.86,144.05,7.03,42.17,75.44,7.73,40.03,41.92,27.0,998.0,0.0,0.0,Haze,haze
jharsuguda,2026-05-28 14:27:53.320546,3,291.04,0.0,6.29,104.34,5.36,38.4,64.7,12.11,35.03,34.32,28.0,999.0,2.57,260.0,Thunderstorm,thunderstorm
jharsuguda,2026-05-28 17:55:48.867398,3,279.14,0.0,5.28,87.87,4.23,31.47,49.61,11.47,30.48,32.72,55.0,1002.0,3.19,87.0,Clouds,few clouds
jharsuguda,2026-05-28 20:04:10.437108,2,233.16,0.0,3.6,89.1,3.16,24.51,39.12,9.76,28.12,30.11,64.0,1003.0,2.19,98.0,Clouds,few clouds
jharsuguda,2026-05-28 22:25:53.660188,2,253.85,0.0,3.82,82.36,2.78,24.24,37.24,10.76,26.95,28.69,69.0,1003.0,2.53,68.0,Clear,clear sky
jharsuguda,2026-05-29 00:01:32.085695,2,271.64,0.0,4.23,74.12,2.41,24.54,36.29,11.8,26.04,26.04,79.0,1004.0,3.28,109.0,Clear,clear sky
jharsuguda,2026-05-29 05:04:10.217753,3,223.31,0.2,1.56,122.0,4.53,34.78,50.9,9.0,33.03,36.06,49.0,1005.0,2.06,190.0,Haze,haze
jharsuguda,2026-05-29 09:32:21.787075,4,174.89,0.08,0.95,145.53,7.71,40.93,64.26,5.53,40.03,41.92,27.0,999.0,1.54,190.0,Haze,haze
jharsuguda,2026-05-29 12:39:59.354848,4,184.84,0.01,2.15,143.5,9.46,38.62,59.18,5.77,37.03,39.75,36.0,1003.0,3.6,110.0,Haze,haze
jharsuguda,2026-05-29 16:34:36.657407,3,259.05,0.0,3.65,92.03,4.16,29.98,37.28,7.55,32.03,35.7,55.0,1006.0,5.14,110.0,Haze,haze
jharsuguda,2026-05-29 19:26:36.201377,3,270.02,0.0,3.97,78.56,2.96,28.16,34.95,9.04,26.55,26.55,64.0,1006.0,2.48,91.0,Clear,clear sky
jharsuguda,2026-05-29 21:31:21.091521,3,275.94,0.0,3.37,68.24,1.67,28.97,34.3,8.73,25.28,25.59,66.0,1005.0,2.67,48.0,Clear,clear sky
jharsuguda,2026-05-29 23:02:23.982045,3,281.82,0.0,3.33,66.21,1.38,29.89,34.92,7.96,24.82,25.13,68.0,1005.0,2.99,62.0,Clouds,few clouds
jharsuguda,2026-05-30 01:56:54.540457,3,299.01,0.28,3.18,63.34,1.12,31.96,36.92,6.9,30.27,31.62,51.0,1007.0,3.46,89.0,Clear,clear sky
jharsuguda,2026-05-30 05:43:06.816552,3,218.7,0.12,0.89,116.39,1.69,32.07,38.6,5.1,33.03,34.51,43.0,1005.0,3.6,110.0,Haze,haze
jharsuguda,2026-05-30 08:14:58.879285,3,196.08,0.09,0.79,124.2,3.21,33.55,45.97,5.18,35.03,37.58,41.0,1004.0,7.72,90.0,Haze,haze
jharsuguda,2026-05-30 10:43:40.909791,3,205.4,0.07,1.05,121.62,2.98,35.38,47.24,5.21,35.03,36.14,36.0,1000.0,4.12,90.0,Clouds,scattered clouds
jharsuguda,2026-05-30 12:01:14.470670,3,208.89,0.04,1.3,119.75,2.97,35.56,46.71,5.04,34.03,35.48,40.0,1001.0,5.14,90.0,Haze,haze
jharsuguda,2026-05-30 14:23:48.883506,3,347.0,0.0,7.44,77.8,3.48,41.33,54.46,13.24,30.03,31.25,51.0,1003.0,5.66,80.0,Thunderstorm,thunderstorm
jharsuguda,2026-05-30 15:58:29.902226,3,317.92,0.0,5.42,86.24,3.89,41.74,53.36,10.66,28.07,30.28,66.0,1006.0,6.83,96.0,Rain,heavy intensity rain
jharsuguda,2026-05-30 16:59:58.782054,3,314.34,0.0,4.92,84.87,3.93,41.35,51.84,10.14,27.04,29.18,73.0,1006.0,5.2,95.0,Rain,moderate rain
jharsuguda,2026-05-30 18:02:57.362212,3,310.4,0.0,4.51,81.96,3.86,41.1,50.35,9.51,27.45,29.33,67.0,1005.0,3.89,102.0,Clouds,broken clouds
jharsuguda,2026-05-30 20:02:08.533781,3,294.1,0.0,3.51,75.68,3.43,42.73,50.4,7.89,26.99,28.36,64.0,1006.0,0.83,280.0,Clouds,broken clouds
jharsuguda,2026-05-30 21:49:41.493477,3,298.32,0.0,2.95,71.0,2.41,48.15,55.86,6.57,25.86,26.33,70.0,1006.0,1.11,102.0,Clouds,broken clouds
jharsuguda,2026-05-30 22:45:45.593118,4,303.58,0.0,2.8,69.73,2.12,50.58,58.4,5.95,25.81,26.27,70.0,1006.0,1.09,79.0,Clouds,broken clouds
jharsuguda,2026-05-30 23:51:35.493353,4,307.83,0.0,2.64,69.18,1.89,51.77,59.58,5.37,26.27,26.27,69.0,1006.0,1.21,16.0,Clouds,overcast clouds
jharsuguda,2026-05-31 02:11:46.350040,3,305.52,0.12,2.37,71.08,1.66,48.6,56.27,4.92,29.0,31.03,60.0,1008.0,2.09,82.0,Clouds,overcast clouds
jharsuguda,2026-05-31 06:46:48.494623,3,212.99,0.09,0.7,114.39,2.21,43.49,55.73,4.6,34.03,37.17,46.0,1005.0,2.06,120.0,Haze,haze
jharsuguda,2026-05-31 09:41:27.566330,3,176.98,0.07,0.79,113.84,1.6,32.4,42.31,4.65,36.03,37.29,34.0,1002.0,2.06,60.0,Haze,haze
jharsuguda,2026-05-31 11:26:19.514381,3,189.75,0.07,1.2,113.22,1.68,33.49,42.58,5.52,36.03,37.88,36.0,1002.0,2.06,180.0,Haze,haze
jharsuguda,2026-05-31 13:10:32.130872,3,204.5,0.0,2.02,138.03,7.85,47.65,55.75,3.22,34.03,35.48,40.0,1002.0,2.06,180.0,Haze,haze
jharsuguda,2026-05-31 15:10:48.849353,4,266.39,0.0,3.99,121.65,8.49,54.26,63.19,7.26,30.03,33.3,62.0,1004.0,1.03,160.0,Haze,haze
jharsuguda,2026-05-31 16:55:12.838201,4,301.83,0.0,4.85,103.93,7.76,54.38,63.53,9.15,29.78,31.69,56.0,1006.0,4.71,138.0,Clouds,broken clouds
jharsuguda,2026-05-31 17:53:39.942268,4,311.79,0.0,4.93,92.96,6.4,51.9,60.72,9.79,28.48,30.18,60.0,1006.0,2.29,159.0,Clouds,overcast clouds
jharsuguda,2026-05-31 19:00:47.660980,3,320.32,0.0,5.05,80.21,4.66,48.7,56.82,10.65,28.8,30.7,60.0,1006.0,1.18,207.0,Clouds,overcast clouds
jharsuguda,2026-05-31 20:13:23.708332,3,338.64,0.0,5.48,70.08,3.37,47.03,54.8,11.9,28.36,30.25,62.0,1005.0,1.16,119.0,Clouds,overcast clouds
jharsuguda,2026-05-31 21:47:11.746063,3,375.01,0.0,6.29,58.55,2.22,46.04,53.81,12.51,27.71,29.55,65.0,1005.0,0.84,115.0,Clouds,broken clouds
jharsuguda,2026-05-31 22:47:14.194556,3,390.21,0.0,6.57,54.6,1.92,46.01,53.84,11.82,28.26,30.22,63.0,1006.0,1.86,79.0,Clouds,broken clouds
jharsuguda,2026-05-31 23:55:46.963731,3,399.97,0.0,6.71,51.15,1.66,45.77,53.64,10.78,28.01,29.81,63.0,1007.0,2.47,91.0,Clouds,broken clouds
jharsuguda,2026-06-01 02:35:30.158594,3,435.97,1.23,5.51,60.85,2.0,46.39,55.58,24.57,29.03,32.79,70.0,1008.0,2.06,100.0,Haze,haze
jharsuguda,2026-06-01 08:23:47.639433,3,183.41,0.09,0.79,131.2,5.0,40.81,49.11,6.68,40.35,47.35,64.0,1008.0,5.16,235.0,Clouds,scattered clouds
jharsuguda,2026-06-01 14:48:55.424379,3,433.22,0.0,11.02,82.55,5.83,49.66,61.87,52.13,28.03,32.65,83.0,1006.0,0.0,0.0,Haze,haze
jharsuguda,2026-06-01 19:51:28.271726,4,632.72,0.0,15.49,41.74,3.76,56.07,68.25,60.19,30.61,31.46,47.0,1006.0,0.93,20.0,Clear,clear sky
jharsuguda,2026-06-01 22:29:13.170397,4,607.25,0.0,14.15,37.22,2.69,53.98,64.11,50.69,30.06,30.98,49.0,1005.0,1.33,124.0,Clear,clear sky
jharsuguda,2026-06-02 00:05:37.013731,4,580.67,0.0,12.92,34.77,2.0,51.46,60.28,45.7,29.7,30.91,52.0,1006.0,1.79,157.0,Clouds,few clouds
jharsuguda,2026-06-02 05:21:43.337005,3,193.11,0.12,0.94,116.6,2.58,30.07,38.37,9.86,34.03,38.12,49.0,1008.0,0.51,0.0,Haze,haze
jharsuguda,2026-06-02 10:00:56.543394,3,178.79,0.09,0.85,118.09,1.8,29.64,36.9,9.57,37.03,39.06,34.0,1002.0,2.06,100.0,Haze,haze
jharsuguda,2026-06-02 14:41:44.059265,3,334.72,0.0,8.23,72.81,2.87,31.99,42.0,34.69,33.03,36.94,52.0,1003.0,1.03,100.0,Haze,haze
jharsuguda,2026-06-02 18:30:27.323990,3,321.03,0.0,6.58,58.32,1.72,29.99,36.9,27.44,29.57,30.72,52.0,1004.0,2.26,126.0,Clear,clear sky
jharsuguda,2026-06-02 21:40:37.418506,3,300.69,0.0,5.11,59.98,1.4,29.74,34.59,24.71,28.58,30.48,61.0,1003.0,1.19,125.0,Clear,clear sky
jharsuguda,2026-06-02 23:26:30.427637,3,314.28,0.0,5.34,59.25,1.47,30.43,35.03,26.55,28.27,30.11,62.0,1004.0,1.21,142.0,Clear,clear sky
jharsuguda,2026-06-03 02:38:46.867219,3,348.93,0.76,4.56,72.82,2.62,35.17,40.38,29.25,35.69,37.28,36.0,1005.0,2.49,212.0,Clouds,scattered clouds
jharsuguda,2026-06-03 07:30:44.717390,3,164.69,0.1,0.76,124.44,4.9,30.19,34.79,8.43,41.6,41.72,20.0,1000.0,3.1,257.0,Clouds,scattered clouds
jharsuguda,2026-06-03 12:29:38.774434,3,155.93,0.04,1.29,120.36,4.08,27.62,33.44,9.06,40.1,39.52,20.0,998.0,0.24,120.0,Clouds,broken clouds
jharsuguda,2026-06-03 17:55:52.347428,3,427.05,0.0,10.66,70.54,5.2,37.87,45.7,54.07,31.38,31.57,41.0,1001.0,3.02,69.0,Clouds,scattered clouds
jharsuguda,2026-06-03 20:46:18.957716,3,292.73,0.0,5.27,69.04,2.35,25.67,29.51,28.16,30.07,32.77,59.0,1001.0,2.52,116.0,Clouds,broken clouds
jharsuguda,2026-06-03 22:57:52.173974,2,289.4,0.0,4.9,65.65,1.76,23.74,27.07,27.98,29.52,32.3,62.0,1001.0,2.02,108.0,Clouds,broken clouds
jharsuguda,2026-06-04 00:28:18.820539,2,292.83,0.0,4.91,64.5,1.62,23.71,26.91,28.33,29.22,32.09,64.0,1002.0,1.51,127.0,Clouds,scattered clouds
jharsuguda,2026-06-04 05:49:53.596321,3,193.89,0.12,0.97,121.37,4.18,33.04,38.97,13.97,41.84,42.09,20.0,1001.0,2.97,198.0,Clouds,scattered clouds
jharsuguda,2026-06-04 09:41:44.845924,3,158.57,0.08,0.83,121.82,4.66,30.72,38.99,11.32,42.18,42.2,19.0,997.0,3.0,236.0,Clouds,scattered clouds
jharsuguda,2026-06-04 12:37:25.471335,3,201.6,0.01,3.62,105.66,4.42,29.54,37.89,18.95,36.74,36.54,27.0,998.0,0.66,218.0,Clear,clear sky
jharsuguda,2026-06-04 16:16:45.934016,2,219.4,0.0,4.11,87.61,3.43,19.41,23.03,18.2,33.84,33.81,34.0,1000.0,2.16,97.0,Clouds,scattered clouds
jharsuguda,2026-06-04 19:12:47.918843,2,226.72,0.0,4.0,77.2,2.11,15.51,18.62,20.62,32.09,32.23,39.0,1001.0,0.89,88.0,Clouds,scattered clouds
jharsuguda,2026-06-04 21:22:26.345709,2,228.39,0.0,3.77,73.3,1.53,13.82,16.5,21.69,30.83,31.13,43.0,1001.0,2.6,147.0,Clouds,few clouds
jharsuguda,2026-06-04 23:00:31.762909,2,235.91,0.0,3.8,69.97,1.28,13.61,15.96,22.1,30.29,30.85,46.0,1001.0,1.88,163.0,Clouds,scattered clouds
jharsuguda,2026-06-05 00:11:07.641186,2,241.6,0.0,3.87,68.71,1.21,13.8,16.02,20.85,30.71,31.44,46.0,1002.0,1.69,186.0,Clouds,scattered clouds
jharsuguda,2026-06-05 05:09:07.629203,3,176.95,0.11,0.8,112.72,3.04,17.64,20.88,10.68,39.15,40.03,26.0,1002.0,3.01,231.0,Clouds,broken clouds
jharsuguda,2026-06-05 09:27:18.594647,3,193.65,0.09,0.8,121.59,3.0,24.96,30.28,11.53,42.23,42.27,19.0,998.0,4.78,214.0,Clouds,scattered clouds
jharsuguda,2026-06-05 12:30:53.349175,3,243.43,0.01,2.84,120.4,3.05,27.8,34.57,18.61,37.59,37.56,26.0,997.0,1.75,104.0,Clouds,scattered clouds
jharsuguda,2026-06-05 15:48:03.693491,3,380.64,0.0,7.88,84.45,4.26,31.08,37.89,32.17,35.78,36.07,31.0,1000.0,1.07,314.0,Clouds,broken clouds
jharsuguda,2026-06-05 17:46:27.296401,3,394.62,0.0,7.9,77.11,3.62,30.64,36.49,32.95,34.86,35.12,33.0,1000.0,1.72,79.0,Clouds,scattered clouds
jharsuguda,2026-06-05 19:29:45.591820,3,362.82,0.0,6.33,77.82,3.1,28.65,33.6,29.41,32.86,32.78,36.0,1001.0,2.12,122.0,Rain,light rain
jharsuguda,2026-06-05 21:16:12.004215,3,364.19,0.0,5.94,69.69,2.19,26.56,30.85,30.62,31.81,31.84,39.0,1000.0,1.59,176.0,Clear,clear sky
jharsuguda,2026-06-05 22:56:47.581730,3,382.01,0.0,6.3,62.21,1.79,26.35,30.74,34.22,31.24,31.23,40.0,1001.0,1.61,184.0,Clear,clear sky
jharsuguda,2026-06-06 00:01:01.061771,3,391.32,0.0,6.52,59.81,1.83,26.82,31.44,35.94,31.13,31.39,42.0,1001.0,1.11,142.0,Clear,clear sky
jharsuguda,2026-06-06 04:45:30.672548,3,229.05,0.19,1.32,117.31,5.9,32.42,37.16,16.33,39.82,41.16,26.0,1002.0,1.42,211.0,Clouds,overcast clouds
jharsuguda,2026-06-06 07:40:11.272960,3,158.12,0.1,0.68,114.17,2.96,21.86,25.18,8.96,41.56,42.06,21.0,1000.0,1.32,335.0,Clouds,scattered clouds
jharsuguda,2026-06-06 09:52:31.537612,3,152.37,0.09,0.79,112.97,2.44,20.35,23.81,8.93,40.43,41.04,23.0,999.0,4.41,271.0,Clouds,broken clouds
jharsuguda,2026-06-06 11:15:44.964077,3,157.6,0.07,1.09,113.49,2.56,20.67,24.33,9.97,39.15,39.69,25.0,998.0,2.13,307.0,Clouds,broken clouds
jharsuguda,2026-06-06 13:05:20.879346,3,206.89,0.01,3.73,102.05,3.16,22.09,26.54,19.15,36.18,36.44,30.0,999.0,3.03,204.0,Clouds,broken clouds
jharsuguda,2026-06-06 15:05:16.191868,3,248.9,0.0,3.9,89.65,3.33,25.2,28.69,20.39,34.39,34.2,32.0,1000.0,2.09,194.0,Clouds,broken clouds
jharsuguda,2026-06-06 16:57:59.859205,2,238.82,0.0,3.77,78.36,2.29,19.7,22.64,19.35,33.43,33.81,37.0,1002.0,3.39,135.0,Clouds,overcast clouds
jharsuguda,2026-06-06 18:03:14.799222,2,233.14,0.0,3.74,74.66,1.95,17.04,19.63,18.91,32.56,33.95,44.0,1002.0,2.62,122.0,Clouds,overcast clouds
jharsuguda,2026-06-06 20:03:30.295238,2,246.84,0.0,4.41,67.2,1.56,15.3,17.77,21.95,29.68,33.0,64.0,1002.0,2.6,121.0,Clouds,overcast clouds
jharsuguda,2026-06-06 21:55:17.008818,2,289.21,0.0,5.6,59.06,1.43,17.3,20.41,28.66,29.24,32.31,65.0,1002.0,1.74,89.0,Clouds,overcast clouds
jharsuguda,2026-06-06 22:54:29.997323,2,315.05,0.0,6.32,55.32,1.41,19.02,22.64,32.24,29.29,32.41,65.0,1002.0,2.13,110.0,Clouds,overcast clouds
jharsuguda,2026-06-06 23:55:46.758895,2,338.2,0.0,6.92,52.37,1.39,20.88,25.07,35.03,29.36,32.36,64.0,1003.0,1.8,133.0,Clouds,overcast clouds
jharsuguda,2026-06-07 02:28:49.919953,2,367.33,0.42,6.97,51.17,1.7,24.58,30.17,37.32,32.6,36.62,54.0,1004.0,0.57,141.0,Clouds,scattered clouds
jharsuguda,2026-06-07 06:57:42.813104,3,200.25,0.09,1.29,122.05,5.38,24.49,27.5,9.08,41.67,42.65,22.0,1001.0,1.84,226.0,Clouds,few clouds
jharsuguda,2026-06-07 09:57:43.028204,4,213.73,0.11,1.34,153.51,8.66,36.8,42.49,7.74,39.52,40.29,25.0,999.0,2.37,198.0,Clouds,broken clouds
jharsuguda,2026-06-07 11:44:47.490154,4,225.21,0.02,1.93,160.79,9.63,39.01,46.58,9.2,40.26,40.07,21.0,998.0,2.35,176.0,Clouds,broken clouds
jharsuguda,2026-06-07 13:17:43.422505,3,273.91,0.0,4.47,129.24,9.12,37.56,43.62,20.22,36.43,35.85,26.0,999.0,2.57,133.0,Clear,clear sky
jharsuguda,2026-06-07 15:17:33.223247,3,436.13,0.0,10.34,87.31,8.12,43.17,51.12,41.2,34.4,35.1,36.0,1001.0,5.36,135.0,Clouds,broken clouds
jharsuguda,2026-06-07 17:03:44.336306,3,525.51,0.0,12.4,62.49,6.21,43.19,51.5,46.86,31.82,34.04,50.0,1002.0,3.78,145.0,Clouds,broken clouds
jharsuguda,2026-06-07 19:04:34.164906,3,557.98,0.0,12.97,52.53,4.38,42.74,50.05,48.31,31.9,32.31,41.0,1002.0,2.29,149.0,Clouds,overcast clouds
jharsuguda,2026-06-07 20:59:26.627843,3,566.08,0.0,12.68,46.58,3.42,43.26,49.94,47.83,30.29,31.49,50.0,1001.0,1.91,141.0,Clouds,overcast clouds
jharsuguda,2026-06-07 22:03:13.800717,3,515.63,0.0,10.17,55.46,3.09,42.33,48.96,43.21,30.15,31.44,51.0,1002.0,1.52,154.0,Clouds,overcast clouds
jharsuguda,2026-06-07 23:57:31.495199,3,446.67,0.0,7.89,60.16,2.31,38.95,45.51,38.4,29.71,30.78,51.0,1002.0,1.89,129.0,Clouds,overcast clouds
jharsuguda,2026-06-08 02:56:16.955811,3,342.64,0.64,4.64,72.81,2.26,31.39,37.84,30.23,34.43,35.4,37.0,1003.0,2.44,203.0,Clouds,broken clouds
jharsuguda,2026-06-08 07:23:50.191228,3,171.76,0.1,0.88,121.48,2.32,25.84,32.14,10.72,40.54,40.15,20.0,1000.0,2.29,241.0,Clouds,overcast clouds
jharsuguda,2026-06-08 12:20:50.920459,3,190.21,0.06,1.96,122.31,2.59,21.06,26.2,13.08,40.29,39.18,18.0,997.0,5.52,199.0,Clouds,overcast clouds
jharsuguda,2026-06-08 16:43:37.828761,2,217.56,0.0,3.84,92.37,2.73,12.76,15.18,16.75,31.86,33.88,49.0,1001.0,6.57,191.0,Clouds,overcast clouds
jharsuguda,2026-06-08 19:13:54.880354,2,221.54,0.0,3.67,86.39,2.17,13.21,15.43,17.99,31.02,32.46,49.0,1001.0,5.08,191.0,Clouds,broken clouds
jharsuguda,2026-06-08 21:41:41.031598,2,224.8,0.0,3.5,76.1,1.43,12.75,14.84,20.35,29.49,31.22,56.0,1000.0,4.6,206.0,Clouds,overcast clouds
jharsuguda,2026-06-08 23:06:58.171973,2,222.08,0.0,3.4,75.58,1.32,12.72,14.76,20.89,29.25,30.98,57.0,1000.0,3.46,190.0,Clouds,overcast clouds
jharsuguda,2026-06-09 01:57:05.331938,2,207.06,0.14,3.1,82.45,2.45,14.2,16.6,19.8,32.91,34.79,45.0,1002.0,3.35,219.0,Clouds,overcast clouds
jharsuguda,2026-06-09 06:03:38.307123,3,181.02,0.06,1.78,100.57,6.28,23.52,27.51,13.93,42.52,43.15,20.0,1000.0,4.87,259.0,Clouds,overcast clouds
jharsuguda,2026-06-09 10:26:41.877199,3,154.98,0.09,0.88,108.19,2.57,16.38,20.96,9.77,43.23,41.66,14.0,996.0,5.36,266.0,Clouds,overcast clouds
jharsuguda,2026-06-09 13:36:10.276327,2,226.72,0.0,4.65,90.77,2.55,15.58,22.49,22.08,36.05,35.32,26.0,998.0,1.82,194.0,Clouds,broken clouds
jharsuguda,2026-06-09 16:25:10.694891,2,291.96,0.0,7.13,76.09,3.03,17.15,23.81,30.22,32.97,32.94,36.0,999.0,3.17,176.0,Clouds,scattered clouds
jharsuguda,2026-06-09 19:06:27.448439,2,248.05,0.0,4.75,73.28,2.1,11.63,14.87,23.41,30.33,31.06,47.0,1000.0,2.12,139.0,Clouds,broken clouds
jharsuguda,2026-06-09 21:29:20.032778,2,249.17,0.0,4.53,68.08,1.51,9.49,12.0,24.32,29.65,30.69,51.0,1000.0,1.83,101.0,Clouds,broken clouds
jharsuguda,2026-06-09 23:09:26.554857,2,253.54,0.0,4.55,64.21,1.18,8.85,11.14,25.87,29.53,30.66,52.0,1000.0,1.6,127.0,Clouds,broken clouds
jharsuguda,2026-06-10 02:09:45.710095,2,247.98,0.24,4.2,64.88,1.71,11.08,14.43,25.52,32.59,33.56,42.0,1002.0,2.56,201.0,Clouds,broken clouds
jharsuguda,2026-06-10 06:57:41.777176,3,190.36,0.1,1.34,124.49,7.03,37.57,54.52,14.45,40.18,40.29,22.0,1000.0,4.28,254.0,Clouds,overcast clouds
jharsuguda,2026-06-10 10:52:39.522352,3,155.23,0.07,1.12,127.72,3.53,27.53,47.01,11.28,42.2,41.83,18.0,997.0,7.48,251.0,Clouds,scattered clouds
jharsuguda,2026-06-10 14:16:54.661620,3,214.59,0.0,3.88,104.67,3.07,22.99,34.97,20.79,35.89,35.1,26.0,998.0,3.38,200.0,Clouds,overcast clouds
jharsuguda,2026-06-10 17:50:24.221449,3,304.02,0.0,6.17,76.42,3.16,26.84,35.94,32.7,32.64,31.56,30.0,1000.0,1.91,169.0,Clouds,scattered clouds
jharsuguda,2026-06-10 20:08:49.935969,3,311.14,0.0,6.06,69.57,2.47,26.56,33.57,33.88,30.88,31.2,43.0,1001.0,3.18,164.0,Clear,clear sky
jharsuguda,2026-06-10 22:46:44.678226,3,364.61,0.0,7.33,55.31,2.01,27.14,33.05,38.92,28.75,29.94,55.0,1001.0,3.05,183.0,Clouds,few clouds
jharsuguda,2026-06-11 00:07:45.075939,3,381.31,0.0,7.75,51.15,1.91,27.37,33.09,39.97,28.92,29.8,52.0,1002.0,3.01,183.0,Clouds,few clouds
jharsuguda,2026-06-11 05:20:09.647082,3,260.19,0.25,1.82,113.15,2.47,37.01,43.82,20.32,40.65,41.02,22.0,1002.0,4.36,225.0,Clear,clear sky
jharsuguda,2026-06-11 10:02:42.296709,3,143.01,0.07,0.67,112.86,2.02,24.6,43.82,10.32,42.31,41.22,16.0,997.0,2.78,22.0,Clouds,scattered clouds
jharsuguda,2026-06-11 14:29:10.512343,3,261.52,0.0,6.31,86.94,4.03,28.55,49.12,28.95,33.68,33.58,34.0,1000.0,4.55,118.0,Clear,clear sky
jharsuguda,2026-06-11 18:01:17.286222,3,441.36,0.0,11.68,49.21,3.2,33.88,51.24,43.9,29.59,31.38,56.0,1004.0,4.59,121.0,Clouds,broken clouds
jharsuguda,2026-06-11 21:11:22.934458,3,464.31,0.0,11.55,37.08,1.91,32.78,45.35,44.19,29.5,30.92,54.0,1003.0,3.7,77.0,Clouds,overcast clouds
jharsuguda,2026-06-11 23:13:37.812307,3,389.02,0.0,8.43,41.13,1.54,27.97,38.03,38.21,28.32,29.69,58.0,1004.0,2.31,69.0,Clouds,overcast clouds
jharsuguda,2026-06-12 02:16:14.332423,3,360.95,0.81,6.09,45.49,1.5,25.58,33.65,33.04,31.77,33.5,48.0,1005.0,1.39,20.0,Clouds,few clouds
jharsuguda,2026-06-12 07:11:30.997082,3,164.26,0.09,0.72,108.95,1.56,28.67,38.01,9.92,41.28,42.43,23.0,1002.0,4.22,222.0,Clear,clear sky
jharsuguda,2026-06-12 11:33:41.575027,3,249.36,0.09,4.13,90.99,2.39,31.03,36.08,17.08,35.78,36.32,32.0,1000.0,5.19,19.0,Clouds,broken clouds
jharsuguda,2026-06-12 14:31:21.307258,3,270.57,0.0,4.84,78.8,2.01,29.76,34.66,12.57,31.39,31.92,43.0,1004.0,1.02,129.0,Clouds,overcast clouds
jharsuguda,2026-06-12 17:30:36.941086,3,246.76,0.0,3.95,77.33,1.46,27.32,31.37,12.42,28.35,30.11,61.0,1004.0,6.04,137.0,Clouds,overcast clouds
jharsuguda,2026-06-12 19:50:47.986881,3,406.95,0.0,9.9,44.85,1.71,31.87,37.44,30.37,27.55,28.9,61.0,1004.0,0.22,54.0,Clouds,overcast clouds
jharsuguda,2026-06-12 21:23:13.779124,3,426.09,0.0,10.26,40.3,1.47,32.53,38.12,31.14,27.4,28.69,61.0,1004.0,1.85,71.0,Clouds,overcast clouds
jharsuguda,2026-06-12 23:06:40.895008,3,455.02,0.0,10.61,36.14,1.2,33.29,39.04,30.33,27.17,28.38,61.0,1004.0,1.05,72.0,Clouds,broken clouds
jharsuguda,2026-06-13 02:08:46.294302,3,513.27,1.91,9.31,32.95,1.28,34.71,41.33,33.23,31.8,32.92,45.0,1006.0,2.07,203.0,Clouds,broken clouds
jharsuguda,2026-06-13 06:45:59.703245,3,156.32,0.08,0.61,111.42,1.39,24.93,29.66,7.91,39.71,41.35,27.0,1003.0,3.53,200.0,Clear,clear sky
jharsuguda,2026-06-13 09:50:03.948212,3,142.7,0.05,0.98,105.77,1.72,21.04,26.87,8.7,40.72,40.76,21.0,999.0,1.99,248.0,Clouds,few clouds
jharsuguda,2026-06-13 11:46:10.188038,2,164.82,0.03,2.28,97.85,2.3,21.03,25.93,12.39,37.15,37.16,27.0,999.0,3.21,105.0,Clouds,scattered clouds
jharsuguda,2026-06-13 13:22:12.605540,2,176.67,0.0,2.88,92.02,2.53,20.57,24.59,13.5,35.17,35.85,34.0,1000.0,1.19,129.0,Clouds,broken clouds
jharsuguda,2026-06-13 15:24:59.464856,2,267.52,0.0,6.09,81.15,2.8,20.89,24.64,26.72,34.86,35.12,33.0,1001.0,0.86,184.0,Clouds,scattered clouds
jharsuguda,2026-06-13 17:08:53.409154,2,313.42,0.0,7.26,69.99,2.6,21.81,25.82,32.29,34.18,34.75,36.0,1003.0,3.19,142.0,Clouds,broken clouds
jharsuguda,2026-06-13 19:06:15.440628,2,316.06,0.0,6.86,64.09,2.0,20.38,24.01,32.58,30.62,31.82,49.0,1003.0,3.02,151.0,Clear,clear sky
jharsuguda,2026-06-13 21:01:04.672553,2,306.8,0.0,6.11,58.25,1.39,18.59,22.05,31.19,29.38,30.73,54.0,1002.0,2.57,148.0,Clear,clear sky
jharsuguda,2026-06-13 22:53:11.338648,2,297.35,0.0,5.4,55.38,1.53,19.14,22.68,29.54,28.52,29.99,58.0,1002.0,2.29,154.0,Clear,clear sky
jharsuguda,2026-06-13 23:57:21.229643,2,302.34,0.0,5.4,54.11,1.77,20.78,24.51,29.85,28.29,30.01,61.0,1003.0,1.19,177.0,Clear,clear sky
jharsuguda,2026-06-14 02:55:53.585593,3,301.93,0.61,3.58,69.4,2.87,29.01,33.58,27.11,34.77,35.96,37.0,1004.0,3.14,201.0,Clear,clear sky
jharsuguda,2026-06-14 07:15:19.014302,3,173.02,0.1,0.85,111.26,2.44,24.26,28.75,9.61,39.78,41.09,26.0,1001.0,4.17,250.0,Clouds,scattered clouds
jharsuguda,2026-06-14 10:43:59.582893,3,180.37,0.05,1.5,105.84,2.85,22.57,26.34,9.57,36.96,37.98,31.0,999.0,2.7,310.0,Clouds,broken clouds
jharsuguda,2026-06-14 12:56:57.044401,2,193.91,0.0,2.89,95.12,3.02,17.18,19.65,12.91,34.78,35.72,36.0,999.0,3.88,70.0,Rain,light rain
jharsuguda,2026-06-14 15:05:35.247175,2,271.12,0.0,6.24,77.27,3.67,17.48,21.43,23.23,33.26,34.2,40.0,1001.0,1.07,168.0,Clouds,broken clouds
jharsuguda,2026-06-14 17:07:06.766890,2,296.94,0.0,7.17,64.22,3.51,16.91,20.11,18.9,31.81,32.74,44.0,1002.0,3.86,138.0,Clouds,broken clouds
jharsuguda,2026-06-14 19:06:43.089303,2,257.86,0.0,5.28,68.41,2.98,15.19,17.6,19.57,30.02,31.4,52.0,1002.0,2.55,150.0,Clouds,overcast clouds
jharsuguda,2026-06-14 20:58:35.074471,2,266.92,0.0,5.36,63.71,2.22,15.57,18.13,23.61,28.93,31.38,63.0,1002.0,2.48,99.0,Clouds,overcast clouds
jharsuguda,2026-06-14 22:06:52.333890,2,281.09,0.0,5.75,60.53,1.93,16.07,18.74,25.97,29.01,32.03,66.0,1002.0,2.31,85.0,Clouds,overcast clouds
jharsuguda,2026-06-15 00:00:29.990582,2,324.69,0.0,7.02,53.12,1.52,17.7,20.67,30.11,28.62,31.75,69.0,1003.0,1.18,168.0,Clouds,overcast clouds
jharsuguda,2026-06-15 04:26:26.285590,3,273.28,0.4,2.47,97.4,2.64,27.48,31.79,21.06,36.34,38.45,36.0,1004.0,2.91,236.0,Clear,clear sky
jharsuguda,2026-06-15 10:49:42.239787,3,200.79,0.09,2.0,120.11,5.2,36.05,47.32,12.99,41.64,41.79,20.0,999.0,4.8,232.0,Clouds,scattered clouds
jharsuguda,2026-06-15 16:12:35.555394,3,278.86,0.0,5.63,84.08,3.58,28.34,33.74,21.23,32.98,33.54,39.0,1002.0,5.54,217.0,Clouds,broken clouds
jharsuguda,2026-06-15 20:20:19.113975,3,331.4,0.0,7.09,62.34,2.21,27.1,31.31,31.25,28.8,30.85,61.0,1003.0,2.79,184.0,Clouds,broken clouds
jharsuguda,2026-06-15 22:54:33.062818,3,399.07,0.0,8.81,46.41,1.51,28.59,33.03,37.22,27.83,29.63,64.0,1003.0,2.57,178.0,Clouds,scattered clouds
jharsuguda,2026-06-16 00:22:29.989179,3,419.6,0.0,9.29,42.14,1.39,29.06,33.61,37.73,27.82,29.73,65.0,1004.0,2.11,182.0,Clear,clear sky
jharsuguda,2026-06-16 06:22:51.242539,3,190.13,0.11,0.94,125.05,3.79,36.49,43.45,9.76,41.01,41.98,23.0,1004.0,1.78,224.0,Clouds,few clouds
jharsuguda,2026-06-16 12:02:05.693529,3,197.55,0.02,1.89,121.93,3.49,38.33,45.22,10.94,39.59,39.09,21.0,1000.0,3.18,222.0,Clouds,broken clouds
jharsuguda,2026-06-16 17:53:26.664976,3,499.51,0.0,12.01,55.53,2.91,48.78,58.77,27.88,32.45,32.75,39.0,1003.0,2.78,213.0,Clouds,overcast clouds
jharsuguda,2026-06-16 20:36:07.132153,4,581.06,0.0,13.86,38.7,1.86,50.01,58.28,29.54,30.18,30.7,46.0,1003.0,2.3,169.0,Clouds,few clouds
jharsuguda,2026-06-16 22:47:13.540171,3,618.8,0.0,14.63,31.89,1.63,49.54,56.76,31.46,29.26,29.88,49.0,1004.0,2.51,172.0,Clouds,few clouds
jharsuguda,2026-06-17 00:08:08.669467,3,621.54,0.0,14.57,30.15,1.64,48.53,55.11,33.24,29.12,29.82,50.0,1004.0,2.33,188.0,Clouds,broken clouds
jharsuguda,2026-06-17 05:58:50.498153,3,195.33,0.11,0.87,123.17,3.17,31.34,35.38,9.28,41.75,42.36,21.0,1003.0,4.15,214.0,Clouds,few clouds
jharsuguda,2026-06-17 10:50:04.124390,3,212.58,0.09,2.59,106.66,2.81,27.38,31.29,15.76,40.15,40.6,23.0,1000.0,3.66,236.0,Clouds,scattered clouds
jharsuguda,2026-06-17 14:23:14.627171,3,267.61,0.0,5.31,88.28,2.84,25.29,29.62,24.02,35.8,36.62,33.0,1001.0,4.02,140.0,Clouds,overcast clouds
jharsuguda,2026-06-17 17:43:59.426648,2,258.67,0.0,5.06,71.87,2.21,17.26,20.54,22.11,31.57,33.37,49.0,1004.0,3.29,196.0,Clouds,broken clouds
jharsuguda,2026-06-17 19:57:37.398978,2,263.71,0.0,4.95,69.36,1.52,15.07,17.85,23.56,30.09,31.35,51.0,1004.0,2.26,189.0,Clouds,overcast clouds
jharsuguda,2026-06-17 21:55:45.911087,2,292.62,0.0,5.73,61.39,1.38,16.55,19.51,27.32,29.53,30.81,53.0,1004.0,2.67,218.0,Clouds,overcast clouds
jharsuguda,2026-06-17 23:16:15.596261,2,311.25,0.0,6.26,57.34,1.25,17.56,20.66,29.4,29.09,30.17,53.0,1004.0,2.96,204.0,Clouds,overcast clouds
jharsuguda,2026-06-18 02:33:46.458195,2,360.15,1.01,5.28,60.29,2.15,23.79,27.98,31.23,34.56,36.41,40.0,1006.0,3.45,249.0,Clouds,few clouds
jharsuguda,2026-06-18 07:25:50.139290,3,187.59,0.04,1.23,111.3,2.73,18.53,20.63,9.29,40.36,42.09,26.0,1003.0,4.45,206.0,Clear,clear sky
jharsuguda,2026-06-18 11:43:51.518082,2,221.97,0.05,3.65,98.0,3.06,14.11,15.51,15.55,37.5,39.24,32.0,1000.0,1.71,342.0,Clouds,scattered clouds
jharsuguda,2026-06-18 14:43:01.667517,2,233.19,0.0,4.48,86.23,2.09,10.61,12.37,16.61,28.42,31.05,67.0,1004.0,5.61,194.0,Clouds,overcast clouds
jharsuguda,2026-06-18 17:53:58.027729,2,284.05,0.0,6.37,67.66,2.11,11.54,13.8,19.01,28.19,30.76,68.0,1005.0,2.52,268.0,Clouds,overcast clouds
jharsuguda,2026-06-18 20:08:52.806734,2,289.49,0.0,6.09,61.92,1.71,12.03,14.17,20.59,27.42,29.69,71.0,1005.0,1.05,183.0,Clouds,overcast clouds
jharsuguda,2026-06-18 22:50:59.883607,2,315.46,0.0,6.39,50.72,1.25,13.63,16.13,25.58,26.83,28.8,73.0,1004.0,1.0,172.0,Clouds,overcast clouds
jharsuguda,2026-06-19 00:19:19.100923,2,331.0,0.0,6.79,46.65,1.16,14.38,17.06,26.42,26.83,28.8,73.0,1004.0,1.72,180.0,Clouds,overcast clouds
jharsuguda,2026-06-19 06:07:01.004758,3,248.18,0.15,1.84,95.92,2.74,27.42,28.93,11.36,37.97,40.46,33.0,1004.0,4.26,231.0,Clouds,broken clouds
jharsuguda,2026-06-19 11:12:37.240384,3,192.02,0.05,1.77,102.36,1.84,10.91,11.52,7.03,39.97,41.03,25.0,1000.0,3.34,235.0,Clouds,scattered clouds
jharsuguda,2026-06-19 14:39:44.739214,2,266.86,0.0,5.54,78.71,1.91,9.64,12.46,24.37,31.42,34.23,54.0,1004.0,3.14,53.0,Clouds,overcast clouds
jharsuguda,2026-06-19 17:10:50.539406,2,318.36,0.0,7.06,64.95,2.02,11.65,15.52,30.72,30.87,33.87,57.0,1005.0,3.53,138.0,Clouds,broken clouds
jharsuguda,2026-06-19 19:23:37.254519,2,366.39,0.0,8.49,51.52,1.78,13.59,17.72,37.32,28.82,31.66,66.0,1005.0,0.91,270.0,Clouds,overcast clouds
jharsuguda,2026-06-19 21:00:22.034389,2,408.64,0.0,9.57,41.31,1.44,15.69,19.69,38.62,28.43,31.07,67.0,1004.0,0.7,154.0,Clouds,overcast clouds
jharsuguda,2026-06-19 22:05:03.421661,2,424.96,0.0,9.92,37.77,1.31,16.58,20.54,37.34,28.18,30.74,68.0,1004.0,0.8,175.0,Clouds,overcast clouds
jharsuguda,2026-06-19 23:58:43.084905,2,445.94,0.0,10.37,33.39,1.14,18.07,21.92,35.63,27.98,30.5,69.0,1004.0,1.51,183.0,Clouds,overcast clouds
jharsuguda,2026-06-20 03:24:26.665312,2,433.96,1.79,6.37,46.95,1.38,21.43,25.62,35.22,29.91,33.27,63.0,1006.0,1.61,220.0,Clouds,overcast clouds
jharsuguda,2026-06-20 07:41:24.306671,3,163.16,0.07,0.8,108.34,1.93,26.08,29.07,10.76,40.05,41.55,26.0,1003.0,4.41,254.0,Clouds,overcast clouds
jharsuguda,2026-06-20 10:25:19.581164,3,149.96,0.03,0.92,103.74,1.46,16.07,18.24,10.63,38.77,40.09,28.0,1001.0,4.37,255.0,Clouds,overcast clouds
jharsuguda,2026-06-20 12:22:56.829829,2,141.81,0.02,1.12,98.29,1.07,9.6,11.12,11.03,36.82,37.75,31.0,1001.0,2.65,334.0,Clouds,overcast clouds
jharsuguda,2026-06-20 14:58:50.511870,2,335.76,0.0,8.5,61.45,2.94,18.25,22.85,39.36,32.23,33.62,45.0,1003.0,1.11,125.0,Clouds,overcast clouds
jharsuguda,2026-06-20 16:15:48.502205,2,379.03,0.0,9.93,53.76,2.96,19.67,24.9,45.43,32.11,33.64,46.0,1004.0,2.89,219.0,Clouds,overcast clouds
jharsuguda,2026-06-20 18:04:11.616911,2,387.95,0.0,9.71,46.68,2.11,19.13,23.33,38.4,31.4,33.08,49.0,1004.0,2.29,213.0,Clouds,overcast clouds
jharsuguda,2026-06-20 20:10:10.958907,2,241.05,0.0,4.4,59.5,1.15,12.07,14.06,22.35,30.77,32.43,51.0,1003.0,2.11,185.0,Clouds,overcast clouds
jharsuguda,2026-06-20 21:58:48.932811,2,231.62,0.0,4.14,59.09,1.28,11.86,13.62,23.12,30.39,31.99,52.0,1003.0,1.73,236.0,Clouds,overcast clouds
jharsuguda,2026-06-20 23:05:38.397963,2,236.1,0.0,4.36,58.93,1.85,13.07,14.84,24.52,30.38,31.98,52.0,1003.0,2.19,201.0,Clouds,overcast clouds
jharsuguda,2026-06-21 02:33:34.495820,2,250.03,0.55,4.35,68.79,5.9,19.5,22.05,24.68,33.0,35.2,46.0,1005.0,3.62,227.0,Clouds,overcast clouds
jharsuguda,2026-06-21 07:23:46.363249,2,127.35,0.03,1.24,93.85,2.34,12.04,13.3,9.17,39.44,41.26,28.0,1002.0,0.84,318.0,Clouds,scattered clouds
jharsuguda,2026-06-21 10:58:45.390248,2,129.88,0.04,1.68,92.89,1.83,4.99,5.57,9.35,35.07,35.95,35.0,1000.0,1.25,83.0,Clouds,overcast clouds
jharsuguda,2026-06-21 13:04:11.645225,2,136.71,0.01,2.32,91.01,1.83,4.12,4.81,10.94,30.95,32.34,49.0,1002.0,2.43,246.0,Rain,heavy intensity rain
jharsuguda,2026-06-21 15:45:18.368915,2,251.44,0.0,6.53,62.53,3.2,11.41,13.7,26.06,29.94,32.72,60.0,1004.0,3.06,169.0,Rain,light rain
jharsuguda,2026-06-21 17:17:17.948757,2,272.26,0.0,7.12,57.91,2.7,11.86,14.51,28.57,29.74,32.34,60.0,1004.0,5.45,193.0,Clouds,overcast clouds
jharsuguda,2026-06-21 19:12:31.821808,2,290.02,0.0,7.41,53.81,2.11,12.2,14.71,31.35,29.4,31.56,59.0,1004.0,3.34,226.0,Clouds,overcast clouds
jharsuguda,2026-06-21 21:03:37.338152,2,288.44,0.0,6.99,52.77,1.73,12.27,14.42,29.87,28.63,30.7,62.0,1004.0,2.72,252.0,Clouds,overcast clouds
jharsuguda,2026-06-21 22:59:01.512194,2,249.68,0.0,5.3,56.82,1.67,11.3,12.99,27.18,27.52,29.55,68.0,1004.0,1.66,176.0,Clouds,broken clouds
jharsuguda,2026-06-22 00:10:34.425964,2,237.51,0.0,4.83,57.86,1.72,11.41,12.99,27.06,27.64,29.76,68.0,1004.0,1.04,254.0,Clouds,broken clouds
jharsuguda,2026-06-22 06:19:25.020519,2,164.28,0.07,1.38,87.41,2.02,12.92,13.48,6.93,36.17,38.79,38.0,1004.0,5.6,254.0,Clouds,broken clouds
jharsuguda,2026-06-22 12:42:18.008412,2,164.39,0.0,2.58,83.2,1.6,4.07,4.58,7.09,30.33,33.47,60.0,1003.0,2.4,202.0,Clouds,overcast clouds
jharsuguda,2026-06-22 17:24:44.643026,1,217.92,0.0,4.73,58.5,1.62,9.26,10.74,7.75,28.01,30.69,70.0,1004.0,2.61,156.0,Clouds,overcast clouds
jharsuguda,2026-06-22 20:32:10.004466,1,234.3,0.0,4.49,50.21,0.92,8.13,9.69,12.37,27.9,29.98,66.0,1003.0,2.36,246.0,Clouds,overcast clouds
jharsuguda,2026-06-22 22:30:23.517824,1,242.95,0.0,4.43,49.53,0.83,8.78,10.32,13.78,27.21,29.03,68.0,1003.0,2.27,259.0,Clouds,overcast clouds
jharsuguda,2026-06-22 23:59:14.113130,1,247.16,0.0,4.45,49.84,0.92,9.66,11.2,14.0,26.97,28.64,68.0,1003.0,2.4,253.0,Clouds,overcast clouds
jharsuguda,2026-06-23 03:27:23.549455,2,238.66,0.49,3.06,63.42,2.01,14.46,16.02,14.11,32.12,34.83,51.0,1004.0,4.98,261.0,Clouds,broken clouds
jharsuguda,2026-06-23 07:37:51.186720,2,154.4,0.06,1.24,90.07,1.85,13.22,13.88,7.04,39.75,41.82,28.0,1000.0,4.69,255.0,Clouds,few clouds
jharsuguda,2026-06-23 10:52:55.669391,2,163.01,0.04,2.17,84.98,2.0,9.64,10.3,9.3,38.86,40.24,28.0,998.0,4.65,237.0,Clouds,broken clouds
jharsuguda,2026-06-23 13:35:23.469991,2,212.65,0.0,4.43,62.54,2.21,11.99,13.41,13.69,33.87,35.46,41.0,1000.0,3.03,278.0,Rain,light rain
jharsuguda,2026-06-23 16:19:46.583871,2,247.24,0.0,5.41,56.87,2.39,15.89,17.98,18.75,32.12,33.88,47.0,1002.0,2.65,16.0,Clouds,broken clouds
jharsuguda,2026-06-23 19:01:17.909021,2,289.94,0.0,6.2,53.24,2.14,19.97,22.44,22.94,30.83,32.93,53.0,1003.0,3.7,274.0,Clouds,overcast clouds
jharsuguda,2026-06-23 21:22:34.874243,2,294.11,0.0,5.97,51.45,1.81,19.38,21.66,22.05,28.57,30.46,61.0,1002.0,3.51,241.0,Clouds,broken clouds
jharsuguda,2026-06-23 22:58:24.890845,2,280.89,0.0,5.37,49.75,1.85,17.97,19.65,15.1,27.45,29.43,68.0,1003.0,3.49,220.0,Clouds,overcast clouds
jharsuguda,2026-06-23 23:53:53.708236,2,276.33,0.0,5.08,49.01,1.8,17.8,19.24,12.27,27.09,28.92,69.0,1003.0,2.6,227.0,Clouds,overcast clouds
jharsuguda,2026-06-24 02:05:57.048742,2,267.02,0.13,4.55,47.55,1.68,17.77,19.11,10.19,28.28,30.25,63.0,1004.0,3.04,248.0,Clouds,overcast clouds
jharsuguda,2026-06-24 06:35:19.575985,2,193.03,0.15,1.26,78.69,1.09,16.64,17.49,8.1,32.41,35.39,51.0,1003.0,3.18,245.0,Clouds,few clouds
jharsuguda,2026-06-24 10:12:41.826503,2,165.43,0.1,1.25,80.71,0.78,11.44,12.15,7.69,38.7,40.69,30.0,999.0,3.79,220.0,Clouds,few clouds
jharsuguda,2026-06-24 13:10:45.195976,1,207.64,0.06,4.95,54.65,1.4,9.85,11.45,16.15,35.2,36.99,38.0,1000.0,1.02,347.0,Clouds,broken clouds
jharsuguda,2026-06-24 16:07:24.608517,2,328.78,0.0,9.67,33.35,1.86,14.42,18.27,21.77,32.23,34.07,47.0,1002.0,2.96,225.0,Clouds,broken clouds
jharsuguda,2026-06-24 18:27:00.692515,2,340.45,0.0,9.88,28.82,1.55,14.86,18.72,21.9,28.58,31.05,65.0,1003.0,3.08,204.0,Clouds,broken clouds
jharsuguda,2026-06-24 20:26:49.269966,2,295.47,0.0,8.16,27.31,1.09,12.64,15.5,23.24,27.11,29.13,71.0,1003.0,5.16,191.0,Clouds,scattered clouds
jharsuguda,2026-06-24 22:06:35.273590,2,295.8,0.0,7.79,24.28,1.03,12.28,14.83,24.9,26.95,28.85,71.0,1003.0,3.41,192.0,Clouds,scattered clouds
jharsuguda,2026-06-24 23:57:24.089166,2,314.62,0.01,8.11,23.31,1.29,14.07,16.51,24.31,25.62,26.35,81.0,1004.0,2.82,203.0,Clouds,scattered clouds
jharsuguda,2026-06-25 02:39:09.226658,2,322.16,1.55,4.35,44.49,1.84,20.72,23.77,25.15,31.11,34.83,59.0,1005.0,2.55,210.0,Clouds,few clouds
jharsuguda,2026-06-25 06:39:25.235129,2,150.86,0.12,0.7,78.53,0.81,16.24,17.07,6.81,37.98,40.48,33.0,1002.0,3.6,206.0,Clouds,few clouds
jharsuguda,2026-06-25 10:10:26.644499,2,135.35,0.09,0.82,71.81,0.62,11.93,12.65,6.25,38.95,40.77,29.0,1000.0,5.15,198.0,Clouds,broken clouds
jharsuguda,2026-06-25 13:09:35.825966,2,174.02,0.03,3.21,60.97,1.01,11.25,12.5,12.28,35.2,36.7,37.0,1000.0,2.65,202.0,Clouds,scattered clouds
jharsuguda,2026-06-25 16:14:40.741565,1,184.16,0.0,3.58,54.92,1.09,8.86,10.27,12.35,33.22,34.84,43.0,1003.0,2.23,170.0,Clouds,broken clouds
jharsuguda,2026-06-25 19:00:39.209636,2,284.5,0.0,7.51,37.22,1.22,12.67,15.49,24.06,30.36,33.32,59.0,1003.0,2.3,164.0,Clouds,scattered clouds
jharsuguda,2026-06-25 20:59:20.640063,2,357.79,0.0,9.89,25.68,1.08,15.59,18.9,25.57,30.01,32.65,59.0,1003.0,1.99,157.0,Clear,clear sky
jharsuguda,2026-06-25 22:20:38.967221,2,396.69,0.01,10.94,20.63,1.04,17.17,20.75,25.48,29.61,32.29,61.0,1003.0,2.09,162.0,Clear,clear sky
jharsuguda,2026-06-26 00:03:37.976802,2,496.66,0.11,13.72,11.46,1.05,21.4,25.77,25.29,29.0,31.84,65.0,1004.0,1.4,181.0,Clear,clear sky
jharsuguda,2026-06-26 05:02:25.589544,2,190.37,0.15,1.1,77.54,0.91,14.05,15.21,6.86,36.53,40.22,40.0,1004.0,2.39,194.0,Clear,clear sky
jharsuguda,2026-06-26 08:47:58.327432,2,166.84,0.06,0.95,75.58,0.57,9.75,10.48,6.0,40.73,42.75,26.0,1000.0,3.21,209.0,Clouds,few clouds
jharsuguda,2026-06-26 11:37:57.100835,2,167.19,0.07,1.2,76.09,0.46,9.06,9.73,6.15,29.99,33.43,63.0,1002.0,6.97,163.0,Clouds,scattered clouds
jharsuguda,2026-06-26 13:59:14.853998,2,191.12,0.0,2.76,68.02,1.07,7.55,8.69,10.26,29.9,32.45,59.0,1003.0,6.88,130.0,Clouds,overcast clouds
jharsuguda,2026-06-26 16:15:45.761237,1,239.93,0.0,4.31,57.92,1.26,9.01,10.52,9.77,28.52,32.03,72.0,1004.0,3.12,202.0,Clouds,broken clouds
jharsuguda,2026-06-26 18:21:39.507325,2,305.72,0.0,6.43,47.1,1.32,11.82,14.01,11.0,28.3,30.69,66.0,1005.0,1.78,345.0,Clouds,overcast clouds
jharsuguda,2026-06-26 20:26:02.528904,2,366.68,0.0,8.27,35.76,1.08,14.59,17.18,14.73,28.35,31.67,72.0,1003.0,1.78,253.0,Clouds,overcast clouds
jharsuguda,2026-06-26 22:01:08.955965,2,425.47,0.0,9.65,26.34,0.96,17.59,20.19,17.15,28.08,30.82,70.0,1003.0,1.45,241.0,Clouds,overcast clouds
jharsuguda,2026-06-26 23:53:27.710030,2,474.24,0.01,10.73,20.37,0.94,20.72,23.43,19.72,26.52,26.52,75.0,1004.0,0.8,76.0,Clouds,overcast clouds
jharsuguda,2026-06-27 02:02:46.926683,2,492.52,2.26,7.17,23.97,1.09,21.76,25.12,19.99,27.94,30.3,68.0,1006.0,0.67,276.0,Clouds,overcast clouds
jharsuguda,2026-06-27 06:19:59.943460,2,228.74,0.13,0.9,90.67,0.86,22.17,23.41,7.81,36.67,38.73,35.0,1003.0,2.82,197.0,Clouds,few clouds
jharsuguda,2026-06-27 09:21:40.823314,2,174.79,0.08,0.6,79.77,0.45,11.47,12.13,5.24,39.3,41.4,29.0,1001.0,2.84,212.0,Clouds,scattered clouds
jharsuguda,2026-06-27 11:18:48.777274,2,173.66,0.06,0.81,79.63,0.44,10.12,10.81,5.76,39.42,40.85,27.0,999.0,5.11,185.0,Clouds,few clouds
jharsuguda,2026-06-27 13:05:28.409262,2,198.33,0.01,2.05,73.63,0.73,9.95,10.93,9.98,35.27,37.72,40.0,1000.0,4.29,150.0,Clouds,overcast clouds
jharsuguda,2026-06-27 15:07:27.639774,2,249.1,0.0,3.42,64.16,0.98,13.66,15.13,14.33,30.72,34.03,59.0,1002.0,3.84,120.0,Clouds,overcast clouds
jharsuguda,2026-06-27 16:54:35.326010,2,266.18,0.0,3.37,64.92,0.97,18.09,19.66,14.43,30.98,34.32,58.0,1003.0,3.73,151.0,Clouds,overcast clouds
jharsuguda,2026-06-27 17:54:29.013939,2,276.25,0.0,3.52,64.5,0.95,19.49,21.06,15.24,29.78,32.8,62.0,1003.0,3.58,131.0,Clouds,overcast clouds
jharsuguda,2026-06-27 19:02:06.486931,2,281.25,0.0,3.6,63.11,0.89,19.22,20.72,16.13,29.01,32.03,66.0,1003.0,3.5,190.0,Clouds,scattered clouds
jharsuguda,2026-06-27 20:48:08.349331,2,283.44,0.0,3.55,59.06,0.83,15.64,17.03,16.77,28.28,30.93,68.0,1002.0,2.14,152.0,Clouds,broken clouds
jharsuguda,2026-06-27 21:52:45.583374,2,268.67,0.0,3.01,61.0,0.87,12.5,13.66,14.04,27.67,30.16,71.0,1002.0,2.75,145.0,Clouds,broken clouds
jharsuguda,2026-06-27 22:53:01.707453,2,270.65,0.0,2.89,61.21,0.92,11.49,12.55,13.44,27.38,29.93,74.0,1002.0,2.62,115.0,Clouds,broken clouds
jharsuguda,2026-06-27 23:52:36.705427,2,279.12,0.0,2.97,60.69,0.99,11.52,12.56,13.54,27.56,30.41,75.0,1003.0,1.69,145.0,Clouds,broken clouds
jharsuguda,2026-06-28 02:13:35.956317,2,286.59,0.11,3.02,62.03,1.02,11.12,12.0,11.2,30.92,34.68,60.0,1003.0,2.62,201.0,Clouds,overcast clouds
jharsuguda,2026-06-28 06:53:10.443247,2,241.62,0.13,1.16,84.65,0.7,9.56,10.15,6.15,38.62,42.12,34.0,1001.0,3.88,262.0,Clouds,broken clouds
jharsuguda,2026-06-28 09:51:50.919718,2,243.71,0.13,2.15,82.32,0.79,9.3,10.13,12.59,38.76,41.99,33.0,999.0,3.2,248.0,Clouds,broken clouds
jharsuguda,2026-06-28 11:40:22.505208,2,327.48,0.05,7.35,76.74,1.71,11.1,13.03,38.48,38.02,40.93,34.0,998.0,3.53,250.0,Rain,light rain
jharsuguda,2026-06-28 13:11:38.926049,2,234.55,0.01,2.17,78.94,0.69,7.46,8.01,7.21,34.12,37.66,47.0,1000.0,3.79,8.0,Clouds,overcast clouds
jharsuguda,2026-06-28 15:10:27.981998,2,254.63,0.0,3.41,67.76,1.0,8.04,9.27,12.22,29.65,32.94,64.0,1002.0,1.61,73.0,Clouds,overcast clouds
jharsuguda,2026-06-28 16:57:03.000734,1,265.49,0.0,4.03,58.02,1.08,7.76,9.32,13.4,27.84,31.14,76.0,1003.0,2.01,78.0,Clouds,overcast clouds
jharsuguda,2026-06-28 18:00:25.517961,1,270.36,0.0,4.21,54.47,1.02,7.47,9.03,13.66,28.76,32.21,70.0,1002.0,0.77,168.0,Clouds,overcast clouds
jharsuguda,2026-06-28 19:23:06.856628,1,273.56,0.0,4.31,51.5,0.93,7.18,8.65,13.78,27.93,31.06,74.0,1002.0,0.69,193.0,Clouds,overcast clouds
jharsuguda,2026-06-28 20:51:00.630638,1,280.31,0.0,4.36,47.95,0.85,7.23,8.68,13.86,27.24,30.5,82.0,1002.0,3.28,257.0,Clouds,overcast clouds
jharsuguda,2026-06-28 21:52:56.620788,1,277.5,0.0,4.28,48.04,0.87,7.38,8.81,13.39,26.53,26.53,88.0,1002.0,4.99,253.0,Clouds,overcast clouds
jharsuguda,2026-06-28 22:53:08.585175,1,276.15,0.0,4.26,47.82,0.87,7.62,9.04,12.84,26.25,26.25,88.0,1002.0,4.49,264.0,Clouds,overcast clouds
jharsuguda,2026-06-28 23:59:02.224549,1,274.81,0.0,4.27,47.34,0.88,7.96,9.37,12.23,26.77,29.4,82.0,1002.0,2.25,199.0,Clouds,overcast clouds
jharsuguda,2026-06-29 03:40:22.285664,1,262.99,0.35,3.11,53.2,0.88,9.09,9.94,5.83,27.55,30.75,78.0,1004.0,2.13,208.0,Clouds,overcast clouds
jharsuguda,2026-06-29 08:48:39.435979,2,194.79,0.05,1.61,76.87,0.65,4.6,5.06,4.68,34.09,39.29,52.0,1001.0,3.95,231.0,Clouds,overcast clouds
jharsuguda,2026-06-29 12:55:58.553609,2,206.12,0.01,3.11,71.1,0.87,3.79,4.67,9.42,32.54,37.09,56.0,1000.0,2.98,185.0,Clouds,overcast clouds
jharsuguda,2026-06-29 16:33:21.907661,2,369.31,0.0,8.36,39.19,1.49,10.27,13.12,11.99,30.88,34.59,60.0,1001.0,1.88,194.0,Rain,very heavy rain
jharsuguda,2026-06-29 18:57:49.051507,1,320.18,0.0,6.68,41.13,1.08,8.72,10.82,10.55,30.15,34.67,67.0,1001.0,2.46,226.0,Rain,very heavy rain
jharsuguda,2026-06-29 20:47:50.606012,1,294.45,0.0,5.84,39.7,0.92,7.88,9.8,11.26,28.26,32.26,77.0,1001.0,3.57,275.0,Rain,moderate rain
jharsuguda,2026-06-29 22:03:24.844509,1,282.57,0.0,5.31,39.84,0.85,7.48,9.02,10.39,28.15,32.0,77.0,1001.0,2.48,290.0,Rain,light rain
jharsuguda,2026-06-29 23:52:35.714298,1,265.24,0.0,4.5,42.47,0.7,7.1,7.87,6.98,27.42,30.94,82.0,1001.0,0.89,298.0,Clouds,overcast clouds
jharsuguda,2026-06-30 02:08:06.735833,1,232.39,0.02,3.53,51.45,0.76,5.68,6.26,4.85,26.29,26.29,90.0,1003.0,2.09,226.0,Clouds,overcast clouds
jharsuguda,2026-06-30 06:44:35.277511,2,184.73,0.12,1.73,70.59,0.64,6.08,6.5,4.66,27.8,31.19,77.0,1003.0,2.88,227.0,Clouds,overcast clouds
jharsuguda,2026-06-30 10:23:47.542689,2,168.57,0.05,1.81,75.47,0.61,5.81,6.2,5.31,31.45,36.1,61.0,1001.0,3.99,236.0,Clouds,overcast clouds
jharsuguda,2026-06-30 13:03:05.488745,2,201.0,0.0,3.51,69.69,1.33,9.53,10.16,8.24,27.89,31.54,78.0,1001.0,3.0,188.0,Clouds,overcast clouds
jharsuguda,2026-06-30 16:15:03.941149,1,225.01,0.0,4.8,57.67,1.76,8.94,9.93,8.49,26.84,29.82,85.0,1003.0,3.02,189.0,Clouds,overcast clouds
jharsuguda,2026-06-30 18:27:31.073476,1,249.39,0.0,5.56,45.69,1.52,8.82,10.11,9.54,26.71,29.59,86.0,1002.0,1.62,195.0,Clouds,overcast clouds
jharsuguda,2026-06-30 20:50:11.733201,1,266.81,0.0,5.5,37.17,1.11,9.1,9.9,7.42,26.48,26.48,85.0,1001.0,1.67,209.0,Clouds,overcast clouds
jharsuguda,2026-06-30 22:07:52.555759,1,267.51,0.0,5.37,36.87,1.18,9.49,10.11,6.2,26.5,26.5,85.0,1001.0,1.66,210.0,Clouds,overcast clouds
jharsuguda,2026-06-30 23:57:14.983718,1,275.66,0.0,5.54,34.49,1.18,9.92,10.4,5.72,26.39,26.39,85.0,1001.0,1.38,190.0,Clouds,overcast clouds
jharsuguda,2026-07-01 02:49:11.881640,2,279.36,0.17,5.97,30.83,1.35,10.36,11.18,5.42,27.65,30.85,77.0,1003.0,1.72,203.0,Clouds,overcast clouds
jharsuguda,2026-07-01 07:02:47.323276,2,256.86,0.42,4.11,52.02,1.18,17.68,18.47,6.06,32.61,36.64,54.0,1001.0,2.88,210.0,Clouds,overcast clouds
jharsuguda,2026-07-01 11:15:49.936241,2,263.83,0.03,4.25,57.58,1.06,21.83,22.89,9.95,31.91,36.28,58.0,998.0,4.17,204.0,Clouds,overcast clouds
jharsuguda,2026-07-01 14:04:13.493487,2,237.46,0.0,5.21,51.91,1.4,16.67,17.62,7.72,29.61,33.89,69.0,1000.0,2.7,217.0,Clouds,overcast clouds
jharsuguda,2026-07-01 17:04:57.967726,2,264.27,0.0,5.87,40.48,1.62,13.09,14.39,7.08,27.49,30.98,81.0,1001.0,3.63,185.0,Clouds,overcast clouds
jharsuguda,2026-07-01 19:28:21.047033,2,275.81,0.0,6.08,33.29,1.38,11.38,12.38,7.55,27.3,30.64,82.0,1001.0,2.85,222.0,Clouds,broken clouds
jharsuguda,2026-07-01 21:15:43.189427,2,267.83,0.0,5.65,29.29,0.97,10.37,11.04,6.56,26.81,29.66,84.0,1000.0,1.95,196.0,Rain,moderate rain
jharsuguda,2026-07-01 23:01:07.355844,1,250.9,0.0,5.6,25.59,0.71,9.4,9.9,6.15,26.27,26.27,87.0,999.0,0.82,225.0,Clouds,overcast clouds
jharsuguda,2026-07-02 02:05:20.702336,2,248.81,0.1,6.61,20.71,0.89,10.13,10.94,6.66,28.28,32.31,77.0,1001.0,3.21,263.0,Clouds,overcast clouds
jharsuguda,2026-07-02 06:29:01.511666,2,248.96,0.78,7.36,28.29,1.21,12.2,13.05,7.15,33.36,37.97,53.0,1000.0,2.2,275.0,Clouds,overcast clouds
jharsuguda,2026-07-02 09:51:06.661620,2,237.08,0.12,5.26,48.97,0.83,11.18,11.73,5.68,32.84,37.77,56.0,997.0,2.49,234.0,Clouds,overcast clouds
jharsuguda,2026-07-02 12:01:06.375658,2,237.87,0.06,5.16,52.6,0.86,11.73,12.25,5.41,31.51,36.23,61.0,997.0,3.59,231.0,Rain,heavy intensity rain
jharsuguda,2026-07-02 15:04:07.433174,2,364.65,0.0,12.23,25.0,2.21,14.97,15.91,5.51,29.27,33.53,71.0,999.0,2.22,195.0,Clouds,overcast clouds
jharsuguda,2026-07-02 17:25:08.556879,2,365.85,0.0,13.48,19.18,2.41,15.55,16.4,5.12,27.66,31.27,80.0,1001.0,2.8,237.0,Clouds,overcast clouds
jharsuguda,2026-07-02 19:06:59.170007,2,374.6,0.0,13.62,15.94,2.31,16.04,16.63,4.96,27.36,30.67,81.0,1000.0,1.15,161.0,Clouds,overcast clouds
jharsuguda,2026-07-02 20:52:07.629563,2,385.94,0.0,13.05,14.7,1.65,15.72,16.12,4.55,26.01,26.01,89.0,999.0,1.95,202.0,Clouds,overcast clouds
jharsuguda,2026-07-02 21:57:43.017350,2,391.49,0.0,12.82,14.2,1.37,15.74,16.1,4.61,25.97,25.97,90.0,999.0,1.72,231.0,Clouds,overcast clouds
jharsuguda,2026-07-02 22:59:50.748723,2,396.38,0.01,12.75,13.45,1.27,15.75,16.12,5.07,25.92,26.92,90.0,999.0,1.52,257.0,Clouds,overcast clouds
jharsuguda,2026-07-03 00:05:37.868432,2,398.87,0.01,12.63,12.92,1.33,15.65,16.06,5.65,25.87,26.89,91.0,1000.0,1.42,258.0,Clouds,overcast clouds
jharsuguda,2026-07-03 04:35:03.340885,2,382.46,0.29,12.32,14.08,2.73,16.87,17.89,5.57,30.68,35.66,66.0,1000.0,2.0,215.0,Clouds,overcast clouds
jharsuguda,2026-07-03 07:54:33.587863,2,372.59,0.48,13.64,16.06,2.6,16.63,17.43,5.11,31.36,36.45,63.0,998.0,3.26,200.0,Clouds,overcast clouds
jharsuguda,2026-07-03 10:25:18.434847,2,373.79,0.37,13.42,16.15,1.95,14.93,15.6,5.19,31.1,36.4,65.0,997.0,3.26,197.0,Clouds,overcast clouds
jharsuguda,2026-07-03 12:51:47.373868,2,361.82,0.02,12.75,16.38,1.44,13.64,14.42,5.74,27.33,31.07,85.0,997.0,3.43,186.0,Rain,moderate rain
jharsuguda,2026-07-03 15:00:54.237749,2,429.68,0.32,16.44,6.72,2.05,16.79,19.08,11.15,26.63,26.63,89.0,999.0,3.39,197.0,Clouds,overcast clouds
jharsuguda,2026-07-03 17:11:04.075976,2,434.86,0.49,16.39,6.26,2.05,16.98,19.05,7.82,26.4,26.4,89.0,1000.0,2.62,204.0,Rain,light rain
jharsuguda,2026-07-03 18:59:27.543932,2,384.7,0.04,16.65,9.06,1.73,15.97,16.66,4.94,25.63,26.65,92.0,999.0,2.12,222.0,Clouds,overcast clouds
jharsuguda,2026-07-03 20:13:48.398739,2,381.91,0.03,16.23,9.34,1.65,16.27,16.84,5.22,25.59,26.61,92.0,998.0,1.87,243.0,Clouds,overcast clouds
jharsuguda,2026-07-03 21:55:32.333580,2,405.62,0.04,15.84,8.54,1.83,17.16,17.7,5.95,25.54,26.53,91.0,998.0,1.8,252.0,Clouds,overcast clouds
jharsuguda,2026-07-03 22:53:31.797414,2,425.93,0.06,15.82,7.57,1.94,17.42,17.99,6.66,25.52,26.5,91.0,998.0,1.78,245.0,Clouds,overcast clouds
jharsuguda,2026-07-03 23:55:29.244512,2,446.92,0.09,15.92,6.55,2.07,17.84,18.46,7.37,25.52,26.5,91.0,998.0,1.55,232.0,Clouds,overcast clouds
jharsuguda,2026-07-04 01:48:46.223628,2,502.99,1.27,15.02,6.63,2.65,19.76,20.83,7.85,27.27,30.57,82.0,999.0,1.89,227.0,Clouds,overcast clouds
jharsuguda,2026-07-04 05:35:58.600196,2,518.3,1.43,16.56,16.06,4.28,22.69,23.69,4.93,32.41,37.73,59.0,997.0,2.25,89.0,Clouds,overcast clouds
jharsuguda,2026-07-04 08:20:56.362213,2,438.62,1.17,13.57,25.64,4.04,18.23,19.03,4.5,33.3,37.52,52.0,995.0,2.59,355.0,Clouds,overcast clouds
jharsuguda,2026-07-04 10:48:07.648685,2,404.03,0.26,12.47,30.39,3.64,17.86,18.82,6.18,30.7,35.71,66.0,994.0,1.71,136.0,Clouds,overcast clouds
jharsuguda,2026-07-04 12:00:55.753103,2,404.35,0.1,12.34,29.84,3.28,17.86,18.87,6.63,28.2,32.28,78.0,994.0,2.19,110.0,Clouds,overcast clouds
jharsuguda,2026-07-04 14:22:48.340262,3,516.19,0.0,13.89,25.08,3.68,28.81,30.0,6.59,27.84,31.7,80.0,995.0,1.04,174.0,Clouds,overcast clouds
jharsuguda,2026-07-04 15:53:22.939177,2,479.45,0.0,12.9,21.9,3.05,21.98,22.78,5.12,27.7,31.64,82.0,997.0,1.39,220.0,Clouds,overcast clouds
jharsuguda,2026-07-04 16:51:18.420738,2,471.23,0.0,11.97,22.53,3.21,21.49,22.21,4.75,27.72,31.83,83.0,997.0,1.7,270.0,Rain,light rain
jharsuguda,2026-07-04 17:55:00.604907,2,464.04,0.0,12.69,22.27,3.93,23.11,23.72,4.45,27.55,31.39,83.0,996.0,4.22,47.0,Rain,light rain
jharsuguda,2026-07-04 18:53:59.012096,3,449.32,0.0,14.66,22.81,4.55,25.72,26.17,3.87,27.92,32.05,81.0,996.0,3.25,38.0,Clouds,overcast clouds
jharsuguda,2026-07-04 20:04:07.328136,3,443.83,0.0,15.95,24.27,4.94,28.3,28.68,3.52,27.56,31.28,82.0,995.0,3.28,36.0,Clouds,overcast clouds
jharsuguda,2026-07-04 21:46:09.044119,3,449.32,0.0,15.95,26.76,5.3,30.42,30.72,3.28,27.33,30.72,82.0,994.0,4.39,27.0,Clouds,overcast clouds
jharsuguda,2026-07-04 22:45:31.162866,3,451.53,0.0,15.34,26.57,5.31,29.42,29.73,3.26,27.32,30.69,82.0,994.0,4.08,15.0,Clouds,overcast clouds
jharsuguda,2026-07-04 23:52:15.172911,3,449.98,0.0,14.62,25.9,5.06,27.9,28.23,3.18,27.47,30.94,81.0,995.0,4.08,14.0,Clouds,overcast clouds
jharsuguda,2026-07-05 01:54:17.788168,2,432.64,0.2,12.9,26.51,4.24,23.92,24.42,3.16,29.45,34.38,73.0,995.0,6.01,21.0,Clouds,overcast clouds
jharsuguda,2026-07-05 05:54:05.564156,2,352.91,0.85,8.61,46.45,3.6,18.26,18.86,3.08,29.31,34.26,74.0,995.0,3.73,20.0,Clouds,overcast clouds
jharsuguda,2026-07-05 08:38:37.895095,2,334.75,0.24,6.43,54.51,3.18,21.71,22.36,4.62,28.84,33.89,78.0,993.0,2.2,304.0,Clouds,overcast clouds
jharsuguda,2026-07-05 10:57:26.417927,2,334.03,0.11,6.4,52.88,2.71,20.16,20.74,4.46,27.27,30.92,85.0,993.0,4.56,264.0,Rain,light rain
jharsuguda,2026-07-05 12:11:16.260660,2,320.42,0.05,6.23,52.53,2.42,18.01,18.52,3.94,26.61,26.61,88.0,994.0,4.51,269.0,Rain,moderate rain
jharsuguda,2026-07-05 14:24:44.680629,2,342.82,0.0,8.1,38.12,2.35,17.15,17.56,3.1,26.66,26.66,89.0,994.0,4.61,279.0,Clouds,overcast clouds
jharsuguda,2026-07-05 15:59:57.363176,2,295.48,0.0,7.35,32.57,1.91,14.04,14.42,2.92,26.16,26.16,93.0,995.0,3.75,300.0,Clouds,overcast clouds
jharsuguda,2026-07-05 17:11:35.149542,2,269.34,0.0,7.4,29.33,1.7,12.08,12.41,2.66,26.49,26.49,91.0,995.0,2.33,337.0,Rain,heavy intensity rain
jharsuguda,2026-07-05 18:59:11.328263,1,222.2,0.0,6.67,27.53,1.17,8.6,8.78,2.21,25.92,26.94,91.0,995.0,1.15,238.0,Rain,moderate rain
jharsuguda,2026-07-05 20:12:49.168006,1,202.5,0.0,6.09,27.56,0.99,7.14,7.3,2.17,25.45,26.48,93.0,994.0,2.11,206.0,Rain,light rain
jharsuguda,2026-07-05 21:49:14.002443,1,174.44,0.0,5.39,26.13,0.9,5.08,5.23,2.24,24.6,25.62,96.0,994.0,4.74,192.0,Rain,moderate rain
jharsuguda,2026-07-05 22:49:33.456382,1,166.19,0.0,5.25,25.22,0.94,4.88,5.04,2.39,24.18,25.19,97.0,994.0,6.36,194.0,Rain,moderate rain
jharsuguda,2026-07-05 23:55:36.476710,1,160.06,0.0,5.29,24.31,1.07,4.89,5.07,2.53,25.0,26.04,95.0,995.0,3.57,212.0,Clouds,overcast clouds
jharsuguda,2026-07-06 02:01:18.062253,1,153.41,0.03,5.45,22.34,1.23,4.68,5.03,2.65,24.7,25.71,95.0,996.0,5.18,215.0,Clouds,overcast clouds
jharsuguda,2026-07-06 06:59:28.091263,1,130.9,0.49,2.65,34.55,1.31,6.04,6.38,2.67,24.57,25.56,95.0,997.0,6.43,227.0,Rain,moderate rain
jharsuguda,2026-07-06 11:26:57.601942,1,118.15,0.09,1.94,51.47,1.01,9.73,10.26,4.17,24.87,25.79,91.0,996.0,6.18,226.0,Clouds,overcast clouds
jharsuguda,2026-07-06 14:54:48.729850,1,129.74,0.0,2.82,45.48,0.97,8.69,9.49,5.03,24.5,25.38,91.0,999.0,5.63,207.0,Clouds,overcast clouds
jharsuguda,2026-07-06 17:33:45.624032,1,142.17,0.0,3.27,38.54,0.84,6.52,7.02,3.91,24.1,24.99,93.0,1000.0,4.99,200.0,Clouds,overcast clouds
jharsuguda,2026-07-06 19:33:16.166080,1,139.46,0.0,3.07,36.87,0.59,4.63,4.92,3.36,24.16,25.06,93.0,999.0,4.35,197.0,Clouds,overcast clouds
jharsuguda,2026-07-06 21:19:26.965331,1,137.97,0.0,2.91,37.03,0.52,3.91,4.16,3.3,24.21,25.11,93.0,999.0,4.36,193.0,Clouds,overcast clouds
jharsuguda,2026-07-06 22:55:56.480626,1,139.2,0.0,2.74,37.07,0.48,3.46,3.75,3.75,24.26,25.14,92.0,999.0,4.71,189.0,Clouds,overcast clouds
jharsuguda,2026-07-06 23:57:56.983936,1,141.94,0.0,2.76,36.49,0.52,3.56,3.89,3.99,24.39,25.31,93.0,1000.0,4.9,191.0,Clouds,overcast clouds
jharsuguda,2026-07-07 02:37:32.331586,1,144.09,0.27,2.7,35.89,0.88,4.18,4.84,4.67,27.22,30.23,80.0,1002.0,5.75,206.0,Clouds,overcast clouds
jharsuguda,2026-07-07 06:35:22.293490,1,115.15,0.18,0.99,54.89,1.29,8.2,9.18,5.44,31.4,36.26,62.0,1000.0,5.95,219.0,Clouds,overcast clouds
jharsuguda,2026-07-07 10:17:38.580628,1,100.79,0.14,0.83,58.19,1.04,7.39,8.27,4.85,31.74,37.06,62.0,998.0,6.38,223.0,Clouds,broken clouds
jharsuguda,2026-07-07 13:10:43.527963,1,107.7,0.03,1.77,55.75,0.98,5.46,6.2,5.85,29.37,33.97,72.0,1000.0,4.95,196.0,Clouds,scattered clouds
jharsuguda,2026-07-07 16:16:54.808220,1,123.97,0.0,2.82,44.0,1.29,2.84,3.8,8.65,27.69,31.07,78.0,1002.0,3.74,203.0,Clouds,broken clouds
jharsuguda,2026-07-07 18:54:09.387551,1,128.89,0.0,2.84,44.43,1.12,2.2,2.94,8.87,26.95,29.27,76.0,1002.0,4.83,210.0,Clouds,broken clouds
jharsuguda,2026-07-07 20:44:32.363289,1,129.17,0.0,2.6,46.53,0.9,1.99,2.5,7.28,26.31,26.31,80.0,1001.0,4.39,192.0,Clouds,overcast clouds
jharsuguda,2026-07-07 22:04:15.991609,1,129.27,0.0,2.48,47.16,0.83,1.91,2.36,6.75,25.86,26.67,83.0,1001.0,4.24,202.0,Clouds,overcast clouds
jharsuguda,2026-07-07 23:44:49.780798,1,130.26,0.0,2.39,47.13,0.83,1.92,2.36,6.77,25.58,26.39,84.0,1001.0,4.58,206.0,Clouds,overcast clouds
jharsuguda,2026-07-08 01:26:36.035971,1,131.35,0.02,2.43,45.85,0.86,1.98,2.48,6.76,26.42,26.42,82.0,1002.0,4.06,201.0,Clouds,overcast clouds
jharsuguda,2026-07-08 04:57:27.334608,1,124.41,0.22,1.29,53.17,1.14,5.25,6.07,5.95,31.3,35.76,61.0,1002.0,6.11,220.0,Clouds,overcast clouds
jharsuguda,2026-07-08 07:25:05.505596,1,117.42,0.1,1.12,56.94,1.15,7.52,8.39,5.7,31.79,36.3,59.0,1001.0,5.95,219.0,Clouds,overcast clouds
jharsuguda,2026-07-08 10:05:42.593062,1,104.57,0.09,1.06,55.54,0.99,6.43,7.17,5.13,32.35,36.67,56.0,999.0,6.03,212.0,Clouds,overcast clouds
jharsuguda,2026-07-08 12:13:03.347831,1,105.07,0.04,1.64,51.01,1.07,5.2,6.03,6.08,31.15,35.43,61.0,999.0,4.13,192.0,Clouds,overcast clouds
jharsuguda,2026-07-08 15:07:41.807586,1,122.35,0.0,3.0,42.07,1.26,2.67,3.63,9.16,29.29,33.17,69.0,1001.0,2.73,159.0,Clouds,overcast clouds
jharsuguda,2026-07-08 17:17:30.419588,1,128.73,0.0,3.13,40.31,1.19,2.47,3.41,9.75,28.96,32.46,69.0,1002.0,3.79,177.0,Clouds,overcast clouds
jharsuguda,2026-07-08 19:04:14.535670,1,126.69,0.0,2.9,40.09,1.08,2.23,2.95,9.06,28.5,31.67,70.0,1002.0,5.84,202.0,Clouds,overcast clouds
jharsuguda,2026-07-08 20:55:08.762547,1,125.26,0.0,2.66,39.92,0.99,2.38,3.07,9.4,26.75,29.19,80.0,1001.0,4.58,202.0,Clouds,overcast clouds
jharsuguda,2026-07-08 21:57:52.191457,1,123.5,0.0,2.57,39.23,0.89,2.3,2.89,9.07,26.69,29.07,80.0,1001.0,3.7,205.0,Clouds,overcast clouds
jharsuguda,2026-07-08 22:59:50.249180,1,123.45,0.0,2.59,38.14,0.82,2.11,2.58,8.27,26.88,29.39,79.0,1001.0,3.64,206.0,Clouds,overcast clouds
jharsuguda,2026-07-09 00:09:21.217371,1,126.81,0.0,2.77,36.53,0.79,2.04,2.44,7.32,26.19,26.19,84.0,1001.0,3.2,203.0,Clouds,overcast clouds
jharsuguda,2026-07-09 04:46:09.176424,1,169.04,0.36,2.77,47.95,1.06,4.48,4.95,4.3,31.2,36.36,64.0,1002.0,4.99,228.0,Clouds,overcast clouds
jharsuguda,2026-07-09 08:18:33.158848,2,170.2,0.1,1.92,64.69,0.99,5.19,5.52,3.77,31.19,36.9,66.0,1001.0,5.24,226.0,Clouds,overcast clouds
jharsuguda,2026-07-09 11:44:14.481029,2,174.24,0.03,2.85,61.05,1.24,5.34,5.81,5.54,30.06,34.94,69.0,1000.0,4.17,225.0,Clouds,overcast clouds
jharsuguda,2026-07-09 14:27:19.505529,1,199.03,0.0,4.82,35.0,1.03,5.71,6.7,6.12,28.46,32.57,76.0,1002.0,2.32,282.0,Clouds,overcast clouds
jharsuguda,2026-07-09 17:11:20.574238,1,212.88,0.0,4.96,30.4,1.06,8.12,9.75,8.01,27.14,30.47,84.0,1003.0,1.54,304.0,Clouds,overcast clouds
jharsuguda,2026-07-09 19:19:21.220860,1,211.95,0.0,5.12,26.05,1.0,8.41,10.04,8.49,27.16,30.1,80.0,1002.0,3.3,229.0,Clouds,overcast clouds
jharsuguda,2026-07-09 21:10:18.784967,1,198.4,0.0,4.97,23.37,1.0,7.62,9.25,8.77,25.73,26.6,86.0,1001.0,3.0,237.0,Rain,light rain
jharsuguda,2026-07-09 23:01:42.808718,1,184.03,0.0,4.69,22.18,1.0,6.51,7.77,7.86,25.3,26.26,91.0,1001.0,2.7,220.0,Clouds,overcast clouds
jharsuguda,2026-07-10 01:47:06.959744,1,176.35,0.2,4.25,20.88,1.03,5.53,6.54,6.77,26.86,29.69,83.0,1003.0,3.68,212.0,Clouds,overcast clouds
jharsuguda,2026-07-10 05:52:40.879934,1,139.35,0.2,3.05,48.36,1.47,6.66,7.44,5.0,32.83,38.74,59.0,1002.0,4.81,245.0,Clouds,overcast clouds
jharsuguda,2026-07-10 08:58:46.674349,2,153.44,0.11,2.57,60.78,1.59,7.14,7.71,5.24,35.01,39.56,47.0,1000.0,5.4,257.0,Clouds,overcast clouds
jharsuguda,2026-07-10 11:48:52.835272,1,174.71,0.03,4.61,51.46,1.95,7.46,8.09,7.51,32.62,37.58,57.0,1000.0,3.23,241.0,Clouds,overcast clouds
jharsuguda,2026-07-10 13:54:10.913999,1,187.97,0.0,5.07,35.79,1.34,5.65,6.69,7.96,30.14,34.65,67.0,1002.0,0.54,170.0,Rain,light rain
jharsuguda,2026-07-10 16:13:13.705497,1,202.54,0.0,5.16,32.5,1.37,5.8,7.36,10.58,25.53,26.51,91.0,1003.0,4.75,355.0,Clouds,overcast clouds
jharsuguda,2026-07-10 18:16:19.338861,1,198.52,0.0,4.98,32.67,1.58,5.51,7.28,12.5,24.85,25.9,96.0,1004.0,4.81,230.0,Rain,light rain
jharsuguda,2026-07-10 20:12:07.270157,1,182.78,0.0,4.42,35.7,1.95,5.35,7.06,14.42,25.78,26.76,90.0,1002.0,4.38,239.0,Clouds,overcast clouds
jharsuguda,2026-07-10 21:50:24.983319,1,175.15,0.0,4.05,36.95,2.19,5.73,7.36,16.2,25.59,26.55,90.0,1002.0,2.45,267.0,Clouds,overcast clouds
jharsuguda,2026-07-10 22:48:45.721677,1,172.28,0.0,3.9,37.39,2.26,6.13,7.63,15.99,25.74,26.69,89.0,1002.0,1.14,284.0,Clouds,overcast clouds
jharsuguda,2026-07-10 23:46:18.680868,1,169.91,0.0,3.78,37.33,2.24,6.73,8.1,15.23,25.89,26.86,89.0,1003.0,0.5,241.0,Clouds,overcast clouds
jharsuguda,2026-07-11 01:26:18.883557,1,166.9,0.01,3.69,36.64,2.31,7.44,8.69,14.02,25.91,26.85,88.0,1003.0,1.59,218.0,Clouds,overcast clouds
jharsuguda,2026-07-11 04:52:32.709276,2,135.17,0.15,2.68,59.85,3.89,10.0,12.17,5.92,26.41,26.41,83.0,1003.0,3.25,224.0,Clouds,overcast clouds
jharsuguda,2026-07-11 07:04:56.748104,2,138.14,0.1,1.65,74.88,3.69,12.81,15.07,5.7,28.4,31.62,71.0,1002.0,4.38,240.0,Clouds,overcast clouds
jharsuguda,2026-07-11 09:15:22.798821,2,137.3,0.13,1.58,80.28,3.26,12.33,14.2,5.49,31.36,34.84,57.0,1000.0,4.4,226.0,Clouds,overcast clouds
jharsuguda,2026-07-11 10:53:09.403977,2,135.42,0.1,1.67,83.61,2.62,9.46,10.51,5.03,31.35,35.08,58.0,999.0,3.94,221.0,Clouds,overcast clouds
jharsuguda,2026-07-11 11:43:22.441437,2,135.78,0.06,1.85,83.32,2.37,8.12,8.84,4.97,30.36,34.44,64.0,999.0,3.57,207.0,Clouds,overcast clouds
jharsuguda,2026-07-11 12:51:33.578906,2,145.12,0.02,2.46,78.01,2.32,8.56,9.37,7.45,29.28,32.76,67.0,1000.0,4.2,231.0,Clouds,overcast clouds
jharsuguda,2026-07-11 14:17:23.495897,2,162.84,0.0,3.2,70.01,2.47,10.31,11.51,11.96,28.67,32.02,70.0,1000.0,3.99,237.0,Clouds,overcast clouds
jharsuguda,2026-07-11 15:43:44.897915,2,184.68,0.0,4.02,59.55,2.44,12.11,13.93,18.92,28.29,31.54,72.0,1001.0,3.6,252.0,Clouds,overcast clouds
jharsuguda,2026-07-11 16:41:38.424096,2,186.26,0.0,4.06,55.94,2.27,11.69,13.56,20.35,27.72,30.5,73.0,1001.0,3.85,252.0,Clouds,overcast clouds
jharsuguda,2026-07-11 17:44:47.197763,2,181.21,0.0,3.94,52.99,2.16,10.72,12.46,20.49,27.21,29.8,76.0,1001.0,2.35,236.0,Clouds,broken clouds
jharsuguda,2026-07-11 18:42:58.574161,1,171.71,0.0,3.69,50.93,2.46,9.84,11.2,18.32,26.27,26.27,78.0,1001.0,2.5,231.0,Clouds,scattered clouds
jharsuguda,2026-07-11 19:58:10.390548,1,168.63,0.0,3.59,49.26,2.69,9.97,11.17,16.43,26.08,26.08,79.0,1001.0,2.43,228.0,Clouds,few clouds
jharsuguda,2026-07-11 20:42:25.883805,2,167.41,0.0,3.47,48.28,2.81,10.65,11.84,14.95,25.95,25.95,81.0,1000.0,2.62,234.0,Clouds,scattered clouds
jharsuguda,2026-07-11 21:38:45.276100,2,166.52,0.0,3.38,47.44,2.49,11.49,12.83,14.8,25.76,26.51,81.0,1000.0,2.69,232.0,Clouds,scattered clouds
jharsuguda,2026-07-11 22:36:08.377743,2,166.28,0.0,3.31,46.89,2.31,12.28,13.81,15.62,25.62,26.38,82.0,1000.0,2.9,233.0,Clouds,broken clouds
jharsuguda,2026-07-11 23:42:01.112785,2,166.22,0.0,3.28,46.12,2.32,12.88,14.54,16.24,25.44,26.21,83.0,1001.0,2.72,229.0,Clouds,broken clouds
jharsuguda,2026-07-12 01:28:10.692789,2,165.98,0.0,3.3,44.82,2.48,13.31,15.11,16.55,26.57,26.57,80.0,1001.0,2.88,237.0,Clouds,overcast clouds
jharsuguda,2026-07-12 05:14:58.214230,2,144.05,0.11,3.51,46.96,4.84,11.98,14.08,9.8,32.81,35.64,49.0,1001.0,4.89,262.0,Clouds,overcast clouds
jharsuguda,2026-07-12 07:56:31.274197,1,130.51,0.07,2.47,59.81,3.31,7.63,9.78,6.5,35.63,38.75,41.0,998.0,5.19,261.0,Clouds,overcast clouds
jharsuguda,2026-07-12 09:43:38.463640,2,128.31,0.06,2.43,61.9,2.99,6.92,9.33,6.32,32.25,35.89,54.0,997.0,6.05,215.0,Clouds,overcast clouds
jharsuguda,2026-07-12 11:03:39.846142,2,129.48,0.05,2.83,61.05,3.38,6.85,9.61,7.0,31.56,35.0,56.0,997.0,5.57,230.0,Clouds,overcast clouds
jharsuguda,2026-07-12 12:52:24.520752,1,138.05,0.01,4.07,55.32,4.72,7.13,10.12,9.15,31.17,34.7,58.0,998.0,4.1,256.0,Clouds,overcast clouds
jharsuguda,2026-07-12 14:22:02.972594,1,142.24,0.0,3.83,57.4,4.42,6.5,8.03,11.12,30.76,33.88,58.0,999.0,3.63,247.0,Clouds,overcast clouds
jharsuguda,2026-07-12 15:48:05.088954,1,146.57,0.0,3.7,56.66,5.2,9.16,11.29,13.2,29.28,32.21,64.0,1001.0,2.3,241.0,Clouds,overcast clouds
jharsuguda,2026-07-12 16:43:35.934759,1,147.26,0.0,3.51,56.37,5.03,9.97,12.31,13.92,28.78,31.75,67.0,1001.0,2.59,242.0,Clouds,overcast clouds
jharsuguda,2026-07-12 17:50:00.413785,2,146.42,0.0,3.32,55.97,4.6,10.25,12.62,14.49,28.35,31.21,69.0,1000.0,3.0,238.0,Clouds,overcast clouds
jharsuguda,2026-07-12 18:46:39.609472,2,144.54,0.0,3.13,55.34,4.03,10.18,12.41,14.93,28.44,31.39,69.0,1000.0,3.57,253.0,Clouds,overcast clouds
jharsuguda,2026-07-12 20:00:17.901478,2,145.02,0.0,3.02,54.7,3.6,10.15,12.25,15.55,28.24,30.99,69.0,1000.0,4.06,256.0,Clouds,overcast clouds
jharsuguda,2026-07-12 20:51:01.822013,2,146.17,0.0,2.99,53.73,3.34,10.14,12.1,16.08,28.13,30.92,70.0,999.0,4.06,263.0,Clouds,overcast clouds
jharsuguda,2026-07-12 21:38:26.290792,2,148.35,0.0,3.05,52.22,3.27,10.23,12.1,16.48,27.91,30.49,70.0,999.0,4.26,267.0,Clouds,overcast clouds
jharsuguda,2026-07-12 22:37:11.033687,2,153.24,0.0,3.24,50.26,3.35,10.78,12.66,17.08,27.3,29.57,72.0,1000.0,3.92,263.0,Clouds,overcast clouds
jharsuguda,2026-07-12 23:41:37.102670,2,159.68,0.0,3.52,47.9,3.49,11.91,13.92,17.71,26.74,28.79,75.0,1000.0,2.67,253.0,Clouds,overcast clouds
jharsuguda,2026-07-13 01:29:01.199523,2,167.58,0.01,3.92,45.1,3.74,13.32,15.62,18.0,27.58,30.22,73.0,1001.0,2.5,247.0,Clouds,overcast clouds
jharsuguda,2026-07-13 05:24:15.047097,2,137.32,0.12,2.22,63.26,2.52,8.08,9.7,5.65,33.36,36.73,49.0,1002.0,3.43,267.0,Clouds,overcast clouds
jharsuguda,2026-07-13 08:44:27.207040,2,141.3,0.06,1.58,81.79,1.89,6.45,7.39,5.27,36.15,39.81,41.0,999.0,3.66,250.0,Clouds,overcast clouds
jharsuguda,2026-07-13 11:49:51.967048,2,172.09,0.04,3.06,68.16,2.08,8.37,10.06,13.01,33.82,37.68,49.0,998.0,3.42,236.0,Clouds,overcast clouds
jharsuguda,2026-07-13 14:00:22.909417,1,177.45,0.0,3.99,54.7,2.12,5.36,7.45,15.06,32.82,35.65,49.0,1000.0,1.64,231.0,Clouds,overcast clouds
jharsuguda,2026-07-13 16:35:35.773247,1,207.69,0.0,6.2,41.25,4.07,7.46,10.36,20.48,31.77,34.66,53.0,1001.0,1.61,217.0,Clouds,overcast clouds
jharsuguda,2026-07-13 18:25:58.031060,1,208.33,0.0,6.81,38.42,5.52,8.09,11.15,20.21,30.92,33.96,57.0,1001.0,2.84,243.0,Clouds,overcast clouds
jharsuguda,2026-07-13 20:07:02.300019,1,199.96,0.0,6.66,38.03,7.89,9.79,13.22,18.63,30.4,33.83,61.0,1000.0,3.87,272.0,Clouds,overcast clouds
jharsuguda,2026-07-13 21:43:19.486043,2,202.11,0.0,5.9,40.95,7.54,12.36,15.93,19.18,29.95,33.35,63.0,1000.0,3.32,265.0,Clouds,overcast clouds
jharsuguda,2026-07-13 22:43:29.131946,2,210.99,0.0,6.06,40.38,7.52,14.15,17.93,20.21,29.96,33.37,63.0,1000.0,3.44,275.0,Clouds,overcast clouds
jharsuguda,2026-07-13 23:41:58.975465,2,222.61,0.0,6.46,38.86,7.67,16.05,20.12,21.21,29.75,33.14,64.0,1000.0,3.63,283.0,Clouds,overcast clouds
jharsuguda,2026-07-14 01:18:16.843820,2,233.61,0.03,6.88,36.78,7.7,17.65,22.15,21.65,29.55,33.34,67.0,1001.0,3.67,283.0,Clouds,overcast clouds
jharsuguda,2026-07-14 04:39:25.907322,2,163.66,0.22,2.74,70.94,4.49,18.77,28.34,8.03,35.25,39.01,44.0,1002.0,2.3,300.0,Clouds,overcast clouds
jharsuguda,2026-07-14 07:02:23.382513,2,150.46,0.05,2.08,79.87,4.52,18.95,29.76,6.63,37.52,39.97,34.0,1000.0,2.33,268.0,Clouds,overcast clouds
jharsuguda,2026-07-14 09:44:43.468520,2,145.37,0.06,1.57,88.27,3.77,16.29,24.8,6.64,34.3,37.4,45.0,998.0,4.84,167.0,Clouds,overcast clouds
jharsuguda,2026-07-14 11:16:28.376733,2,151.64,0.04,1.96,85.1,3.5,14.89,23.23,8.25,34.61,37.39,43.0,998.0,2.54,198.0,Rain,light rain
jharsuguda,2026-07-14 13:03:28.418020,2,171.7,0.0,3.06,76.31,2.88,13.61,22.1,12.8,32.16,35.7,54.0,999.0,3.47,154.0,Rain,moderate rain
jharsuguda,2026-07-14 15:15:30.531535,2,187.18,0.0,2.89,76.31,2.44,17.82,27.12,15.08,30.45,34.16,62.0,1001.0,0.93,215.0,Clouds,overcast clouds
jharsuguda,2026-07-14 17:00:59.191541,2,208.56,0.0,2.98,67.51,2.31,18.35,23.92,16.76,29.68,33.2,65.0,1002.0,0.84,84.0,Clouds,overcast clouds
jharsuguda,2026-07-14 18:59:39.353586,2,214.81,0.0,3.26,57.92,2.43,17.39,20.55,14.84,29.36,33.33,69.0,1001.0,0.9,149.0,Clouds,overcast clouds
jharsuguda,2026-07-14 20:11:07.992211,2,220.78,0.0,3.68,53.23,2.69,17.4,19.81,13.21,29.03,32.79,70.0,1001.0,1.12,197.0,Clouds,overcast clouds
jharsuguda,2026-07-14 21:45:30.448086,2,234.66,0.0,4.48,45.99,3.91,18.0,19.5,9.75,28.95,32.44,69.0,1001.0,1.44,318.0,Clouds,overcast clouds
jharsuguda,2026-07-14 22:45:20.933930,2,244.67,0.0,4.87,43.52,4.39,18.17,19.16,7.71,29.0,32.54,69.0,1001.0,1.15,349.0,Clouds,overcast clouds
jharsuguda,2026-07-14 23:41:18.932246,2,258.53,0.0,5.35,41.19,4.43,18.81,19.59,6.33,28.23,31.41,72.0,1002.0,1.19,46.0,Clouds,overcast clouds
jharsuguda,2026-07-15 01:15:41.955635,2,269.21,0.01,5.77,38.59,3.97,19.62,20.43,5.78,28.98,32.68,70.0,1002.0,1.32,29.0,Clouds,overcast clouds
jharsuguda,2026-07-15 04:39:14.765751,2,282.92,0.42,6.75,43.0,3.64,19.16,20.29,5.74,29.6,33.87,69.0,1003.0,1.29,181.0,Clouds,overcast clouds
jharsuguda,2026-07-15 07:05:40.630228,2,248.8,0.22,4.63,57.89,3.24,19.93,21.04,6.92,30.17,34.25,65.0,1002.0,3.26,197.0,Clouds,overcast clouds
jharsuguda,2026-07-15 09:48:29.007680,2,177.7,0.09,2.42,75.0,2.6,15.68,17.15,7.41,31.71,36.12,59.0,1000.0,4.72,236.0,Clouds,overcast clouds
jharsuguda,2026-07-15 11:20:18.093598,2,168.54,0.03,2.42,75.63,2.62,15.19,17.51,8.07,31.04,35.18,61.0,1000.0,4.95,220.0,Clouds,overcast clouds
jharsuguda,2026-07-15 13:07:03.562447,2,179.56,0.0,3.49,68.04,3.87,15.35,19.66,12.17,27.12,30.21,82.0,1001.0,3.63,212.0,Clouds,overcast clouds
jharsuguda,2026-07-15 15:16:54.668145,2,256.1,0.0,5.39,46.07,3.28,16.76,19.91,11.55,27.08,30.22,83.0,1003.0,2.85,275.0,Clouds,overcast clouds
jharsuguda,2026-07-15 17:03:36.823681,2,249.65,0.0,4.68,47.74,2.5,16.11,19.37,10.83,25.62,26.59,90.0,1003.0,5.37,231.0,Clouds,overcast clouds
jharsuguda,2026-07-15 18:53:07.679965,2,259.31,0.0,5.05,42.72,3.42,16.7,19.98,11.23,25.38,26.3,89.0,1003.0,1.18,188.0,Clouds,overcast clouds
jharsuguda,2026-07-15 20:00:59.909068,2,274.05,0.0,5.61,37.19,4.12,17.22,20.15,10.62,25.37,26.31,90.0,1002.0,0.88,214.0,Clouds,overcast clouds
jharsuguda,2026-07-15 21:45:36.106511,2,300.78,0.0,6.6,29.8,5.24,18.91,21.81,11.18,25.18,26.1,90.0,1002.0,1.48,214.0,Clouds,overcast clouds
jharsuguda,2026-07-15 22:46:38.873315,2,304.55,0.0,6.82,29.68,5.74,19.59,22.07,9.78,25.42,26.34,89.0,1002.0,1.48,211.0,Clouds,overcast clouds
jharsuguda,2026-07-15 23:48:10.536962,2,301.11,0.0,6.86,31.64,5.69,19.99,21.76,8.04,25.11,26.05,91.0,1002.0,1.6,197.0,Clouds,overcast clouds
jharsuguda,2026-07-16 01:25:09.028655,2,293.65,0.01,6.83,34.19,5.11,19.99,21.18,6.47,25.45,26.37,89.0,1003.0,1.37,212.0,Clouds,overcast clouds
jharsuguda,2026-07-16 04:49:11.630731,2,273.38,0.67,5.17,41.86,2.21,19.27,20.22,5.22,30.62,35.52,66.0,1003.0,2.87,217.0,Clouds,overcast clouds
jharsuguda,2026-07-16 07:14:09.168072,3,258.31,0.53,3.37,60.89,1.68,27.28,27.93,4.56,30.75,36.1,67.0,1002.0,3.38,236.0,Clouds,overcast clouds
jharsuguda,2026-07-16 09:54:34.494543,3,253.34,0.18,3.58,68.31,1.66,27.48,28.04,5.7,31.92,37.5,62.0,1000.0,3.2,224.0,Clouds,overcast clouds
jharsuguda,2026-07-16 11:25:56.594573,3,264.76,0.21,4.22,64.54,1.79,26.71,27.31,6.16,30.38,35.46,68.0,1000.0,4.19,209.0,Clouds,overcast clouds
jharsuguda,2026-07-16 13:15:51.556613,3,298.19,0.01,5.37,61.0,2.01,35.86,36.5,4.57,27.61,31.41,82.0,1001.0,4.71,230.0,Clouds,overcast clouds
jharsuguda,2026-07-16 15:24:51.327384,3,302.75,0.0,7.14,47.32,2.54,25.45,26.14,4.37,25.75,26.73,90.0,1003.0,3.46,236.0,Clouds,overcast clouds
jharsuguda,2026-07-16 17:01:29.060253,2,277.46,0.0,7.03,46.16,2.86,18.95,19.56,3.96,25.18,26.18,93.0,1003.0,4.1,223.0,Clouds,overcast clouds
jharsuguda,2026-07-16 18:53:57.746820,2,249.62,0.0,5.58,48.34,2.14,15.27,15.62,3.72,24.95,25.9,92.0,1002.0,3.18,205.0,Clouds,overcast clouds
jharsuguda,2026-07-16 19:55:10.152004,2,240.87,0.0,5.08,48.45,1.92,13.99,14.27,3.51,25.04,26.0,92.0,1002.0,2.78,218.0,Rain,moderate rain
jharsuguda,2026-07-16 20:44:12.490823,2,236.07,0.0,4.86,47.5,1.73,13.15,13.39,3.3,25.32,26.31,92.0,1001.0,3.24,235.0,Rain,moderate rain
jharsuguda,2026-07-16 21:54:26.959117,2,234.21,0.0,4.9,45.74,1.59,12.84,13.06,3.27,25.16,26.16,93.0,1001.0,3.53,239.0,Rain,light rain
jharsuguda,2026-07-16 22:46:55.631924,2,233.92,0.0,5.08,43.21,1.46,12.83,13.07,3.41,24.91,25.91,94.0,1002.0,3.35,235.0,Clouds,overcast clouds
jharsuguda,2026-07-16 23:47:32.370902,2,233.64,0.0,5.28,40.46,1.34,12.86,13.11,3.53,24.87,25.87,94.0,1002.0,3.36,227.0,Rain,moderate rain
jharsuguda,2026-07-17 01:28:02.775992,2,233.53,0.01,5.5,37.71,1.29,12.65,12.98,3.62,25.15,26.1,91.0,1003.0,3.92,234.0,Clouds,overcast clouds
jharsuguda,2026-07-17 04:52:15.214867,2,237.37,0.47,6.53,32.89,1.18,12.29,12.78,3.03,28.35,32.48,77.0,1004.0,5.06,242.0,Rain,light rain
jharsuguda,2026-07-17 07:09:04.398874,2,247.2,0.78,5.87,38.6,1.04,13.59,14.0,3.02,28.26,32.26,77.0,1003.0,5.76,245.0,Clouds,overcast clouds
jharsuguda,2026-07-17 09:45:02.747066,2,255.15,0.24,5.68,47.12,1.15,16.45,16.87,3.85,30.02,34.85,69.0,1001.0,6.34,242.0,Clouds,overcast clouds
jharsuguda,2026-07-17 11:13:30.683623,2,259.13,0.1,6.01,46.22,1.23,16.54,16.98,4.08,29.55,34.19,71.0,1001.0,6.31,243.0,Clouds,overcast clouds
jharsuguda,2026-07-17 13:00:29.007199,2,280.95,0.01,7.34,42.61,1.51,17.52,18.02,4.09,28.54,32.76,76.0,1001.0,4.49,237.0,Rain,light rain
jharsuguda,2026-07-17 14:44:54.635789,2,306.02,0.0,8.06,34.28,1.81,15.71,16.78,5.94,26.66,26.66,86.0,1003.0,3.62,227.0,Clouds,overcast clouds
jharsuguda,2026-07-17 16:07:25.328634,2,318.38,0.0,8.37,32.44,2.02,16.9,18.01,6.08,26.41,26.41,87.0,1003.0,3.69,223.0,Clouds,overcast clouds
jharsuguda,2026-07-17 17:56:54.891223,2,327.91,0.0,7.86,33.11,2.34,18.68,19.57,5.71,25.59,26.55,90.0,1003.0,4.14,229.0,Clouds,overcast clouds
jharsuguda,2026-07-17 18:55:57.618305,2,320.16,0.0,7.23,34.78,2.35,19.04,19.67,5.31,24.97,25.9,91.0,1003.0,3.94,224.0,Clouds,overcast clouds
jharsuguda,2026-07-17 19:57:29.008166,2,309.52,0.0,6.58,36.34,2.19,19.07,19.51,4.82,24.58,25.52,93.0,1002.0,3.86,225.0,Rain,moderate rain
jharsuguda,2026-07-17 20:45:56.925114,2,295.43,0.0,6.08,37.7,1.92,18.25,18.57,4.32,24.38,25.33,94.0,1002.0,3.54,225.0,Clouds,overcast clouds
jharsuguda,2026-07-17 21:40:35.276875,2,277.1,0.0,5.67,39.23,1.64,16.81,17.07,3.84,24.37,25.32,94.0,1002.0,3.14,227.0,Clouds,overcast clouds
jharsuguda,2026-07-17 22:37:39.482122,2,261.21,0.0,5.49,39.25,1.44,15.56,15.8,3.78,24.22,25.18,95.0,1002.0,2.89,224.0,Clouds,overcast clouds
jharsuguda,2026-07-17 23:41:35.503452,2,246.01,0.0,5.32,38.79,1.27,14.33,14.57,3.77,24.21,25.17,95.0,1003.0,2.71,222.0,Clouds,overcast clouds
jharsuguda,2026-07-18 01:19:55.251515,2,232.38,0.0,5.07,38.27,1.12,13.1,13.38,3.69,24.88,25.83,92.0,1003.0,3.24,227.0,Clouds,overcast clouds
jharsuguda,2026-07-18 04:37:38.563872,2,211.12,0.42,5.38,34.35,0.92,11.07,11.45,3.2,29.08,33.69,74.0,1004.0,3.79,237.0,Clouds,overcast clouds
jharsuguda,2026-07-18 06:52:22.029935,2,220.56,0.53,5.86,32.94,0.95,13.13,13.5,3.54,31.46,37.28,65.0,1001.0,4.32,246.0,Clouds,overcast clouds
jharsuguda,2026-07-18 08:30:36.140152,2,232.2,0.5,6.73,30.21,1.02,14.72,15.13,4.3,31.98,37.96,63.0,1000.0,4.38,247.0,Clouds,overcast clouds
jharsuguda,2026-07-18 10:08:22.693832,2,237.53,0.52,6.98,29.97,1.01,14.93,15.33,4.29,31.29,37.15,66.0,1000.0,4.26,253.0,Clouds,overcast clouds
jharsuguda,2026-07-18 11:43:23.870712,2,246.58,0.21,8.13,27.7,0.94,13.68,14.03,3.81,28.93,33.92,77.0,1000.0,4.0,258.0,Clouds,overcast clouds
jharsuguda,2026-07-18 12:46:13.654206,2,254.89,0.03,8.75,25.22,0.93,13.19,13.6,4.01,27.46,31.42,85.0,1001.0,4.22,291.0,Clouds,overcast clouds
jharsuguda,2026-07-18 14:14:42.977353,2,214.16,0.0,6.06,40.09,1.22,10.49,11.22,6.94,26.44,26.44,91.0,1001.0,4.14,300.0,Rain,heavy intensity rain
jharsuguda,2026-07-18 15:43:26.684192,2,236.69,0.0,6.71,32.28,1.2,11.25,12.11,6.75,25.4,26.53,97.0,1003.0,4.5,299.0,Clouds,overcast clouds
jharsuguda,2026-07-18 16:42:49.011087,2,246.41,0.0,6.97,28.35,1.11,11.63,12.5,7.0,25.01,26.13,98.0,1002.0,3.54,306.0,Clouds,overcast clouds
jharsuguda,2026-07-18 17:45:30.560273,2,251.86,0.0,7.21,24.63,0.98,11.68,12.47,7.0,25.39,26.52,97.0,1003.0,3.26,236.0,Clouds,overcast clouds
jharsuguda,2026-07-18 18:43:58.762321,2,253.21,0.0,7.48,21.13,0.83,11.5,12.16,7.01,25.19,26.22,94.0,1003.0,3.38,231.0,Clouds,overcast clouds
jharsuguda,2026-07-18 19:58:12.343309,2,254.07,0.0,7.81,18.33,0.73,11.21,11.8,6.91,24.86,25.88,95.0,1003.0,3.3,237.0,Clouds,overcast clouds
jharsuguda,2026-07-18 20:41:38.960890,2,252.86,0.0,7.9,16.87,0.67,10.6,11.11,6.48,24.69,25.7,95.0,1002.0,3.11,229.0,Clouds,overcast clouds
jharsuguda,2026-07-18 21:39:11.561272,1,245.52,0.0,7.5,17.87,0.63,9.62,10.09,6.11,24.75,25.76,95.0,1002.0,3.45,229.0,Clouds,overcast clouds
jharsuguda,2026-07-18 22:37:27.139832,1,239.1,0.0,6.99,19.54,0.62,8.78,9.26,6.26,24.76,25.75,94.0,1002.0,3.57,231.0,Clouds,overcast clouds
jharsuguda,2026-07-18 23:41:30.541693,1,234.9,0.0,6.67,20.43,0.62,8.33,8.83,6.37,24.69,25.67,94.0,1003.0,3.22,231.0,Clouds,overcast clouds
jharsuguda,2026-07-19 01:25:50.836849,1,232.41,0.03,6.58,20.35,0.66,8.14,8.64,6.1,24.77,25.7,92.0,1003.0,2.98,228.0,Clouds,overcast clouds
jharsuguda,2026-07-19 04:59:28.505654,1,223.17,0.52,6.35,24.44,0.94,9.53,10.04,5.1,28.7,33.15,76.0,1004.0,3.75,202.0,Clouds,overcast clouds
jharsuguda,2026-07-19 07:26:14.986050,2,212.79,0.55,5.21,33.38,0.9,10.44,10.84,4.66,30.82,36.0,66.0,1002.0,3.62,205.0,Clouds,overcast clouds
jharsuguda,2026-07-19 09:43:05.795369,2,212.37,0.28,4.88,38.49,0.91,11.45,11.91,6.5,31.15,36.52,65.0,1001.0,3.76,220.0,Clouds,overcast clouds
jharsuguda,2026-07-19 11:03:11.677827,2,233.57,0.35,5.77,32.98,1.03,12.8,13.45,8.79,30.99,36.41,66.0,1001.0,3.64,219.0,Clouds,overcast clouds
jharsuguda,2026-07-19 12:49:25.437593,2,256.04,0.04,7.7,24.1,1.18,12.47,13.41,8.52,29.18,34.57,77.0,1001.0,2.56,195.0,Clouds,broken clouds
jharsuguda,2026-07-19 14:19:08.371165,2,236.52,0.0,6.25,30.87,1.18,10.76,12.05,10.1,27.83,31.97,82.0,1002.0,2.21,187.0,Clouds,overcast clouds
jharsuguda,2026-07-19 15:44:40.194352,2,261.56,0.0,6.67,24.72,1.21,12.12,13.91,9.66,27.31,31.02,85.0,1003.0,2.37,174.0,Clouds,overcast clouds
jharsuguda,2026-07-19 16:42:48.857605,2,266.81,0.0,6.59,23.34,1.18,12.31,13.85,8.74,27.21,30.87,86.0,1003.0,2.54,175.0,Clouds,overcast clouds
jharsuguda,2026-07-19 17:47:03.942657,2,263.81,0.0,6.3,22.9,1.09,12.1,13.33,8.01,27.14,30.69,86.0,1003.0,2.26,197.0,Clouds,overcast clouds
jharsuguda,2026-07-19 18:46:57.120959,2,251.58,0.0,5.71,23.21,0.97,11.21,12.11,7.33,26.36,26.36,88.0,1003.0,2.28,203.0,Clouds,overcast clouds
jharsuguda,2026-07-19 20:01:10.611621,2,247.69,0.0,5.37,21.89,0.88,10.52,11.33,7.34,26.28,26.28,89.0,1002.0,2.44,210.0,Clouds,overcast clouds
jharsuguda,2026-07-19 21:40:23.446083,1,245.36,0.01,5.0,18.1,0.72,9.41,10.14,7.39,25.81,26.8,90.0,1002.0,2.02,225.0,Clouds,overcast clouds
jharsuguda,2026-07-19 22:40:07.736898,1,240.49,0.01,4.86,16.95,0.65,8.8,9.48,7.13,25.8,26.79,90.0,1002.0,1.8,203.0,Clouds,overcast clouds
jharsuguda,2026-07-19 23:45:31.240326,1,231.48,0.01,4.7,16.76,0.6,8.08,8.68,6.64,25.63,26.62,91.0,1002.0,2.16,187.0,Clouds,overcast clouds
jharsuguda,2026-07-20 01:55:28.850289,1,209.23,0.09,4.29,18.51,0.67,6.61,7.28,5.5,27.01,30.05,83.0,1004.0,3.16,205.0,Clouds,overcast clouds
jharsuguda,2026-07-20 05:28:27.759250,1,167.2,0.36,3.98,25.45,0.89,4.64,5.2,4.49,29.71,34.8,72.0,1004.0,3.7,229.0,Clouds,overcast clouds
jharsuguda,2026-07-20 08:36:22.345314,1,166.02,0.32,3.67,35.92,0.88,5.7,6.25,5.77,31.68,36.92,62.0,1001.0,4.14,250.0,Clouds,overcast clouds
jharsuguda,2026-07-20 11:34:37.464810,1,225.76,0.35,6.37,24.61,1.21,8.73,9.86,9.29,29.97,35.21,71.0,1001.0,2.74,267.0,Rain,moderate rain
jharsuguda,2026-07-20 13:45:19.646424,2,257.08,0.0,9.02,24.48,1.34,13.35,14.63,7.99,28.28,32.47,78.0,1003.0,1.64,206.0,Rain,light rain
jharsuguda,2026-07-20 15:43:48.923379,2,294.69,0.01,9.52,19.05,1.27,14.29,15.68,7.26,27.72,31.55,81.0,1004.0,1.92,200.0,Rain,light rain
jharsuguda,2026-07-20 17:18:44.158465,2,301.22,0.01,9.2,18.27,1.19,14.11,15.31,6.6,27.47,30.94,81.0,1004.0,2.28,204.0,Clouds,overcast clouds
jharsuguda,2026-07-20 19:22:53.952854,2,279.46,0.0,7.5,19.47,0.9,12.63,13.25,5.33,25.6,26.59,91.0,1003.0,2.0,214.0,Rain,moderate rain
jharsuguda,2026-07-20 20:59:32.822340,2,263.83,0.0,6.07,17.11,0.76,11.01,11.48,5.46,26.41,26.41,87.0,1002.0,1.17,205.0,Rain,very heavy rain
jharsuguda,2026-07-20 21:59:09.465869,2,254.62,0.01,5.66,15.9,0.69,10.15,10.59,5.6,26.23,26.23,88.0,1002.0,1.35,241.0,Rain,very heavy rain
jharsuguda,2026-07-20 22:58:54.039073,1,242.89,0.01,5.42,15.07,0.64,9.32,9.76,5.61,25.79,26.77,90.0,1002.0,0.9,273.0,Rain,heavy intensity rain
jharsuguda,2026-07-20 23:55:14.305962,1,229.61,0.01,5.29,14.74,0.63,8.54,8.99,5.51,25.62,26.64,92.0,1002.0,0.86,309.0,Rain,moderate rain
jharsuguda,2026-07-21 01:25:29.074978,1,216.84,0.03,5.25,14.69,0.64,7.88,8.42,5.61,25.35,26.37,93.0,1003.0,0.82,170.0,Rain,light rain
jharsuguda,2026-07-21 04:57:19.693510,1,167.99,0.74,5.06,21.22,0.78,4.29,4.89,4.92,26.09,26.09,89.0,1004.0,2.09,194.0,Rain,light rain
jharsuguda,2026-07-21 07:29:08.689884,1,172.0,0.93,5.18,24.67,0.77,4.4,4.93,5.44,27.45,30.89,81.0,1003.0,1.51,214.0,Clouds,overcast clouds
jharsuguda,2026-07-21 10:13:03.584584,1,201.17,1.12,5.19,30.66,0.87,8.1,8.91,7.23,25.85,26.81,89.0,1002.0,1.93,222.0,Rain,moderate rain
jharsuguda,2026-07-21 12:18:15.267165,1,213.85,0.4,6.66,29.56,1.08,8.59,9.34,5.43,24.68,25.68,95.0,1002.0,3.02,245.0,Rain,light rain
jharsuguda,2026-07-21 14:54:10.691370,2,245.11,0.0,7.64,21.76,0.93,11.1,11.64,3.52,24.55,25.52,94.0,1004.0,2.93,189.0,Clouds,overcast clouds
jharsuguda,2026-07-21 16:14:00.523004,2,236.04,0.0,7.29,19.88,0.86,10.46,11.0,3.57,24.38,25.35,95.0,1004.0,3.02,197.0,Clouds,overcast clouds
jharsuguda,2026-07-21 18:07:58.032920,1,223.42,0.0,6.83,18.08,0.77,9.89,10.38,3.94,23.89,24.87,97.0,1004.0,1.87,217.0,Rain,moderate rain
jharsuguda,2026-07-21 20:12:17.225056,1,200.99,0.0,5.7,20.87,0.6,9.54,9.85,3.95,24.04,25.01,96.0,1002.0,3.44,227.0,Rain,moderate rain
jharsuguda,2026-07-21 21:53:11.086929,1,177.66,0.0,4.31,25.47,0.47,9.09,9.34,3.98,23.82,24.76,96.0,1002.0,3.55,226.0,Rain,light rain
jharsuguda,2026-07-21 22:43:42.991306,1,167.0,0.0,3.77,27.25,0.43,8.79,9.03,3.99,23.9,24.85,96.0,1002.0,3.9,220.0,Rain,moderate rain
jharsuguda,2026-07-21 23:47:02.137840,1,157.89,0.0,3.39,28.55,0.42,8.46,8.71,3.94,24.05,25.02,96.0,1002.0,3.97,237.0,Rain,moderate rain
jharsuguda,2026-07-22 01:24:06.966342,1,149.21,0.01,3.13,29.76,0.44,8.03,8.34,3.72,23.94,24.9,96.0,1003.0,3.87,228.0,Rain,moderate rain
jharsuguda,2026-07-22 04:56:56.495959,1,142.03,0.25,2.89,29.57,0.76,5.99,6.51,3.62,23.92,24.85,95.0,1004.0,4.73,219.0,Clouds,overcast clouds
jharsuguda,2026-07-22 07:30:29.410381,1,120.8,0.22,1.79,37.6,0.64,4.74,5.03,2.77,24.34,25.26,93.0,1002.0,4.51,203.0,Clouds,overcast clouds
jharsuguda,2026-07-22 10:12:55.618654,1,114.99,0.17,1.58,41.18,0.63,5.23,5.55,3.08,24.59,25.48,91.0,1002.0,5.1,201.0,Clouds,overcast clouds
jharsuguda,2026-07-22 12:20:37.260060,1,120.78,0.07,2.47,36.87,0.77,4.68,5.14,3.98,24.02,24.93,94.0,1002.0,4.63,194.0,Clouds,overcast clouds
jharsuguda,2026-07-22 14:54:24.575918,1,141.16,0.0,3.75,30.05,1.06,4.79,5.91,6.84,24.29,25.18,92.0,1004.0,4.2,221.0,Clouds,overcast clouds
jharsuguda,2026-07-22 16:13:19.716336,1,141.73,0.0,3.72,29.78,1.06,4.92,6.02,7.03,24.15,25.05,93.0,1005.0,3.91,212.0,Clouds,overcast clouds
jharsuguda,2026-07-22 18:00:53.077733,1,139.53,0.0,3.5,30.6,0.9,5.25,6.01,6.17,23.86,24.73,93.0,1004.0,5.31,194.0,Rain,moderate rain
jharsuguda,2026-07-22 20:05:19.465953,1,138.27,0.0,3.18,31.51,0.76,5.27,5.66,4.53,23.46,24.39,97.0,1003.0,5.29,203.0,Rain,light rain
jharsuguda,2026-07-22 21:55:41.636192,1,137.62,0.0,2.84,31.82,0.64,5.47,5.82,4.05,23.61,24.51,95.0,1002.0,4.81,207.0,Clouds,overcast clouds
jharsuguda,2026-07-22 22:52:27.011886,1,135.69,0.0,2.76,31.33,0.66,5.69,6.07,4.3,23.63,24.53,95.0,1002.0,4.69,211.0,Rain,light rain
jharsuguda,2026-07-22 23:53:32.473488,1,134.36,0.0,2.78,30.47,0.68,5.78,6.18,4.4,23.8,24.64,92.0,1003.0,4.46,211.0,Rain,light rain
jharsuguda,2026-07-23 01:44:01.116478,1,133.43,0.07,3.02,28.39,0.82,5.34,5.93,4.86,23.8,24.66,93.0,1004.0,4.31,196.0,Clouds,overcast clouds
jharsuguda,2026-07-23 05:14:38.556771,1,127.52,0.22,2.48,31.67,0.96,4.54,5.23,4.5,25.83,26.61,82.0,1005.0,5.77,219.0,Rain,light rain
jharsuguda,2026-07-23 08:08:43.630765,1,114.48,0.16,1.47,42.28,0.86,5.03,5.57,4.18,27.33,29.73,73.0,1003.0,6.35,255.0,Clouds,overcast clouds
jharsuguda,2026-07-23 10:58:04.693088,1,110.19,0.08,1.26,50.62,0.83,7.0,7.51,4.64,25.11,25.77,80.0,1003.0,5.45,264.0,Clouds,overcast clouds
jharsuguda,2026-07-23 12:21:16.674080,1,110.62,0.04,1.52,49.65,0.85,6.42,6.93,4.99,24.4,25.06,83.0,1004.0,4.45,266.0,Clouds,overcast clouds
jharsuguda,2026-07-23 14:59:53.276748,1,162.83,0.0,4.39,31.46,1.21,5.01,6.85,11.84,24.79,25.52,84.0,1005.0,3.33,254.0,Clouds,overcast clouds
jharsuguda,2026-07-23 16:26:18.737287,1,176.52,0.0,4.76,29.51,1.24,5.51,7.7,12.7,24.69,25.43,85.0,1005.0,2.89,244.0,Clouds,overcast clouds
jharsuguda,2026-07-23 18:06:31.741729,1,186.81,0.0,4.83,29.03,1.16,6.11,8.39,14.5,24.52,25.27,86.0,1005.0,1.73,213.0,Clouds,overcast clouds
jharsuguda,2026-07-23 20:07:06.492695,1,175.94,0.0,4.06,33.19,0.98,6.06,7.73,15.65,24.38,25.17,88.0,1003.0,1.78,211.0,Clouds,overcast clouds
jharsuguda,2026-07-23 21:55:24.383400,1,158.94,0.0,2.99,42.02,0.91,5.49,6.58,13.68,24.38,25.15,87.0,1003.0,1.47,197.0,Clouds,overcast clouds
jharsuguda,2026-07-23 22:45:27.933441,1,156.72,0.0,2.78,44.39,0.89,5.42,6.36,12.5,24.38,25.15,87.0,1003.0,2.02,204.0,Clouds,overcast clouds
jharsuguda,2026-07-23 23:48:38.666850,1,156.55,0.0,2.71,45.36,0.9,5.45,6.31,11.43,24.31,25.07,87.0,1003.0,2.07,205.0,Clouds,overcast clouds
jharsuguda,2026-07-24 01:28:15.912924,1,156.84,0.01,2.72,44.75,0.94,5.48,6.38,10.71,24.68,25.5,88.0,1004.0,1.58,214.0,Clouds,overcast clouds
jharsuguda,2026-07-24 04:59:11.575338,1,120.57,0.23,1.72,40.2,1.33,4.37,5.83,6.35,27.92,30.51,70.0,1005.0,4.93,249.0,Clouds,overcast clouds
jharsuguda,2026-07-24 07:29:39.861434,1,109.49,0.13,1.22,47.29,1.15,5.88,6.88,5.22,28.75,32.19,70.0,1003.0,4.27,251.0,Rain,light rain
jharsuguda,2026-07-24 10:05:40.162325,1,106.04,0.13,1.17,56.7,0.99,5.73,6.31,4.88,30.08,33.83,64.0,1000.0,5.96,254.0,Clouds,broken clouds
jharsuguda,2026-07-24 12:11:27.444019,1,122.57,0.05,2.43,52.85,1.32,6.58,7.3,7.92,29.18,32.93,69.0,1000.0,4.22,239.0,Clouds,broken clouds
jharsuguda,2026-07-24 14:42:53.821581,1,190.64,0.0,5.24,32.23,1.45,9.0,11.12,11.3,27.4,30.42,78.0,1002.0,2.66,216.0,Clouds,overcast clouds
jharsuguda,2026-07-24 18:10:00.170755,1,205.31,0.0,5.31,25.87,1.28,9.39,11.64,10.4,25.91,26.75,84.0,1003.0,2.38,235.0,Rain,light rain
jharsuguda,2026-07-24 20:09:26.076834,1,182.04,0.0,4.36,26.14,1.13,8.09,9.11,7.97,25.19,26.09,89.0,1002.0,2.36,263.0,Rain,heavy intensity rain
jharsuguda,2026-07-24 21:54:06.461152,1,170.01,0.0,3.77,27.38,0.83,7.11,7.71,6.69,24.74,25.67,92.0,1002.0,2.3,254.0,Rain,light rain
jharsuguda,2026-07-24 22:51:41.338400,1,166.37,0.0,3.54,28.25,0.74,6.75,7.27,6.36,24.51,25.44,93.0,1002.0,1.9,231.0,Rain,moderate rain
jharsuguda,2026-07-24 23:54:59.270739,1,163.75,0.0,3.42,28.64,0.72,6.53,7.02,6.13,24.54,25.5,94.0,1003.0,1.79,235.0,Rain,moderate rain
jharsuguda,2026-07-25 01:28:38.074261,1,162.71,0.01,3.38,28.23,0.78,6.53,7.04,5.86,25.46,26.36,88.0,1003.0,2.14,237.0,Rain,light rain
jharsuguda,2026-07-25 04:55:04.299737,1,153.07,0.46,4.15,29.79,1.2,8.71,9.12,3.65,31.21,36.1,63.0,1003.0,4.0,262.0,Clouds,scattered clouds
jharsuguda,2026-07-25 07:09:10.272766,2,168.12,0.84,4.39,33.06,1.17,10.44,10.79,3.56,33.47,38.9,55.0,1001.0,4.05,273.0,Clouds,broken clouds
jharsuguda,2026-07-25 09:26:05.729720,2,178.4,0.5,4.06,40.16,1.21,12.5,12.78,3.35,32.9,38.24,57.0,999.0,4.03,271.0,Rain,light rain
jharsuguda,2026-07-25 11:00:39.680786,2,189.11,0.21,3.31,46.84,1.22,16.06,16.43,4.38,30.19,35.25,69.0,999.0,4.74,291.0,Rain,moderate rain
jharsuguda,2026-07-25 12:03:54.015578,2,190.74,0.11,3.52,46.28,1.2,15.86,16.3,4.8,28.28,32.31,77.0,1000.0,4.06,323.0,Rain,light rain
jharsuguda,2026-07-25 14:27:04.369704,1,181.26,0.0,4.55,39.39,1.23,9.04,10.09,9.25,27.9,31.56,78.0,1001.0,2.87,289.0,Rain,light rain
jharsuguda,2026-07-25 15:56:46.652228,2,228.77,0.0,5.92,27.14,1.8,11.2,13.03,10.55,26.85,29.85,85.0,1001.0,3.05,255.0,Rain,heavy intensity rain
jharsuguda,2026-07-25 16:43:38.661439,2,254.15,0.01,6.54,22.01,2.21,12.04,14.0,10.97,26.34,26.34,86.0,1001.0,2.89,261.0,Rain,light rain
jharsuguda,2026-07-25 17:48:25.928365,2,274.5,0.02,6.98,17.98,2.5,12.67,14.56,11.75,26.49,26.49,86.0,1001.0,2.31,267.0,Rain,light rain
jharsuguda,2026-07-25 18:49:17.569662,2,283.66,0.02,7.08,15.11,2.83,12.76,14.39,12.21,27.23,30.37,81.0,1001.0,2.54,353.0,Clouds,overcast clouds
jharsuguda,2026-07-25 20:04:29.247118,2,287.05,0.03,7.02,13.46,3.08,12.62,14.1,11.86,27.01,29.95,82.0,1000.0,2.49,9.0,Rain,heavy intensity rain
jharsuguda,2026-07-25 21:43:09.962124,2,267.82,0.02,6.78,13.88,2.75,12.03,12.98,9.72,26.57,26.57,84.0,999.0,2.49,16.0,Rain,heavy intensity rain
jharsuguda,2026-07-25 22:42:53.851670,2,261.62,0.01,6.91,14.09,2.28,12.0,12.71,8.46,26.17,26.17,85.0,1000.0,2.64,23.0,Rain,heavy intensity rain
jharsuguda,2026-07-25 23:49:56.433054,2,254.72,0.01,7.01,14.8,1.87,11.8,12.34,7.25,26.26,26.26,86.0,1000.0,2.58,16.0,Rain,moderate rain
jharsuguda,2026-07-26 01:42:29.599467,2,243.86,0.11,7.1,15.95,1.56,11.69,12.32,5.82,28.35,32.31,76.0,1001.0,2.98,354.0,Rain,light rain
jharsuguda,2026-07-26 05:20:13.807458,2,226.93,0.43,8.22,22.06,1.64,13.78,14.45,4.28,32.6,37.54,57.0,1001.0,3.74,30.0,Rain,light rain
jharsuguda,2026-07-26 08:05:01.696618,2,206.14,0.28,7.15,37.49,1.85,14.36,14.83,3.62,34.1,39.31,52.0,998.0,2.34,2.0,Rain,light rain
jharsuguda,2026-07-26 10:27:17.579040,2,211.7,0.23,7.4,39.96,2.31,14.27,14.82,4.76,31.81,37.54,63.0,998.0,2.01,271.0,Rain,light rain
jharsuguda,2026-07-26 11:54:03.682247,2,233.91,0.1,7.7,32.52,1.97,13.53,14.13,5.54,30.58,36.22,69.0,998.0,1.2,282.0,Rain,light rain
jharsuguda,2026-07-26 12:54:42.255846,2,244.72,0.02,7.52,28.35,1.51,12.92,13.59,5.7,29.21,34.01,74.0,998.0,0.32,136.0,Rain,moderate rain
jharsuguda,2026-07-26 14:22:59.248630,2,234.83,0.0,5.84,33.1,1.47,15.96,16.88,7.53,27.63,31.19,80.0,999.0,0.64,162.0,Rain,light rain
jharsuguda,2026-07-26 15:53:41.339264,2,251.44,0.0,5.42,28.21,1.11,15.74,17.02,8.22,27.17,30.33,82.0,1000.0,1.32,213.0,Rain,light rain
jharsuguda,2026-07-26 16:44:43.633101,2,260.39,0.0,5.43,26.01,1.04,15.99,17.41,8.41,27.07,30.09,82.0,1000.0,0.76,217.0,Rain,light rain
jharsuguda,2026-07-26 17:54:18.560567,2,269.67,0.0,5.75,23.79,1.14,16.75,18.18,8.56,26.82,29.6,83.0,1000.0,1.18,270.0,Rain,light rain
jharsuguda,2026-07-26 18:54:00.944618,2,279.54,0.0,6.3,22.02,1.81,18.0,19.25,8.02,26.82,29.6,83.0,1000.0,0.67,281.0,Rain,light rain
jharsuguda,2026-07-26 20:04:07.200433,2,287.76,0.0,6.82,21.3,2.45,19.39,20.36,6.99,26.59,26.59,83.0,999.0,1.29,278.0,Rain,light rain
jharsuguda,2026-07-26 21:47:24.988451,2,275.65,0.0,6.7,24.47,2.5,19.26,19.75,4.9,25.7,26.57,86.0,998.0,0.7,259.0,Rain,light rain
jharsuguda,2026-07-26 22:48:40.597724,2,266.38,0.0,6.36,25.35,2.26,17.77,18.13,4.33,25.2,26.1,89.0,999.0,0.09,302.0,Rain,moderate rain
jharsuguda,2026-07-26 23:51:13.155004,2,251.4,0.0,5.88,26.05,1.83,15.14,15.42,3.79,25.76,26.61,85.0,1000.0,0.75,199.0,Clouds,broken clouds
jharsuguda,2026-07-27 01:49:29.893698,2,225.53,0.0,5.58,25.62,1.13,10.46,10.86,3.5,28.13,31.64,75.0,1001.0,1.16,233.0,Clear,clear sky
jharsuguda,2026-07-27 05:38:16.168809,1,238.07,0.48,7.27,26.58,1.24,9.28,9.95,4.56,32.75,37.25,55.0,1000.0,1.18,346.0,Rain,light rain
jharsuguda,2026-07-27 09:25:36.341654,2,224.47,0.5,4.23,56.41,1.05,11.01,11.5,4.17,32.87,37.52,55.0,997.0,1.84,303.0,Rain,moderate rain
jharsuguda,2026-07-27 12:49:00.034212,2,317.35,0.03,7.24,38.62,1.9,19.74,20.67,6.99,30.23,34.15,64.0,998.0,2.26,280.0,Clouds,broken clouds
jharsuguda,2026-07-27 15:36:07.823329,2,330.17,0.0,7.65,24.54,1.91,15.65,17.21,7.14,27.46,30.55,78.0,999.0,1.9,251.0,Rain,light rain
jharsuguda,2026-07-27 17:28:22.536463,2,321.01,0.0,7.99,23.6,1.96,14.37,15.73,6.48,26.95,29.72,81.0,999.0,1.66,248.0,Rain,moderate rain
jharsuguda,2026-07-27 19:09:06.344072,2,281.49,0.0,7.89,21.89,1.94,12.89,13.86,5.82,26.42,26.42,85.0,998.0,2.07,282.0,Rain,light rain
jharsuguda,2026-07-27 21:00:45.650027,2,253.77,0.0,7.65,19.81,1.94,11.5,12.18,5.67,26.48,26.48,84.0,997.0,2.15,320.0,Rain,light rain
jharsuguda,2026-07-27 22:09:41.887057,2,247.61,0.0,7.48,19.52,1.78,11.38,11.96,5.69,26.69,29.22,82.0,997.0,2.52,343.0,Rain,light rain
jharsuguda,2026-07-27 23:54:22.643497,2,231.48,0.0,7.19,21.6,1.38,10.78,11.22,4.74,27.16,29.79,77.0,997.0,2.96,3.0,Rain,light rain
jharsuguda,2026-07-28 01:23:41.066769,2,226.22,0.01,7.13,22.42,1.37,10.66,11.09,4.29,26.73,29.31,82.0,998.0,0.74,329.0,Clouds,overcast clouds
jharsuguda,2026-07-28 04:52:44.973448,2,231.82,0.46,7.48,23.39,1.8,12.84,13.41,3.65,30.86,35.82,65.0,999.0,2.56,5.0,Clouds,overcast clouds
jharsuguda,2026-07-28 07:30:45.907718,2,248.88,0.51,8.58,27.09,1.6,15.0,15.58,4.72,29.98,35.48,72.0,995.0,3.82,267.0,Rain,light rain
jharsuguda,2026-07-28 10:22:04.639234,2,266.41,0.52,9.5,25.92,1.51,15.51,16.12,5.27,28.79,33.37,76.0,995.0,3.6,276.0,Clouds,overcast clouds
jharsuguda,2026-07-28 12:29:34.410101,2,279.28,0.19,9.99,23.43,1.41,14.69,15.24,4.68,26.44,26.44,88.0,994.0,2.53,275.0,Rain,heavy intensity rain
jharsuguda,2026-07-28 15:10:26.673728,2,281.1,0.0,9.77,29.46,2.11,13.6,14.07,3.03,26.35,26.35,89.0,995.0,2.54,307.0,Clouds,overcast clouds
jharsuguda,2026-07-28 17:16:43.832792,2,274.2,0.0,9.62,25.35,1.82,12.29,12.71,2.81,25.16,26.13,92.0,996.0,2.03,280.0,Rain,moderate rain
jharsuguda,2026-07-28 19:04:20.751190,1,268.28,0.0,11.26,17.86,1.33,9.62,9.82,2.45,25.26,26.22,91.0,995.0,2.5,352.0,Rain,moderate rain
jharsuguda,2026-07-28 20:57:18.681401,1,252.05,0.0,10.84,16.41,1.09,8.18,8.32,2.25,25.88,26.8,87.0,994.0,4.45,16.0,Rain,light rain
jharsuguda,2026-07-28 21:57:05.180251,1,247.04,0.0,10.21,17.52,1.4,8.51,8.67,2.45,25.25,26.15,89.0,994.0,4.57,5.0,Rain,light rain
jharsuguda,2026-07-28 22:52:20.174026,1,242.3,0.0,9.56,18.42,1.76,8.97,9.15,2.8,24.9,25.85,92.0,993.0,5.85,16.0,Rain,moderate rain
jharsuguda,2026-07-28 23:49:41.246189,1,242.0,0.0,9.18,18.81,2.06,9.32,9.54,3.1,24.75,25.71,93.0,994.0,6.72,33.0,Rain,moderate rain
jharsuguda,2026-07-29 01:24:16.666952,1,247.65,0.01,9.14,18.59,2.53,9.7,10.01,3.29,24.83,25.77,92.0,995.0,5.68,32.0,Rain,light rain
jharsuguda,2026-07-29 04:57:42.529587,2,304.18,0.92,8.47,24.06,2.5,10.75,11.16,2.46,26.0,26.0,88.0,996.0,4.56,102.0,Rain,light rain
jharsuguda,2026-07-29 07:39:16.593187,2,321.93,0.53,7.29,31.03,1.61,11.29,11.59,2.68,26.12,26.12,85.0,994.0,5.46,107.0,Clouds,overcast clouds
jharsuguda,2026-07-29 10:27:53.063725,2,318.96,0.25,8.34,28.98,1.41,11.74,12.04,3.02,26.33,26.33,84.0,994.0,4.57,125.0,Clouds,overcast clouds
jharsuguda,2026-07-29 12:54:31.842832,2,297.32,0.02,9.6,27.81,1.43,13.42,13.81,3.2,24.38,25.3,93.0,996.0,4.28,166.0,Clouds,overcast clouds
jharsuguda,2026-07-29 15:03:39.212437,1,217.18,0.0,6.22,19.87,0.96,6.13,6.65,2.93,24.31,25.2,92.0,998.0,2.98,147.0,Clouds,overcast clouds
jharsuguda,2026-07-29 17:02:47.280444,1,196.91,0.0,5.14,21.92,0.87,5.24,5.67,2.52,24.42,25.32,92.0,998.0,2.68,132.0,Clouds,overcast clouds
jharsuguda,2026-07-29 18:53:33.477760,1,179.34,0.0,4.07,25.88,0.62,5.45,5.66,2.16,24.15,25.02,92.0,997.0,1.89,131.0,Clouds,broken clouds
jharsuguda,2026-07-29 20:07:07.271639,1,177.76,0.0,3.69,27.37,0.54,6.04,6.2,2.19,23.95,24.8,92.0,996.0,1.79,90.0,Clouds,overcast clouds
jharsuguda,2026-07-29 21:45:52.273878,1,181.14,0.0,3.33,28.5,0.42,7.27,7.43,2.46,24.37,25.24,91.0,996.0,1.82,65.0,Clouds,overcast clouds
jharsuguda,2026-07-29 22:47:02.653143,1,182.88,0.0,3.31,28.17,0.41,7.59,7.76,2.73,24.43,25.3,91.0,996.0,2.49,49.0,Clouds,overcast clouds
jharsuguda,2026-07-29 23:52:29.453764,1,183.25,0.0,3.33,27.59,0.42,7.5,7.7,2.91,24.4,25.27,91.0,996.0,2.26,55.0,Clouds,overcast clouds
jharsuguda,2026-07-30 01:17:27.847490,1,183.96,0.01,3.38,26.75,0.45,7.02,7.33,3.27,24.77,25.63,89.0,997.0,2.4,66.0,Clouds,overcast clouds
jharsuguda,2026-07-30 04:46:09.486593,1,174.61,0.26,2.7,36.69,0.59,4.64,5.05,3.18,27.02,29.78,80.0,998.0,4.0,108.0,Rain,light rain
jharsuguda,2026-07-30 07:26:17.803215,1,167.83,0.21,2.34,42.95,0.54,5.68,5.97,3.24,31.13,36.19,64.0,997.0,4.31,157.0,Rain,light rain
jharsuguda,2026-07-30 10:10:53.850673,1,158.94,0.14,2.13,47.3,0.45,5.92,6.22,3.41,31.22,36.4,64.0,995.0,3.81,174.0,Rain,light rain
jharsuguda,2026-07-30 12:22:31.862370,1,158.84,0.06,2.44,50.73,0.53,7.09,7.53,4.65,29.17,34.12,75.0,996.0,3.38,166.0,Rain,moderate rain
jharsuguda,2026-07-30 15:00:34.430013,1,210.22,0.0,3.83,39.71,0.92,8.36,9.4,5.89,26.9,29.79,83.0,998.0,3.17,188.0,Rain,light rain
jharsuguda,2026-07-30 16:27:59.782893,1,214.1,0.0,4.0,36.96,0.94,7.88,9.1,6.09,26.44,26.44,85.0,999.0,2.52,207.0,Clouds,overcast clouds
jharsuguda,2026-07-30 18:08:41.136699,1,217.72,0.0,4.31,32.95,0.97,6.74,8.05,6.31,25.67,26.56,87.0,999.0,1.85,204.0,Clouds,overcast clouds
jharsuguda,2026-07-30 20:11:06.070106,1,211.09,0.0,4.42,28.8,0.95,5.79,6.8,6.33,25.69,26.59,87.0,999.0,1.41,132.0,Clouds,overcast clouds
jharsuguda,2026-07-30 21:57:51.874759,1,208.41,0.0,4.53,25.22,0.98,5.66,6.57,6.34,25.66,26.61,89.0,999.0,1.3,127.0,Clouds,overcast clouds
jharsuguda,2026-07-30 22:59:52.180430,1,208.16,0.0,4.57,23.66,0.98,5.69,6.61,6.4,25.85,26.76,87.0,999.0,1.26,138.0,Clouds,overcast clouds
jharsuguda,2026-07-31 00:01:42.986382,1,208.08,0.0,4.62,22.28,1.01,5.78,6.72,6.41,25.41,26.36,90.0,999.0,1.36,114.0,Clouds,overcast clouds
jharsuguda,2026-07-31 04:15:48.814866,1,167.72,0.48,1.93,45.97,1.04,7.78,8.61,5.22,31.06,35.75,63.0,1001.0,3.27,163.0,Clouds,broken clouds
jharsuguda,2026-07-31 07:44:10.504763,2,135.41,0.12,0.91,63.89,0.59,10.53,10.96,3.99,32.49,37.6,58.0,999.0,4.26,193.0,Clouds,broken clouds
jharsuguda,2026-07-31 10:26:59.327239,1,133.29,0.06,1.31,57.95,0.58,6.8,7.19,4.4,32.25,37.67,60.0,998.0,4.41,202.0,Clouds,overcast clouds
jharsuguda,2026-07-31 12:50:08.152683,1,164.13,0.01,2.94,46.26,0.71,7.74,8.47,6.86,28.94,33.75,76.0,999.0,2.29,164.0,Clouds,overcast clouds
jharsuguda,2026-07-31 15:12:22.361884,2,208.72,0.0,4.31,40.54,1.01,11.26,12.44,7.61,28.12,32.08,78.0,1001.0,2.33,161.0,Rain,light rain
jharsuguda,2026-07-31 17:17:11.708660,2,240.62,0.0,5.69,31.98,1.33,14.38,15.94,7.9,27.67,31.42,81.0,1002.0,2.59,143.0,Rain,light rain
jharsuguda,2026-07-31 19:05:32.947876,2,245.8,0.0,7.12,24.21,1.71,13.32,14.57,7.39,27.03,30.2,84.0,1001.0,2.28,164.0,Rain,light rain
jharsuguda,2026-07-31 20:51:42.774081,2,244.69,0.0,8.06,18.69,1.95,11.88,13.06,7.54,26.7,29.4,84.0,1000.0,2.64,203.0,Rain,light rain
jharsuguda,2026-07-31 21:55:56.564240,2,242.62,0.0,8.02,17.28,1.89,11.38,12.63,7.72,26.53,26.53,85.0,1000.0,2.5,199.0,Rain,light rain
jharsuguda,2026-07-31 22:50:23.612122,2,240.4,0.0,7.71,16.3,1.72,10.88,12.23,8.05,26.01,26.01,86.0,1001.0,2.7,205.0,Clouds,overcast clouds
jharsuguda,2026-07-31 23:52:12.479073,2,237.15,0.01,7.25,15.72,1.5,10.22,11.66,8.34,25.54,26.42,87.0,1001.0,2.48,208.0,Clouds,broken clouds
jharsuguda,2026-08-01 01:45:34.659646,1,220.66,0.78,4.76,17.97,1.2,8.15,9.76,5.57,27.79,31.3,78.0,1003.0,3.99,218.0,Clouds,overcast clouds
jharsuguda,2026-08-01 05:16:59.748879,1,153.93,0.36,1.69,43.7,0.84,7.67,8.37,2.77,31.24,36.17,63.0,1002.0,3.83,231.0,Clouds,overcast clouds
jharsuguda,2026-08-01 08:00:29.699499,2,136.88,0.11,0.94,58.81,0.57,10.25,10.65,1.4,33.11,38.06,55.0,1000.0,3.22,221.0,Clouds,broken clouds
jharsuguda,2026-08-01 10:03:20.578698,1,147.08,0.05,1.62,54.09,0.65,9.87,10.41,1.77,32.31,37.49,59.0,999.0,3.77,215.0,Clouds,broken clouds
jharsuguda,2026-08-01 11:54:37.781359,2,186.65,0.03,3.24,41.75,0.86,12.05,13.05,2.19,30.02,35.33,71.0,1000.0,2.94,213.0,Rain,light rain
jharsuguda,2026-08-01 12:53:05.521616,2,198.3,0.01,3.78,37.51,0.89,12.36,13.51,2.01,28.65,33.4,78.0,1000.0,2.57,209.0,Rain,light rain
jharsuguda,2026-08-01 14:20:43.645883,1,187.17,0.0,3.99,32.32,0.89,9.38,10.51,1.84,27.84,31.85,81.0,1001.0,2.35,198.0,Rain,moderate rain
jharsuguda,2026-08-01 15:51:23.755374,1,197.78,0.0,4.28,26.67,0.87,9.17,10.64,1.78,27.7,31.5,81.0,1003.0,1.99,214.0,Rain,light rain
jharsuguda,2026-08-01 16:45:43.556876,1,202.25,0.0,4.32,23.91,0.83,9.03,10.63,1.79,27.53,31.21,82.0,1003.0,2.18,238.0,Rain,light rain
jharsuguda,2026-08-01 17:50:44.569413,1,205.52,0.0,4.35,21.43,0.75,8.87,10.41,1.76,27.42,30.82,81.0,1002.0,1.8,239.0,Rain,light rain
jharsuguda,2026-08-01 18:52:00.862070,1,206.64,0.0,4.33,18.98,0.63,8.56,9.96,1.71,27.25,30.3,80.0,1003.0,1.9,230.0,Clouds,overcast clouds
jharsuguda,2026-08-01 20:04:16.406218,1,208.7,0.0,4.31,16.85,0.55,8.23,9.6,1.68,27.06,29.87,80.0,1002.0,1.67,234.0,Clouds,overcast clouds
jharsuguda,2026-08-01 21:43:08.920415,1,212.01,0.01,4.27,13.76,0.48,7.26,8.44,1.54,26.51,26.51,82.0,1002.0,2.24,244.0,Clouds,overcast clouds
jharsuguda,2026-08-01 22:43:09.300513,1,211.62,0.01,4.24,12.89,0.47,6.56,7.5,1.39,26.25,26.25,84.0,1002.0,2.07,236.0,Clouds,overcast clouds
jharsuguda,2026-08-01 23:46:41.222321,1,206.43,0.01,4.14,13.16,0.46,5.76,6.48,1.24,25.93,26.8,85.0,1002.0,2.16,244.0,Clouds,overcast clouds
jharsuguda,2026-08-02 01:30:55.957850,1,187.26,0.19,3.47,17.32,0.59,4.29,4.83,1.02,27.87,31.21,76.0,1004.0,2.87,242.0,Clouds,overcast clouds
jharsuguda,2026-08-02 05:15:35.350507,1,159.85,0.26,2.09,35.42,0.78,6.27,6.89,1.2,31.15,35.96,63.0,1004.0,3.7,244.0,Clouds,overcast clouds
jharsuguda,2026-08-02 08:02:08.855858,1,124.05,0.07,1.12,55.15,0.47,5.35,5.63,0.83,32.56,37.45,57.0,1001.0,3.41,233.0,Clouds,overcast clouds
jharsuguda,2026-08-02 10:24:08.507741,1,125.01,0.06,1.15,59.91,0.52,5.35,5.61,0.88,32.65,37.97,58.0,1000.0,3.11,237.0,Clouds,overcast clouds
jharsuguda,2026-08-02 11:52:46.219318,2,128.7,0.02,1.49,62.15,0.66,4.54,4.82,1.03,31.15,36.8,66.0,1001.0,3.13,224.0,Clouds,overcast clouds
jharsuguda,2026-08-02 12:54:30.598279,1,140.5,0.0,2.18,57.29,0.77,4.68,5.26,1.8,29.37,34.19,73.0,1001.0,2.57,216.0,Clouds,overcast clouds
jharsuguda,2026-08-02 14:22:50.819484,1,183.99,0.0,4.34,37.46,1.13,4.97,6.54,2.79,28.89,33.23,74.0,1002.0,2.45,206.0,Clouds,overcast clouds
jharsuguda,2026-08-02 15:51:45.789881,1,237.5,0.0,5.66,25.37,1.23,7.0,9.84,3.22,28.56,32.81,76.0,1003.0,2.07,193.0,Clouds,overcast clouds
jharsuguda,2026-08-02 16:44:31.798812,1,253.62,0.01,5.91,21.54,1.14,7.66,10.91,3.17,27.75,31.48,80.0,1003.0,1.82,192.0,Rain,light rain
jharsuguda,2026-08-02 17:51:50.473187,1,262.94,0.01,6.01,18.59,0.97,8.06,11.34,2.97,27.73,31.43,80.0,1003.0,1.78,215.0,Rain,light rain
jharsuguda,2026-08-02 18:52:10.693557,1,263.79,0.01,5.89,16.39,0.79,8.2,11.02,2.65,27.7,31.36,80.0,1002.0,1.33,240.0,Clouds,overcast clouds
jharsuguda,2026-08-02 20:04:30.897717,1,264.54,0.01,5.71,14.96,0.72,8.32,10.72,2.38,27.08,30.22,83.0,1002.0,1.39,247.0,Rain,light rain
jharsuguda,2026-08-02 21:43:39.644684,1,247.81,0.01,4.88,16.37,0.69,7.86,9.52,1.93,26.93,29.86,83.0,1002.0,1.84,249.0,Clouds,broken clouds
jharsuguda,2026-08-02 22:44:03.965809,1,240.14,0.01,4.59,16.64,0.71,7.63,9.1,1.81,26.32,26.32,86.0,1003.0,1.8,234.0,Rain,moderate rain
jharsuguda,2026-08-02 23:48:43.685036,1,235.71,0.01,4.42,16.34,0.73,7.5,8.92,1.76,25.48,26.43,90.0,1003.0,2.28,231.0,Rain,moderate rain
jharsuguda,2026-08-03 01:31:07.584089,1,231.45,0.18,4.22,15.82,0.8,7.69,9.84,2.1,28.12,32.24,79.0,1004.0,2.46,244.0,Rain,light rain
jharsuguda,2026-08-03 05:29:42.980908,1,142.95,0.14,2.38,40.16,1.3,6.08,6.97,0.9,31.98,37.96,63.0,1004.0,3.45,246.0,Rain,light rain
jharsuguda,2026-08-03 08:59:07.635091,2,161.11,0.26,2.63,46.02,1.28,10.31,10.95,1.02,32.94,38.67,58.0,1002.0,3.25,216.0,Rain,light rain
jharsuguda,2026-08-03 12:19:15.807375,2,187.15,0.11,4.11,43.2,1.56,14.24,15.0,1.2,31.81,38.17,65.0,1002.0,2.1,216.0,Clouds,overcast clouds
jharsuguda,2026-08-03 15:36:21.109760,1,199.33,0.0,5.42,30.62,1.54,6.44,7.75,1.59,29.09,33.51,73.0,1004.0,2.12,164.0,Clouds,overcast clouds
jharsuguda,2026-08-03 17:45:28.308944,1,212.05,0.0,5.34,25.54,1.35,6.54,7.59,1.34,28.68,33.1,76.0,1004.0,1.9,186.0,Clouds,overcast clouds
jharsuguda,2026-08-03 19:16:33.162260,1,210.08,0.0,5.04,23.74,1.12,6.13,6.86,1.15,27.99,31.77,78.0,1004.0,1.53,204.0,Clouds,overcast clouds
jharsuguda,2026-08-03 20:53:28.471925,1,197.31,0.0,4.18,23.34,0.74,5.01,5.39,0.94,27.74,31.19,78.0,1003.0,2.11,234.0,Rain,moderate rain
jharsuguda,2026-08-03 21:57:20.187952,1,191.39,0.0,3.89,23.06,0.62,4.69,5.02,0.94,27.4,30.65,80.0,1003.0,2.01,225.0,Clouds,overcast clouds
jharsuguda,2026-08-03 22:55:02.426440,1,191.12,0.0,3.78,21.73,0.55,4.68,5.02,1.04,27.36,30.56,80.0,1003.0,1.87,206.0,Clouds,overcast clouds
jharsuguda,2026-08-03 23:59:04.728115,1,193.45,0.0,3.76,20.21,0.53,4.81,5.19,1.14,27.42,30.7,80.0,1003.0,2.23,209.0,Clouds,overcast clouds
jharsuguda,2026-08-04 02:12:16.375291,1,202.71,0.06,3.98,17.4,0.67,5.31,6.12,1.34,28.71,33.17,76.0,1005.0,2.66,231.0,Clouds,overcast clouds
jharsuguda,2026-08-04 05:37:29.073893,1,186.45,0.38,2.74,31.7,0.82,6.8,7.5,1.21,32.72,38.47,59.0,1004.0,3.65,240.0,Clouds,overcast clouds
jharsuguda,2026-08-04 08:15:25.368305,1,157.12,0.14,1.97,51.51,0.65,8.89,9.32,0.8,34.29,40.13,53.0,1002.0,3.4,238.0,Rain,light rain
jharsuguda,2026-08-04 11:14:32.940995,2,170.51,0.09,2.97,50.02,1.0,10.16,10.79,1.45,33.3,39.55,58.0,1001.0,3.01,226.0,Clouds,broken clouds
jharsuguda,2026-08-04 13:43:01.982476,1,259.74,0.01,6.71,25.65,1.45,9.32,11.74,2.92,29.92,35.57,73.0,1002.0,2.38,205.0,Rain,moderate rain
jharsuguda,2026-08-04 16:05:08.708925,1,250.37,0.0,5.88,25.82,1.41,9.09,10.95,1.78,29.49,34.71,74.0,1003.0,2.56,201.0,Clouds,overcast clouds
jharsuguda,2026-08-04 18:21:52.105117,1,257.14,0.0,5.8,22.39,1.28,9.11,10.45,1.51,28.76,33.68,78.0,1003.0,2.71,213.0,Rain,light rain
jharsuguda,2026-08-04 20:17:17.166075,1,233.72,0.0,4.89,21.67,0.92,7.45,8.09,1.21,27.52,31.31,83.0,1001.0,2.72,231.0,Rain,moderate rain
jharsuguda,2026-08-04 22:02:41.730460,1,223.99,0.0,4.39,19.02,0.66,6.53,6.99,1.24,27.4,31.01,83.0,1001.0,2.27,209.0,Rain,light rain
jharsuguda,2026-08-04 23:53:35.205310,1,227.71,0.01,4.33,15.28,0.51,6.62,7.14,1.39,26.4,26.4,87.0,1001.0,2.75,209.0,Rain,light rain
jharsuguda,2026-08-05 01:25:28.125765,1,233.24,0.02,4.41,13.39,0.52,6.84,7.49,1.45,26.74,29.66,86.0,1002.0,2.85,220.0,Rain,light rain
jharsuguda,2026-08-05 04:53:40.281561,1,211.33,0.51,3.89,21.09,1.02,7.55,8.42,1.18,29.92,35.57,73.0,1002.0,3.44,267.0,Rain,light rain
jharsuguda,2026-08-05 07:31:12.829064,1,189.14,0.26,3.17,38.43,0.8,9.7,10.22,1.0,30.64,36.37,69.0,1001.0,3.5,255.0,Clouds,overcast clouds
jharsuguda,2026-08-05 10:23:20.932179,2,194.18,0.17,3.36,43.34,0.87,11.06,11.54,1.06,29.75,35.38,74.0,1000.0,3.17,268.0,Clouds,overcast clouds
jharsuguda,2026-08-05 12:46:17.274666,2,225.12,0.01,5.35,36.39,1.24,12.71,13.61,1.39,27.33,31.19,86.0,1001.0,1.82,226.0,Rain,light rain
jharsuguda,2026-08-05 15:06:48.338340,2,293.32,0.0,7.14,21.69,1.38,18.5,20.83,2.27,27.12,30.75,87.0,1003.0,1.91,189.0,Clouds,overcast clouds
jharsuguda,2026-08-05 17:17:41.767870,2,307.02,0.01,6.8,18.01,1.24,18.83,21.18,1.97,27.23,30.93,86.0,1003.0,1.98,204.0,Clouds,overcast clouds
jharsuguda,2026-08-05 19:11:28.992011,2,311.79,0.01,6.36,15.58,0.89,18.61,20.39,1.79,26.25,26.25,88.0,1002.0,2.0,209.0,Clouds,overcast clouds
jharsuguda,2026-08-05 20:55:31.834735,2,316.73,0.01,5.87,13.56,0.72,17.71,19.2,1.69,25.77,26.78,91.0,1001.0,2.04,211.0,Rain,light rain
jharsuguda,2026-08-05 22:04:42.544549,2,315.52,0.01,5.59,13.08,0.75,16.62,17.87,1.58,25.64,26.64,91.0,1001.0,1.78,229.0,Rain,light rain
jharsuguda,2026-08-05 23:45:58.657508,2,306.4,0.01,5.06,12.62,0.72,14.05,14.84,1.45,25.62,26.59,90.0,1001.0,1.88,241.0,Clouds,overcast clouds
jharsuguda,2026-08-06 01:22:44.783788,2,294.73,0.04,4.79,13.35,0.71,12.7,13.45,1.43,25.52,26.5,91.0,1002.0,1.78,222.0,Clouds,overcast clouds
jharsuguda,2026-08-06 04:53:55.293527,2,227.4,0.55,3.6,26.5,1.03,10.89,11.74,1.19,28.73,33.41,77.0,1003.0,2.76,229.0,Rain,light rain
jharsuguda,2026-08-06 07:31:34.463463,2,237.82,0.36,4.12,31.76,1.12,15.87,16.71,1.36,26.49,26.49,88.0,1001.0,2.68,198.0,Rain,moderate rain
jharsuguda,2026-08-06 10:25:23.193063,2,256.51,0.33,4.72,29.43,1.06,17.93,18.82,1.42,25.92,26.92,90.0,1000.0,2.34,169.0,Rain,light rain
jharsuguda,2026-08-06 12:50:22.192379,2,256.49,0.02,5.82,29.31,1.33,17.29,18.12,1.2,26.46,26.46,89.0,1001.0,2.18,171.0,Clouds,overcast clouds
jharsuguda,2026-08-06 15:05:11.966565,2,256.15,0.0,6.06,26.45,1.77,10.78,12.2,1.53,26.17,26.17,90.0,1002.0,2.1,188.0,Rain,light rain
jharsuguda,2026-08-06 23:48:08.952216,1,270.8,0.01,4.74,15.13,0.73,8.89,9.5,1.65,24.12,25.15,98.0,1000.0,2.85,192.0,Rain,moderate rain
jharsuguda,2026-08-07 02:02:03.543305,1,273.49,0.12,4.62,14.81,0.84,8.43,9.44,1.76,24.04,25.08,99.0,1001.0,2.96,217.0,Rain,moderate rain
jharsuguda,2026-08-07 04:46:30.803655,1,273.15,0.43,3.85,21.85,1.09,9.76,11.21,1.87,26.16,26.16,88.0,1001.0,4.33,231.0,Rain,light rain
jharsuguda,2026-08-07 06:03:46.957745,2,267.43,0.37,3.54,25.79,1.09,10.92,12.22,1.72,26.0,26.0,87.0,1001.0,4.56,220.0,Clouds,overcast clouds
jharsuguda,2026-08-07 08:05:06.773877,2,232.31,0.19,3.41,34.89,1.06,12.66,13.36,1.14,27.45,30.77,80.0,1000.0,4.78,225.0,Rain,light rain
jharsuguda,2026-08-07 09:48:51.493026,2,207.39,0.15,3.63,44.19,0.91,12.15,12.65,0.83,28.3,32.03,75.0,999.0,5.27,242.0,Clouds,overcast clouds
jharsuguda,2026-08-07 10:41:10.408511,2,189.28,0.07,3.6,49.37,0.88,11.47,11.93,0.74,27.75,31.08,77.0,999.0,5.04,240.0,Clouds,overcast clouds
jharsuguda,2026-08-07 11:37:04.884491,2,184.89,0.03,3.85,50.77,0.95,11.02,11.49,0.78,27.02,29.88,81.0,999.0,4.26,235.0,Clouds,overcast clouds
jharsuguda,2026-08-07 12:37:12.673610,2,193.12,0.0,4.32,49.33,1.15,11.52,12.1,1.04,25.78,26.69,87.0,1000.0,3.42,218.0,Clouds,scattered clouds
jharsuguda,2026-08-07 14:04:22.104120,2,258.92,0.0,6.84,33.17,1.65,18.26,19.35,1.53,25.13,26.05,90.0,1000.0,2.91,210.0,Clouds,broken clouds
jharsuguda,2026-08-07 15:42:42.586061,2,270.15,0.0,7.4,26.21,1.83,16.55,17.78,1.58,25.02,25.95,91.0,1002.0,3.0,203.0,Clouds,broken clouds
jharsuguda,2026-08-07 16:40:04.288589,2,274.12,0.0,7.3,23.76,1.73,15.57,16.82,1.55,24.84,25.78,92.0,1002.0,3.45,203.0,Clouds,broken clouds
jharsuguda,2026-08-07 17:39:14.360947,2,275.87,0.0,7.17,21.85,1.54,14.75,15.9,1.48,24.62,25.57,93.0,1001.0,3.52,196.0,Clouds,overcast clouds
jharsuguda,2026-08-07 18:37:39.799658,2,272.48,0.0,6.92,20.46,1.45,13.79,14.68,1.34,24.38,25.28,92.0,1001.0,2.72,195.0,Clouds,overcast clouds
jharsuguda,2026-08-07 19:42:49.082907,2,268.92,0.0,6.65,19.29,1.3,13.1,13.79,1.26,24.3,25.19,92.0,1001.0,3.12,203.0,Clouds,overcast clouds
jharsuguda,2026-08-07 20:27:48.990183,2,268.92,0.0,6.65,19.29,1.3,13.1,13.79,1.26,24.3,25.19,92.0,1001.0,3.12,203.0,Clouds,overcast clouds
jharsuguda,2026-08-07 21:27:35.724045,2,266.57,0.0,6.45,18.13,1.14,12.81,13.35,1.23,23.95,24.86,94.0,1000.0,2.98,204.0,Rain,light rain
jharsuguda,2026-08-07 22:23:52.574671,2,266.67,0.0,6.49,16.85,1.04,12.82,13.28,1.19,23.79,24.71,95.0,1000.0,2.22,203.0,Clouds,overcast clouds
jharsuguda,2026-08-07 23:23:50.940568,2,268.88,0.0,6.77,15.42,0.99,13.02,13.42,1.15,23.8,24.74,96.0,1000.0,1.61,194.0,Rain,moderate rain
jharsuguda,2026-08-08 00:45:32.556302,2,274.61,0.01,7.73,13.51,0.92,13.35,13.72,0.98,24.86,25.86,94.0,1001.0,2.75,180.0,Clouds,overcast clouds
jharsuguda,2026-08-08 02:48:53.994960,2,280.84,0.36,7.84,12.24,0.93,13.27,13.93,1.13,27.19,30.49,83.0,1002.0,3.42,196.0,Rain,light rain
jharsuguda,2026-08-08 04:02:55.683302,2,276.53,0.62,7.31,13.86,0.93,13.12,13.84,1.17,28.25,32.56,79.0,1002.0,3.18,206.0,Rain,light rain
jharsuguda,2026-08-08 05:34:22.991956,2,270.15,0.72,6.22,20.21,0.91,13.82,14.53,1.26,30.37,35.96,70.0,1001.0,3.87,220.0,Rain,light rain
jharsuguda,2026-08-08 06:32:13.351371,2,269.78,1.03,5.35,25.34,0.94,14.75,15.4,1.25,29.67,34.93,73.0,1000.0,3.52,221.0,Rain,light rain
jharsuguda,2026-08-08 07:39:55.494291,2,269.41,1.02,4.36,31.52,0.91,16.93,17.6,1.41,30.34,35.88,70.0,1000.0,3.02,219.0,Rain,light rain
jharsuguda,2026-08-08 08:26:29.384870,2,269.41,1.02,4.36,31.52,0.91,16.93,17.6,1.41,30.34,35.88,70.0,1000.0,3.02,219.0,Rain,moderate rain
jharsuguda,2026-08-08 09:26:06.953604,2,268.7,0.64,3.72,39.87,0.86,22.37,23.08,1.53,30.53,36.09,69.0,999.0,3.23,221.0,Rain,heavy intensity rain
jharsuguda,2026-08-08 10:19:42.948067,3,270.78,0.4,3.47,46.5,0.83,27.41,28.14,1.6,29.94,35.38,72.0,999.0,3.73,223.0,Rain,moderate rain
jharsuguda,2026-08-08 11:19:18.077757,3,275.13,0.34,4.07,45.87,0.83,26.66,27.35,1.56,29.5,34.73,74.0,999.0,3.43,220.0,Clouds,overcast clouds
jharsuguda,2026-08-08 12:22:48.067001,2,281.67,0.23,5.53,40.15,0.89,22.87,23.51,1.49,28.25,32.9,81.0,999.0,2.94,205.0,Rain,light rain
jharsuguda,2026-08-08 13:37:00.685870,2,306.02,0.0,6.7,29.1,1.17,16.79,17.59,1.27,25.64,26.66,92.0,1001.0,2.32,203.0,Clouds,overcast clouds
jharsuguda,2026-08-08 14:22:07.766421,2,306.02,0.0,6.7,29.1,1.17,16.79,17.59,1.27,25.64,26.66,92.0,1001.0,2.32,203.0,Rain,light rain
jharsuguda,2026-08-08 15:18:12.274077,2,321.78,0.0,7.41,24.09,1.27,16.75,17.64,1.32,25.57,26.58,92.0,1002.0,2.21,202.0,Clouds,overcast clouds
jharsuguda,2026-08-08 16:18:51.186075,2,334.78,0.01,8.26,19.28,1.33,16.46,17.35,1.34,25.54,26.55,92.0,1003.0,2.04,192.0,Clouds,overcast clouds
jharsuguda,2026-08-08 17:19:44.766086,2,343.98,0.01,8.9,16.16,1.34,16.28,17.16,1.39,25.46,26.46,92.0,1003.0,2.4,184.0,Rain,light rain
jharsuguda,2026-08-08 18:20:59.514570,2,344.75,0.02,9.18,14.51,1.26,16.09,16.87,1.42,25.18,26.18,93.0,1003.0,3.02,177.0,Clouds,overcast clouds
jharsuguda,2026-08-08 19:20:43.571196,2,335.66,0.01,8.94,14.31,1.1,15.71,16.33,1.39,25.3,26.31,93.0,1002.0,2.64,189.0,Rain,light rain
jharsuguda,2026-08-08 20:15:56.356277,2,319.13,0.01,8.34,15.32,0.99,15.26,15.77,1.31,25.12,26.14,94.0,1002.0,2.69,191.0,Clouds,overcast clouds
jharsuguda,2026-08-08 21:19:03.121311,2,298.49,0.01,7.55,16.82,0.93,14.66,15.09,1.21,24.83,25.85,95.0,1001.0,2.46,191.0,Rain,heavy intensity rain
jharsuguda,2026-08-08 22:16:14.048533,2,277.66,0.0,6.92,18.51,0.85,14.35,14.75,1.15,24.55,25.59,97.0,1001.0,2.48,190.0,Rain,moderate rain
jharsuguda,2026-08-08 23:17:13.334946,2,262.62,0.0,6.57,19.04,0.86,14.22,14.63,1.18,24.47,25.51,97.0,1001.0,2.26,178.0,Rain,light rain
jharsuguda,2026-08-09 00:49:15.677475,2,239.06,0.01,6.29,18.3,0.93,13.18,13.63,1.07,24.46,25.52,98.0,1002.0,1.69,199.0,Rain,light rain
jharsuguda,2026-08-09 02:56:07.122885,2,227.03,0.25,6.34,16.84,0.97,11.94,12.5,1.01,25.52,26.53,92.0,1003.0,2.37,198.0,Clouds,overcast clouds
jharsuguda,2026-08-09 04:10:01.508309,2,220.33,0.37,6.27,17.84,1.04,11.14,11.65,0.88,26.33,26.33,89.0,1003.0,2.81,205.0,Clouds,overcast clouds
jharsuguda,2026-08-09 05:40:06.039791,2,217.05,0.97,5.34,22.01,1.09,11.0,11.42,0.81,28.96,33.8,76.0,1002.0,3.43,208.0,Clouds,overcast clouds
jharsuguda,2026-08-09 06:36:05.734017,2,220.53,0.85,5.02,25.03,1.09,11.62,12.03,0.86,29.29,34.21,74.0,1001.0,3.36,189.0,Rain,light rain
jharsuguda,2026-08-09 07:43:59.381133,2,220.08,0.67,4.47,28.08,1.07,11.71,12.12,0.92,28.94,33.55,75.0,1001.0,3.48,189.0,Rain,light rain
jharsuguda,2026-08-09 08:29:00.446113,2,220.08,0.67,4.47,28.08,1.07,11.71,12.12,0.92,28.94,33.55,75.0,1001.0,3.48,189.0,Rain,light rain
jharsuguda,2026-08-09 09:28:03.947687,2,219.13,0.64,3.98,31.33,1.03,12.09,12.5,0.94,29.16,33.88,74.0,1000.0,3.31,195.0,Rain,light rain
jharsuguda,2026-08-09 10:21:19.670411,2,220.61,0.51,3.96,33.79,1.01,12.34,12.74,0.95,30.02,35.33,71.0,1000.0,3.39,199.0,Clouds,overcast clouds
jharsuguda,2026-08-09 11:19:57.844585,2,221.83,0.34,4.62,32.43,1.01,11.28,11.67,0.92,29.96,35.18,71.0,999.0,3.66,205.0,Clouds,overcast clouds
jharsuguda,2026-08-09 12:25:11.217240,2,222.54,0.16,5.71,30.15,1.05,10.17,10.53,0.85,29.17,34.33,76.0,1000.0,3.01,194.0,Rain,light rain
jharsuguda,2026-08-09 13:40:32.051584,1,197.41,0.0,5.14,32.43,1.23,9.71,10.35,1.29,26.21,26.21,91.0,1001.0,2.39,222.0,Rain,moderate rain
jharsuguda,2026-08-09 14:23:27.013112,1,197.41,0.0,5.14,32.43,1.23,9.71,10.35,1.29,26.21,26.21,91.0,1001.0,2.39,222.0,Rain,moderate rain
jharsuguda,2026-08-09 15:19:59.939723,1,208.88,0.0,5.52,30.36,1.33,9.96,10.77,1.4,26.09,26.09,91.0,1002.0,1.63,235.0,Rain,moderate rain
jharsuguda,2026-08-09 16:20:35.242742,1,216.89,0.0,5.8,28.8,1.34,9.99,10.96,1.48,26.01,26.01,91.0,1002.0,1.06,290.0,Rain,moderate rain
jharsuguda,2026-08-09 17:20:50.855322,1,221.94,0.0,5.87,27.36,1.3,9.93,11.07,1.55,25.74,26.8,93.0,1002.0,1.37,234.0,Rain,moderate rain
jharsuguda,2026-08-09 18:22:51.439670,1,220.48,0.0,5.73,26.03,1.18,9.73,10.88,1.55,25.71,26.71,91.0,1003.0,2.28,214.0,Rain,light rain
jharsuguda,2026-08-09 19:24:44.651248,1,211.86,0.0,5.36,24.98,1.0,9.26,10.27,1.46,25.32,26.34,93.0,1002.0,2.67,193.0,Rain,light rain
jharsuguda,2026-08-09 20:18:48.406089,1,201.41,0.0,4.89,24.54,0.85,8.68,9.57,1.36,24.98,26.01,95.0,1002.0,3.32,195.0,Rain,light rain
jharsuguda,2026-08-09 21:20:34.484369,1,190.27,0.0,4.42,24.36,0.72,8.05,8.84,1.28,24.59,25.61,96.0,1001.0,3.28,208.0,Clouds,overcast clouds
jharsuguda,2026-08-09 22:18:12.306056,1,180.53,0.0,4.03,24.11,0.64,7.45,8.18,1.24,24.48,25.52,97.0,1001.0,2.33,212.0,Clouds,overcast clouds
jharsuguda,2026-08-09 23:19:08.042722,1,174.44,0.0,3.81,23.33,0.6,6.96,7.69,1.29,24.36,25.38,97.0,1002.0,1.74,193.0,Rain,light rain
jharsuguda,2026-08-10 00:51:50.737642,1,167.13,0.04,3.66,21.46,0.63,6.08,6.89,1.35,25.17,26.14,92.0,1003.0,1.74,229.0,Clouds,overcast clouds
jharsuguda,2026-08-10 03:05:31.013704,1,153.98,0.61,3.07,25.03,0.94,5.57,6.46,1.21,27.39,30.74,81.0,1004.0,2.64,225.0,Clouds,overcast clouds
jharsuguda,2026-08-10 05:14:38.611914,1,135.77,0.48,2.88,36.34,1.32,7.04,7.56,0.65,29.75,34.9,72.0,1003.0,3.57,221.0,Clouds,overcast clouds
jharsuguda,2026-08-10 07:06:20.955620,2,138.87,0.28,2.31,47.17,1.53,10.29,10.73,0.61,31.08,36.63,66.0,1002.0,4.45,220.0,Clouds,overcast clouds
jharsuguda,2026-08-10 09:05:39.340433,2,141.44,0.16,1.77,58.16,1.48,12.88,13.29,0.67,30.72,36.3,68.0,1000.0,4.78,214.0,Rain,light rain
jharsuguda,2026-08-10 10:56:13.885289,2,154.45,0.08,2.21,60.76,1.69,15.53,16.06,0.97,30.38,35.72,69.0,999.0,5.17,226.0,Clouds,broken clouds
jharsuguda,2026-08-10 11:41:55.795820,2,162.09,0.02,2.67,60.05,1.82,15.83,16.39,0.98,29.26,34.56,76.0,1000.0,4.19,219.0,Rain,light rain
jharsuguda,2026-08-10 12:41:10.992877,2,181.7,0.0,3.53,52.64,2.01,16.01,16.94,1.46,26.81,29.66,84.0,1001.0,3.95,231.0,Rain,moderate rain
jharsuguda,2026-08-10 14:11:38.082647,2,182.29,0.0,3.86,43.87,1.91,10.23,11.53,1.47,26.73,29.55,85.0,1001.0,3.17,224.0,Rain,light rain
jharsuguda,2026-08-10 15:48:10.459487,2,200.11,0.0,4.28,35.5,1.55,10.05,11.91,1.75,26.34,26.34,87.0,1003.0,2.1,207.0,Clouds,overcast clouds
jharsuguda,2026-08-10 16:41:30.419192,2,209.97,0.0,4.47,31.57,1.32,10.15,12.44,1.92,26.33,26.33,87.0,1003.0,2.14,200.0,Rain,moderate rain
jharsuguda,2026-08-10 17:42:19.956055,2,215.21,0.0,4.53,28.85,1.12,10.08,12.55,1.98,25.5,26.53,93.0,1002.0,2.43,211.0,Clouds,overcast clouds
jharsuguda,2026-08-10 18:40:40.936778,1,215.23,0.0,4.43,27.53,0.95,9.92,12.25,1.98,24.7,25.73,96.0,1002.0,3.1,224.0,Clouds,overcast clouds
jharsuguda,2026-08-10 19:46:42.856017,2,218.44,0.0,4.39,26.16,0.89,10.1,12.28,2.02,24.48,25.52,97.0,1001.0,2.97,223.0,Rain,light rain
jharsuguda,2026-08-10 20:30:19.172220,2,222.85,0.0,4.39,25.05,0.93,10.55,12.67,2.05,24.48,25.52,97.0,1001.0,2.91,233.0,Rain,heavy intensity rain
jharsuguda,2026-08-10 21:30:45.944806,2,228.38,0.0,4.47,24.43,1.16,11.33,13.4,2.01,24.47,25.51,97.0,1001.0,2.26,209.0,Rain,heavy intensity rain
jharsuguda,2026-08-10 22:25:15.244239,2,228.38,0.0,4.47,24.43,1.16,11.33,13.4,2.01,24.47,25.51,97.0,1001.0,2.26,209.0,Rain,moderate rain
jharsuguda,2026-08-10 23:24:30.034242,2,234.01,0.0,4.58,24.23,1.37,12.33,14.42,1.92,24.48,25.52,97.0,1001.0,2.35,232.0,Rain,moderate rain
jharsuguda,2026-08-11 00:51:26.476043,2,237.06,0.07,4.74,24.96,1.72,14.73,16.81,1.74,24.93,25.93,94.0,1002.0,2.21,227.0,Clouds,overcast clouds
jharsuguda,2026-08-11 02:58:41.865648,2,224.97,0.94,3.47,32.03,2.27,17.84,20.14,1.59,27.9,31.85,80.0,1003.0,3.35,245.0,Clouds,overcast clouds
jharsuguda,2026-08-11 04:16:59.840425,2,164.54,0.47,2.35,51.68,2.65,16.83,18.24,0.21,28.82,33.45,76.0,1003.0,3.74,242.0,Rain,light rain
jharsuguda,2026-08-11 05:45:38.537101,2,136.29,0.13,1.29,63.56,2.08,14.95,15.87,0.1,30.43,35.84,69.0,1002.0,4.72,243.0,Rain,light rain
jharsuguda,2026-08-11 06:44:36.076514,2,131.9,0.11,1.08,66.97,1.81,13.92,14.72,0.11,31.27,36.81,65.0,1001.0,5.24,236.0,Rain,light rain
jharsuguda,2026-08-11 08:01:49.527256,2,127.84,0.1,0.92,69.45,1.58,12.75,13.44,0.17,31.45,36.67,63.0,1000.0,4.87,237.0,Clouds,overcast clouds
jharsuguda,2026-08-11 09:48:42.329825,2,130.14,0.1,1.07,71.57,1.55,11.39,12.03,0.49,31.7,36.97,62.0,999.0,4.37,235.0,Clouds,broken clouds
jharsuguda,2026-08-11 10:40:42.960414,2,139.22,0.1,1.45,70.19,1.75,12.17,12.94,0.86,31.14,36.49,65.0,999.0,4.15,230.0,Clouds,broken clouds
jharsuguda,2026-08-11 11:35:54.052987,2,147.81,0.07,1.95,67.48,1.84,12.34,13.23,1.22,29.97,35.21,71.0,999.0,3.06,220.0,Clouds,broken clouds
jharsuguda,2026-08-11 12:38:27.107807,2,164.87,0.02,2.89,59.27,1.88,12.74,13.98,2.04,28.66,32.87,75.0,1000.0,2.07,199.0,Clouds,scattered clouds
jharsuguda,2026-08-11 14:11:03.751817,2,243.97,0.0,5.66,37.75,2.24,19.49,23.02,4.71,27.87,31.21,76.0,1001.0,2.4,192.0,Clouds,broken clouds
jharsuguda,2026-08-11 15:48:25.283046,2,331.41,0.01,7.76,22.14,2.38,22.56,28.25,5.24,27.01,29.86,81.0,1003.0,2.41,205.0,Clouds,broken clouds
jharsuguda,2026-08-11 16:44:38.087311,2,357.02,0.02,8.03,18.03,2.32,22.77,28.37,4.21,26.8,29.39,81.0,1003.0,2.25,215.0,Rain,moderate rain
jharsuguda,2026-08-11 17:47:08.326114,2,361.37,0.03,7.76,16.83,1.96,21.73,26.47,3.15,26.47,26.47,82.0,1003.0,2.58,230.0,Clouds,overcast clouds
jharsuguda,2026-08-11 18:44:23.027252,2,330.28,0.02,6.66,19.56,1.48,18.72,22.0,2.27,26.78,29.51,83.0,1002.0,2.0,231.0,Rain,moderate rain
jharsuguda,2026-08-11 19:53:19.864102,2,303.89,0.01,5.8,20.76,1.17,15.85,18.21,1.84,25.76,26.66,87.0,1001.0,2.71,243.0,Rain,moderate rain
jharsuguda,2026-08-11 20:32:53.473658,2,276.29,0.01,5.06,21.94,0.95,13.1,14.83,1.64,24.97,25.92,92.0,1001.0,1.55,244.0,Rain,moderate rain
jharsuguda,2026-08-11 21:34:26.135974,2,242.88,0.0,4.25,24.64,0.74,10.34,11.6,1.55,24.67,25.65,94.0,1001.0,1.44,236.0,Rain,moderate rain
jharsuguda,2026-08-11 22:30:38.168434,1,238.72,0.0,4.14,22.92,0.61,9.76,11.03,1.68,25.04,26.0,92.0,1002.0,1.66,228.0,Rain,moderate rain
jharsuguda,2026-08-11 23:28:44.083246,1,238.72,0.0,4.14,22.92,0.61,9.76,11.03,1.68,25.05,26.01,92.0,1002.0,1.66,228.0,Rain,moderate rain
jharsuguda,2026-08-12 00:57:43.196794,2,250.57,0.08,4.28,18.91,0.62,10.45,12.17,1.97,25.86,26.77,87.0,1003.0,0.99,186.0,Clouds,overcast clouds
jharsuguda,2026-08-12 03:20:18.579662,2,257.14,0.83,3.41,22.76,0.97,12.2,14.85,2.49,27.62,31.04,79.0,1004.0,2.6,215.0,Clouds,overcast clouds
jharsuguda,2026-08-12 05:23:16.412925,1,163.33,0.25,1.67,52.26,1.37,9.91,10.86,0.92,30.58,35.95,68.0,1004.0,3.7,225.0,Rain,light rain
jharsuguda,2026-08-12 07:05:11.885887,2,141.44,0.15,1.08,60.62,1.01,10.21,10.79,0.86,32.14,37.72,61.0,1002.0,4.47,236.0,Rain,light rain
jharsuguda,2026-08-12 08:59:29.321008,1,124.61,0.07,1.11,58.8,0.71,6.51,6.92,0.87,33.03,40.03,66.0,1001.0,3.6,300.0,Haze,haze
jharsuguda,2026-08-12 10:02:39.873293,1,131.59,0.06,1.54,55.1,0.78,6.16,6.69,1.31,33.07,40.07,66.0,1001.0,4.12,300.0,Haze,haze
jharsuguda,2026-08-12 11:38:07.169439,1,166.61,0.09,3.29,45.06,1.09,7.5,8.6,2.49,30.26,36.2,72.0,1001.0,3.38,219.0,Rain,light rain
jharsuguda,2026-08-12 12:41:14.957774,1,181.54,0.02,4.09,40.9,1.19,8.02,9.36,2.57,28.39,33.1,80.0,1002.0,2.39,217.0,Rain,light rain
jharsuguda,2026-08-12 14:12:06.134301,1,188.28,0.0,4.68,37.48,1.13,7.1,8.31,1.45,27.74,31.6,81.0,1003.0,2.48,218.0,Clouds,overcast clouds
jharsuguda,2026-08-12 15:48:07.413643,1,222.76,0.0,5.4,30.08,1.15,7.82,9.68,1.83,27.34,30.74,82.0,1004.0,2.34,216.0,Clouds,overcast clouds
jharsuguda,2026-08-12 16:44:44.950154,1,230.03,0.0,5.3,28.09,1.08,7.83,9.65,1.75,27.12,30.42,84.0,1004.0,2.2,221.0,Rain,light rain
jharsuguda,2026-08-12 17:48:49.386891,1,228.03,0.0,4.97,26.72,0.92,7.39,8.76,1.55,26.17,26.17,88.0,1004.0,1.52,235.0,Clouds,overcast clouds
jharsuguda,2026-08-12 18:45:14.298444,1,219.62,0.0,4.48,25.47,0.77,6.66,7.53,1.32,26.98,29.79,81.0,1004.0,1.4,244.0,Clouds,overcast clouds
jharsuguda,2026-08-12 19:55:09.054625,1,217.53,0.0,4.15,23.57,0.69,6.29,6.91,1.25,26.65,26.65,82.0,1003.0,1.87,242.0,Rain,light rain
jharsuguda,2026-08-12 20:31:29.382084,1,218.19,0.0,3.97,21.72,0.65,6.16,6.66,1.21,25.98,25.98,87.0,1003.0,1.61,227.0,Rain,light rain
jharsuguda,2026-08-12 21:33:42.055305,1,219.77,0.0,3.9,19.93,0.61,6.25,6.7,1.21,25.35,26.32,91.0,1003.0,2.05,204.0,Rain,light rain
jharsuguda,2026-08-12 22:28:38.272985,1,219.77,0.0,3.9,19.93,0.61,6.25,6.7,1.21,25.35,26.32,91.0,1003.0,2.05,204.0,Clouds,overcast clouds
jharsuguda,2026-08-12 23:29:24.959886,1,222.27,0.0,3.97,18.48,0.61,6.56,6.97,1.18,25.09,26.08,93.0,1003.0,2.2,221.0,Rain,heavy intensity rain
jharsuguda,2026-08-13 00:58:52.146581,1,219.15,0.02,4.57,16.84,0.76,7.4,7.85,1.04,25.44,26.44,92.0,1004.0,3.28,193.0,Rain,heavy intensity rain
jharsuguda,2026-08-13 03:25:11.475109,1,216.0,0.77,5.11,16.42,1.32,9.38,10.18,1.0,26.03,26.03,100.0,1004.0,2.57,270.0,Rain,heavy intensity rain
jharsuguda,2026-08-13 05:27:06.329887,2,206.85,1.43,5.95,18.51,2.06,12.42,13.15,0.78,25.75,26.78,92.0,1004.0,2.7,226.0,Rain,very heavy rain
jharsuguda,2026-08-13 07:09:07.476254,2,211.74,1.59,6.31,21.11,2.34,14.76,15.52,0.9,26.03,26.03,100.0,1004.0,1.54,240.0,Rain,light rain
jharsuguda,2026-08-13 09:00:42.870375,2,196.8,0.84,5.8,29.83,2.41,12.83,13.48,0.91,26.03,26.03,100.0,1001.0,3.09,290.0,Clouds,overcast clouds
jharsuguda,2026-08-13 10:09:05.957694,2,187.94,0.58,5.61,35.1,2.43,10.18,10.75,0.86,27.03,31.95,100.0,1002.0,3.09,300.0,Clouds,overcast clouds
jharsuguda,2026-08-13 11:38:06.592078,1,179.14,0.17,6.57,39.62,2.83,7.02,7.54,0.92,27.03,31.95,100.0,1001.0,2.57,280.0,Rain,light rain
jharsuguda,2026-08-13 12:42:00.655243,1,182.96,0.02,6.85,40.18,2.78,6.74,7.37,1.23,26.03,26.03,100.0,1002.0,1.03,280.0,Clouds,overcast clouds
jharsuguda,2026-08-13 14:13:50.536956,1,193.16,0.0,6.76,38.99,2.78,7.34,8.27,1.76,26.03,26.03,100.0,1002.0,2.06,270.0,Rain,light rain
jharsuguda,2026-08-13 15:47:17.221097,2,239.33,0.0,8.59,26.99,4.17,12.31,13.85,2.07,26.03,26.03,100.0,1003.0,2.57,270.0,Rain,light rain
jharsuguda,2026-08-13 16:43:43.376712,2,245.39,0.0,8.3,26.33,4.49,12.21,13.71,1.83,26.03,26.03,100.0,1003.0,3.09,290.0,Clouds,overcast clouds
jharsuguda,2026-08-13 17:48:09.559315,2,249.41,0.0,8.14,25.48,4.57,12.35,13.77,1.58,25.33,26.37,94.0,1003.0,2.61,220.0,Rain,light rain
jharsuguda,2026-08-13 18:45:22.798998,2,248.27,0.0,7.99,24.1,4.84,12.52,13.69,1.38,25.02,26.06,95.0,1002.0,3.24,268.0,Rain,light rain
jharsuguda,2026-08-13 19:50:22.897262,2,251.04,0.0,8.02,22.48,4.85,12.88,13.93,1.32,24.77,25.81,96.0,1002.0,3.0,252.0,Rain,moderate rain
jharsuguda,2026-08-13 20:28:58.350652,2,251.04,0.0,8.02,22.48,4.85,12.88,13.93,1.32,24.78,25.82,96.0,1002.0,3.0,252.0,Rain,light rain
jharsuguda,2026-08-13 21:33:43.986520,2,257.61,0.0,8.17,19.33,3.86,14.08,15.01,1.29,24.32,25.37,98.0,1001.0,2.59,239.0,Rain,light rain
jharsuguda,2026-08-13 22:29:32.851681,2,257.61,0.0,8.17,19.33,3.86,14.08,15.01,1.29,24.31,25.36,98.0,1001.0,2.59,239.0,Clouds,overcast clouds
jharsuguda,2026-08-13 23:30:07.714221,2,244.02,0.0,7.59,21.57,2.99,13.88,14.45,0.89,24.21,25.25,98.0,1002.0,2.39,236.0,Rain,moderate rain
jharsuguda,2026-08-14 00:58:14.366321,2,223.53,0.0,6.64,25.54,2.72,12.56,13.02,0.7,24.83,25.85,95.0,1002.0,2.9,253.0,Rain,moderate rain
jharsuguda,2026-08-14 03:22:18.179209,2,208.09,0.14,5.98,26.53,2.37,11.43,11.99,0.69,27.03,31.26,94.0,1003.0,1.54,280.0,Rain,light rain
jharsuguda,2026-08-14 05:23:19.481249,2,203.88,0.38,5.88,27.87,2.25,10.69,11.26,0.7,27.33,30.95,84.0,1003.0,5.54,252.0,Rain,light rain
jharsuguda,2026-08-14 07:05:39.059896,2,211.46,0.31,6.24,31.73,2.46,11.12,11.63,0.79,27.03,31.95,100.0,1002.0,2.57,270.0,Rain,light rain
jharsuguda,2026-08-14 08:56:37.622235,2,227.67,0.24,6.58,31.84,2.26,12.35,12.89,0.96,30.03,37.03,100.0,1000.0,5.14,290.0,Rain,light rain
jharsuguda,2026-08-14 09:52:32.014851,2,232.65,0.18,6.73,32.09,2.12,12.67,13.2,0.96,28.76,33.3,76.0,999.0,6.78,268.0,Rain,heavy intensity rain
jharsuguda,2026-08-14 10:47:13.926132,2,237.21,0.14,7.39,31.96,2.07,12.48,12.98,0.91,27.03,31.95,100.0,1000.0,3.09,290.0,Rain,very heavy rain
jharsuguda,2026-08-14 11:35:50.753567,2,242.97,0.11,8.83,30.29,2.09,12.13,12.61,0.85,27.03,31.95,100.0,1000.0,1.54,270.0,Rain,heavy intensity rain
jharsuguda,2026-08-14 12:37:44.029485,2,248.36,0.04,10.13,27.87,2.05,12.05,12.56,0.83,27.03,31.26,94.0,1000.0,5.14,280.0,Clouds,overcast clouds
jharsuguda,2026-08-14 14:07:39.844505,2,249.09,0.0,7.47,28.85,2.67,12.04,13.01,1.22,26.03,26.03,100.0,1001.0,4.12,290.0,Rain,light rain
jharsuguda,2026-08-14 15:40:56.976089,2,246.14,0.0,7.42,26.45,2.7,11.76,12.9,1.24,26.03,26.03,100.0,1002.0,3.09,290.0,Clouds,overcast clouds
jharsuguda,2026-08-14 16:39:16.854148,2,240.13,0.0,7.25,25.31,2.44,11.54,12.76,1.29,26.03,26.03,100.0,1002.0,3.6,280.0,Clouds,overcast clouds
jharsuguda,2026-08-14 17:43:30.074885,2,231.37,0.0,7.13,24.0,2.16,11.11,12.28,1.29,24.55,25.59,97.0,1002.0,4.03,239.0,Clouds,overcast clouds
jharsuguda,2026-08-14 18:39:14.807775,2,219.89,0.0,7.03,22.55,1.94,10.47,11.47,1.21,24.1,25.05,95.0,1002.0,3.79,235.0,Rain,light rain
jharsuguda,2026-08-14 19:41:09.071646,1,209.67,0.0,6.95,20.86,1.82,9.88,10.74,1.11,24.02,24.96,95.0,1001.0,3.5,234.0,Clouds,overcast clouds
jharsuguda,2026-08-14 20:20:26.523478,1,209.67,0.0,6.95,20.86,1.82,9.88,10.74,1.11,24.03,24.97,95.0,1001.0,3.5,234.0,Clouds,overcast clouds
jharsuguda,2026-08-14 21:14:39.949321,1,200.49,0.0,6.95,18.98,1.79,9.38,10.13,1.01,24.01,24.95,95.0,1001.0,3.4,235.0,Clouds,overcast clouds
jharsuguda,2026-08-14 22:11:16.857582,1,193.35,0.0,7.24,17.11,1.89,8.9,9.43,0.84,23.92,24.87,96.0,1001.0,2.89,232.0,Rain,light rain
jharsuguda,2026-08-14 23:11:23.843453,1,188.92,0.0,7.71,15.12,1.67,8.46,8.81,0.73,23.95,24.91,96.0,1001.0,2.96,230.0,Rain,light rain
jharsuguda,2026-08-15 00:34:22.641088,1,188.4,0.03,8.71,11.96,1.24,8.13,8.42,0.7,24.25,25.24,96.0,1002.0,3.03,227.0,Clouds,overcast clouds
kendujhar,2026-05-21 19:17:08.261873,4,362.01,0.0,8.94,70.39,7.78,52.27,69.27,10.27,,,,,,,,
kendujhar,2026-05-21 20:03:42.216074,4,402.98,0.0,9.72,62.71,7.04,53.98,71.51,12.39,,,,,,,,
kendujhar,2026-05-21 20:38:25.104318,4,402.98,0.0,9.72,62.71,7.04,53.98,71.51,12.39,,,,,,,,
kendujhar,2026-05-24 09:50:36.425865,4,196.55,0.14,1.75,122.44,7.24,55.21,90.87,4.66,,,,,,,,
kendujhar,2026-05-24 11:06:57.098559,4,226.92,0.18,2.85,115.61,7.1,58.81,92.53,6.76,,,,,,,,
kendujhar,2026-05-24 12:57:06.129376,4,283.92,0.01,5.83,100.91,6.49,62.98,93.07,10.9,,,,,,,,
kendujhar,2026-05-24 14:21:54.950363,4,277.99,0.0,4.71,73.28,4.07,58.3,82.99,6.31,,,,,,,,
kendujhar,2026-05-24 14:50:55.458457,4,182.83,0.1,1.13,129.4,7.2,53.63,89.58,3.53,,,,,,,,
kendujhar,2026-05-24 15:54:20.853473,4,285.42,0.0,4.52,67.47,3.74,56.07,79.03,5.13,,,,,,,,
kendujhar,2026-05-24 16:50:56.215017,4,287.29,0.0,4.45,64.04,3.46,55.05,77.89,3.89,,,,,,,,
kendujhar,2026-05-24 17:51:18.483388,4,286.69,0.0,4.22,61.87,2.94,54.23,77.14,2.9,,,,,,,,
kendujhar,2026-05-24 18:59:28.412261,4,276.81,0.0,3.52,63.97,2.5,52.4,75.76,2.57,,,,,,,,
kendujhar,2026-05-24 20:05:40.099896,4,275.99,0.0,3.28,63.46,2.22,51.08,74.45,2.42,,,,,,,,
kendujhar,2026-05-24 21:44:55.922917,4,280.74,0.0,3.24,61.17,2.15,50.45,74.04,2.55,,,,,,,,
kendujhar,2026-05-24 22:46:03.170268,4,285.53,0.0,3.34,59.42,2.17,50.43,73.95,2.68,,,,,,,,
kendujhar,2026-05-24 23:50:53.250669,4,291.33,0.0,3.48,57.69,2.19,50.57,74.03,2.88,,,,,,,,
kendujhar,2026-05-25 02:11:18.469482,4,303.94,0.32,3.92,57.24,2.99,50.67,74.17,3.07,,,,,,,,
kendujhar,2026-05-25 07:01:24.852300,4,222.57,0.14,1.26,134.18,9.51,61.21,99.86,3.05,,,,,,,,
kendujhar,2026-05-25 11:42:07.260707,4,228.96,0.09,3.44,105.81,6.09,54.32,90.69,5.05,,,,,,,,
kendujhar,2026-05-25 14:31:14.214762,4,311.38,0.0,5.57,71.38,5.07,64.54,87.94,5.67,,,,,,,,
kendujhar,2026-05-25 16:58:17.204833,4,291.69,0.0,4.38,75.95,4.25,61.67,86.15,3.94,,,,,,,,
kendujhar,2026-05-25 18:24:12.058185,4,291.04,0.0,4.14,73.34,3.29,61.09,86.05,3.25,,,,,,,,
kendujhar,2026-05-25 20:18:32.003297,4,286.27,0.0,3.6,66.89,1.82,59.49,84.09,2.38,25.99,25.99,77.0,1004.0,2.21,165.0,Clouds,broken clouds
kendujhar,2026-05-25 22:01:06.863573,4,291.66,0.0,3.46,59.84,1.22,58.6,81.28,2.45,25.43,26.07,78.0,1004.0,1.58,162.0,Clouds,broken clouds
kendujhar,2026-05-25 23:55:29.484470,4,308.1,0.0,3.76,51.37,0.91,59.2,79.47,2.79,24.91,25.52,79.0,1005.0,2.3,181.0,Clouds,broken clouds
kendujhar,2026-05-26 00:46:45.434513,4,286.34,0.0,3.81,70.18,2.44,60.08,84.93,2.6,25.34,25.99,79.0,1005.0,2.3,142.0,Clouds,scattered clouds
kendujhar,2026-05-26 02:01:43.827452,4,328.96,0.41,4.0,46.93,1.04,59.25,80.13,3.13,31.1,33.41,53.0,1006.0,2.89,195.0,Clear,clear sky
kendujhar,2026-05-26 06:36:52.276134,4,218.06,0.19,1.64,125.21,9.4,65.92,98.9,2.29,40.5,39.16,17.0,1003.0,5.17,250.0,Clouds,scattered clouds
kendujhar,2026-05-26 10:40:28.525810,4,212.25,0.17,2.69,104.38,6.04,55.52,88.38,4.34,36.28,34.68,21.0,999.0,3.43,223.0,Clouds,broken clouds
kendujhar,2026-05-26 13:46:27.779134,4,273.58,0.0,4.91,81.14,3.38,55.87,81.25,6.8,29.85,29.52,40.0,1003.0,3.48,191.0,Clouds,few clouds
kendujhar,2026-05-26 17:19:55.807764,4,346.38,0.0,6.61,60.2,2.37,62.86,86.7,7.74,27.2,27.48,48.0,1005.0,1.38,199.0,Clouds,few clouds
kendujhar,2026-05-26 19:54:24.800229,4,369.65,0.0,6.6,46.16,1.24,63.85,85.11,5.81,25.39,25.71,66.0,1005.0,1.7,146.0,Clear,clear sky
kendujhar,2026-05-26 21:27:41.791565,4,369.64,0.0,6.25,43.91,1.06,62.83,83.43,5.17,25.07,25.43,69.0,1005.0,1.92,175.0,Clear,clear sky
kendujhar,2026-05-26 23:00:16.103125,4,361.49,0.0,5.71,41.68,0.91,59.28,78.43,5.55,24.14,24.57,75.0,1006.0,1.15,80.0,Clouds,few clouds
kendujhar,2026-05-27 00:07:16.928287,4,361.4,0.0,5.7,41.25,0.93,57.95,76.62,6.54,23.96,24.47,79.0,1006.0,2.02,133.0,Clouds,scattered clouds
kendujhar,2026-05-27 05:08:43.309819,4,261.18,0.39,2.62,111.28,7.85,54.83,79.85,5.15,37.04,38.12,31.0,1006.0,2.94,214.0,Clouds,scattered clouds
kendujhar,2026-05-27 08:59:22.357344,3,179.44,0.09,1.09,125.74,5.56,40.83,69.22,4.63,33.06,34.1,41.0,1002.0,4.68,83.0,Clouds,broken clouds
kendujhar,2026-05-27 12:20:45.501471,3,257.21,0.14,4.82,94.62,5.42,47.32,72.53,6.96,31.48,30.96,36.0,1002.0,2.3,146.0,Rain,light rain
kendujhar,2026-05-27 16:32:30.644310,3,339.99,0.0,7.56,67.01,6.14,44.53,57.83,5.61,25.69,25.7,53.0,1006.0,3.16,221.0,Clouds,overcast clouds
kendujhar,2026-05-27 19:13:24.286225,4,345.38,0.0,5.47,74.69,5.47,52.88,66.6,4.07,25.26,25.28,55.0,1006.0,2.63,216.0,Clouds,overcast clouds
kendujhar,2026-05-27 21:44:59.934328,4,369.76,0.0,4.05,70.8,2.63,67.85,86.7,2.91,22.69,23.0,76.0,1006.0,2.24,165.0,Clouds,overcast clouds
kendujhar,2026-05-27 23:08:44.612215,4,379.2,0.0,4.12,64.41,2.0,69.76,88.75,2.63,23.04,23.46,79.0,1006.0,2.17,169.0,Clouds,overcast clouds
kendujhar,2026-05-28 01:53:25.729067,4,402.06,0.38,4.64,55.9,1.67,71.78,92.34,3.4,27.72,29.46,64.0,1007.0,2.6,190.0,Clouds,broken clouds
kendujhar,2026-05-28 06:01:28.944980,4,275.08,0.18,1.57,121.89,6.64,68.69,90.54,4.08,39.61,38.83,20.0,1004.0,4.37,214.0,Clouds,few clouds
kendujhar,2026-05-28 10:44:09.907100,3,206.26,0.18,2.8,120.2,8.05,47.54,71.3,5.01,34.44,34.71,34.0,1001.0,3.73,146.0,Clouds,scattered clouds
kendujhar,2026-05-28 14:27:54.142763,4,289.35,0.0,6.33,84.45,6.67,56.39,76.77,6.6,27.36,28.55,60.0,1004.0,3.28,125.0,Clear,clear sky
kendujhar,2026-05-28 17:55:50.265919,4,304.6,0.0,5.12,68.86,3.74,54.31,75.12,2.96,25.06,25.81,84.0,1006.0,2.86,143.0,Clear,clear sky
kendujhar,2026-05-28 20:04:11.106480,4,295.75,0.0,4.43,64.05,2.68,52.91,72.35,2.43,23.69,24.6,95.0,1006.0,2.96,130.0,Clear,clear sky
kendujhar,2026-05-28 22:25:54.473330,4,288.53,0.0,4.07,64.76,2.74,52.84,71.12,2.34,24.02,24.85,91.0,1006.0,3.38,149.0,Clouds,scattered clouds
kendujhar,2026-05-29 00:01:33.069236,4,287.79,0.0,4.15,63.69,2.91,51.81,69.89,2.58,23.39,24.21,93.0,1006.0,2.13,185.0,Clear,clear sky
kendujhar,2026-05-29 05:04:11.413858,4,256.6,0.34,2.43,112.7,8.35,55.96,74.26,3.35,36.23,37.05,32.0,1006.0,2.66,163.0,Clear,clear sky
kendujhar,2026-05-29 09:32:22.673479,4,220.5,0.08,2.73,126.95,12.78,54.44,69.09,3.98,28.68,29.84,55.0,1003.0,3.92,99.0,Rain,light rain
kendujhar,2026-05-29 12:39:59.930726,4,308.49,0.01,6.77,99.99,15.46,68.19,80.0,4.59,23.39,23.77,76.0,1006.0,3.78,182.0,Rain,moderate rain
kendujhar,2026-05-29 16:34:37.476873,4,409.41,0.0,7.15,62.72,5.59,60.59,67.35,2.3,23.3,23.64,75.0,1008.0,2.08,174.0,Clouds,overcast clouds
kendujhar,2026-05-29 19:26:37.154045,4,398.08,0.0,5.58,62.01,3.98,61.21,67.85,2.19,23.21,23.57,76.0,1007.0,1.89,168.0,Clouds,overcast clouds
kendujhar,2026-05-29 21:31:21.948520,4,380.41,0.0,3.95,61.39,2.69,61.86,69.46,2.35,22.79,23.16,78.0,1006.0,1.14,199.0,Clouds,overcast clouds
kendujhar,2026-05-29 23:02:24.554095,4,375.63,0.0,3.76,61.12,2.48,61.12,68.95,2.37,22.56,22.96,80.0,1007.0,0.52,220.0,Clouds,overcast clouds
kendujhar,2026-05-30 01:56:55.191140,4,349.61,0.23,4.17,63.65,3.46,54.42,62.48,2.62,26.34,26.34,70.0,1008.0,1.24,110.0,Clouds,broken clouds
kendujhar,2026-05-30 05:43:07.401725,3,256.47,0.18,1.59,111.34,5.86,45.23,52.09,2.38,34.46,35.7,38.0,1006.0,2.35,130.0,Clouds,scattered clouds
kendujhar,2026-05-30 08:15:00.066196,3,243.75,0.09,1.51,115.11,6.36,42.77,48.6,2.65,35.24,37.06,38.0,1004.0,4.68,154.0,Clear,clear sky
kendujhar,2026-05-30 10:43:41.915454,3,279.19,0.03,3.16,91.29,6.88,47.49,51.89,2.76,33.24,35.12,44.0,1002.0,6.18,119.0,Clouds,few clouds
kendujhar,2026-05-30 12:01:15.049392,3,294.96,0.01,4.19,80.76,6.9,46.79,51.15,2.94,30.0,32.44,58.0,1005.0,3.02,78.0,Clouds,scattered clouds
kendujhar,2026-05-30 14:23:49.532743,4,275.23,0.0,3.26,96.65,4.27,58.13,68.34,4.06,22.89,23.45,85.0,1006.0,5.01,78.0,Clouds,overcast clouds
kendujhar,2026-05-30 15:58:30.872164,4,299.5,0.0,3.5,86.79,3.36,63.02,73.52,3.07,22.16,22.55,81.0,1010.0,1.97,129.0,Clouds,overcast clouds
kendujhar,2026-05-30 16:59:59.380564,4,305.46,0.0,3.53,82.82,2.99,63.03,73.73,2.74,23.04,23.41,77.0,1008.0,1.4,163.0,Clouds,overcast clouds
kendujhar,2026-05-30 18:02:58.328906,4,306.91,0.0,3.47,79.37,2.65,61.83,72.59,2.49,23.59,23.91,73.0,1007.0,2.51,240.0,Clouds,overcast clouds
kendujhar,2026-05-30 20:02:09.180911,4,298.87,0.0,3.04,74.06,2.05,55.87,65.95,2.22,23.58,24.03,78.0,1007.0,0.55,88.0,Clouds,broken clouds
kendujhar,2026-05-30 21:49:42.879681,3,282.48,0.0,2.77,72.49,2.01,47.28,56.56,2.09,23.07,23.57,82.0,1007.0,1.77,202.0,Clouds,broken clouds
kendujhar,2026-05-30 22:45:46.669046,3,277.39,0.0,2.72,71.47,1.89,43.8,52.58,2.11,23.02,23.6,85.0,1007.0,1.31,183.0,Clouds,broken clouds
kendujhar,2026-05-30 23:51:36.054469,3,275.47,0.0,2.71,70.11,1.71,41.1,49.41,2.21,23.26,23.86,85.0,1008.0,1.26,140.0,Clouds,overcast clouds
kendujhar,2026-05-31 02:11:47.154709,3,273.13,0.12,2.89,68.85,1.85,36.72,43.91,2.49,26.73,29.07,79.0,1008.0,1.92,147.0,Clouds,broken clouds
kendujhar,2026-05-31 06:46:49.292721,3,232.09,0.16,1.58,105.4,5.37,35.6,41.34,2.09,32.93,33.89,41.0,1006.0,1.06,67.0,Clouds,few clouds
kendujhar,2026-05-31 09:41:28.201834,3,256.1,0.1,2.26,97.26,5.93,38.15,43.29,2.74,33.54,33.57,35.0,1004.0,1.58,158.0,Clouds,scattered clouds
kendujhar,2026-05-31 11:26:20.514960,3,268.97,0.07,3.24,93.25,6.41,39.91,44.8,2.8,29.83,30.8,50.0,1005.0,1.67,159.0,Clouds,broken clouds
kendujhar,2026-05-31 13:10:32.786426,3,273.84,0.01,5.51,75.14,5.79,34.59,39.92,4.92,25.2,25.92,82.0,1006.0,0.94,49.0,Clouds,overcast clouds
kendujhar,2026-05-31 15:10:50.021859,3,302.48,0.0,5.72,66.38,4.68,36.98,43.33,4.34,25.41,26.02,77.0,1008.0,2.4,157.0,Clouds,overcast clouds
kendujhar,2026-05-31 16:55:13.303647,3,314.28,0.0,5.23,60.53,3.22,38.05,45.76,2.95,24.5,25.04,78.0,1008.0,0.69,170.0,Clouds,overcast clouds
kendujhar,2026-05-31 17:53:40.524235,3,313.83,0.0,4.8,59.69,2.6,38.67,47.08,2.71,24.43,24.94,77.0,1007.0,1.4,248.0,Clouds,overcast clouds
kendujhar,2026-05-31 19:00:48.467166,3,311.55,0.0,4.41,58.1,2.02,39.38,48.3,2.65,24.91,25.26,69.0,1007.0,1.03,190.0,Clouds,overcast clouds
kendujhar,2026-05-31 20:13:24.346671,3,320.38,0.0,4.43,53.5,1.53,40.64,49.88,2.66,24.58,24.95,71.0,1007.0,1.74,186.0,Clouds,overcast clouds
kendujhar,2026-05-31 21:47:12.357913,3,341.05,0.0,4.56,45.82,1.09,43.17,52.78,3.01,23.53,23.9,75.0,1007.0,1.63,231.0,Clouds,broken clouds
kendujhar,2026-05-31 22:47:15.378003,3,351.02,0.0,4.61,43.37,1.01,44.05,53.67,3.07,23.3,23.67,76.0,1008.0,1.46,240.0,Clouds,broken clouds
kendujhar,2026-05-31 23:55:47.528408,3,360.2,0.0,4.7,41.59,0.99,44.67,54.16,3.07,23.58,23.95,75.0,1008.0,1.15,204.0,Clouds,broken clouds
kendujhar,2026-06-01 02:35:31.353658,3,397.84,0.98,4.55,49.42,1.61,47.2,58.24,9.11,30.06,31.14,50.0,1009.0,1.13,169.0,Clear,clear sky
kendujhar,2026-06-01 08:23:48.276469,3,209.32,0.12,1.34,132.97,8.36,49.01,55.76,3.19,35.02,35.14,32.0,1006.0,3.56,91.0,Clouds,scattered clouds
kendujhar,2026-06-01 14:48:56.403438,4,338.25,0.0,7.15,84.45,5.62,54.44,62.52,25.73,26.14,26.14,66.0,1008.0,2.82,162.0,Rain,light rain
kendujhar,2026-06-01 19:51:28.908131,4,436.44,0.0,8.5,44.92,1.97,59.91,68.79,16.23,25.26,25.83,76.0,1007.0,1.18,175.0,Clouds,few clouds
kendujhar,2026-06-01 22:29:13.752981,4,466.56,0.0,8.65,34.19,1.23,61.61,70.23,12.42,24.74,25.36,80.0,1007.0,1.21,190.0,Clouds,few clouds
kendujhar,2026-06-02 00:05:38.232142,4,500.96,0.01,9.17,25.16,0.97,63.19,71.46,12.1,24.69,25.33,81.0,1008.0,0.41,162.0,Clear,clear sky
kendujhar,2026-06-02 05:21:44.494169,4,252.03,0.17,1.42,121.08,5.89,53.4,61.66,7.75,34.79,35.74,36.0,1008.0,2.05,164.0,Clouds,few clouds
kendujhar,2026-06-02 10:00:57.743218,3,215.35,0.09,1.71,114.74,5.2,45.84,52.72,8.43,31.35,32.6,47.0,1004.0,1.96,194.0,Clouds,broken clouds
kendujhar,2026-06-02 14:41:45.130406,4,359.72,0.0,6.79,75.15,5.35,58.75,64.99,13.22,27.48,28.36,56.0,1006.0,2.54,188.0,Clear,clear sky
kendujhar,2026-06-02 18:30:28.136899,4,478.12,0.0,9.34,39.73,1.82,65.0,72.99,11.26,25.53,25.86,66.0,1006.0,1.87,218.0,Clear,clear sky
kendujhar,2026-06-02 21:40:38.012189,4,520.89,0.0,9.21,26.73,1.02,67.2,75.12,11.21,25.01,25.42,71.0,1005.0,1.94,214.0,Clear,clear sky
kendujhar,2026-06-02 23:26:31.092566,4,532.64,0.0,9.2,24.71,0.95,67.94,75.85,10.96,24.97,25.35,70.0,1005.0,1.46,223.0,Clear,clear sky
kendujhar,2026-06-03 02:38:48.264903,4,562.97,2.0,6.47,41.3,1.46,68.76,77.84,15.34,29.67,30.87,52.0,1006.0,1.49,212.0,Clouds,broken clouds
kendujhar,2026-06-03 07:30:45.368391,3,215.48,0.1,1.18,126.37,7.22,43.35,48.14,7.59,36.28,36.6,30.0,1001.0,1.9,203.0,Clouds,broken clouds
kendujhar,2026-06-03 12:29:39.410755,3,267.5,0.09,4.08,96.49,5.17,42.87,47.46,15.83,31.03,31.25,42.0,1001.0,1.57,162.0,Clouds,broken clouds
kendujhar,2026-06-03 17:55:53.062108,4,459.64,0.0,9.96,43.0,2.33,52.53,61.23,24.73,26.61,26.61,70.0,1004.0,1.93,195.0,Clouds,few clouds
kendujhar,2026-06-03 20:46:19.676877,4,486.38,0.0,9.36,32.47,1.31,54.06,61.72,21.06,25.38,25.93,75.0,1003.0,1.67,169.0,Clouds,broken clouds
kendujhar,2026-06-03 22:57:53.016342,4,487.92,0.0,8.84,30.71,1.09,52.71,59.75,20.76,25.82,26.31,71.0,1003.0,1.61,191.0,Clouds,broken clouds
kendujhar,2026-06-04 00:28:19.406733,4,485.28,0.0,8.65,30.48,1.04,51.28,57.97,20.86,25.72,26.23,72.0,1003.0,0.76,183.0,Clouds,overcast clouds
kendujhar,2026-06-04 05:49:54.563447,3,183.25,0.23,1.61,110.03,7.09,30.45,34.92,8.08,37.39,38.1,29.0,1002.0,2.83,238.0,Clouds,broken clouds
kendujhar,2026-06-04 09:41:46.050432,3,177.5,0.1,1.38,107.64,4.18,29.91,34.54,9.42,34.48,34.34,32.0,1000.0,2.7,205.0,Clouds,overcast clouds
kendujhar,2026-06-04 12:37:26.038637,3,236.56,0.01,4.26,84.13,3.49,30.46,34.72,15.75,31.24,31.71,43.0,1000.0,0.36,322.0,Clouds,scattered clouds
kendujhar,2026-06-04 16:16:46.764327,2,333.76,0.0,8.41,48.18,2.33,24.45,30.09,20.68,27.78,29.78,66.0,1003.0,2.39,163.0,Clouds,scattered clouds
kendujhar,2026-06-04 19:12:49.316094,3,403.4,0.0,9.84,33.18,1.32,27.27,33.0,18.95,27.28,28.2,57.0,1003.0,2.4,230.0,Clouds,broken clouds
kendujhar,2026-06-04 21:22:27.322042,3,421.4,0.0,9.46,31.03,1.04,28.3,33.5,18.56,27.53,28.26,54.0,1002.0,1.88,241.0,Clouds,broken clouds
kendujhar,2026-06-04 23:00:32.570764,3,420.63,0.01,8.7,32.69,0.93,27.77,32.2,14.97,27.62,28.28,53.0,1002.0,1.29,241.0,Clouds,broken clouds
kendujhar,2026-06-05 00:11:08.227956,3,402.19,0.01,7.89,36.72,0.91,26.16,30.0,12.89,27.99,28.62,52.0,1003.0,1.53,254.0,Clouds,few clouds
kendujhar,2026-06-05 05:09:08.222217,3,169.52,0.23,1.4,105.29,4.5,15.69,17.82,7.34,37.17,37.46,28.0,1003.0,4.09,248.0,Clouds,scattered clouds
kendujhar,2026-06-05 09:27:19.155023,3,175.93,0.09,1.53,105.94,3.68,19.49,22.27,9.73,35.65,36.12,32.0,1000.0,1.67,249.0,Clouds,broken clouds
kendujhar,2026-06-05 12:30:54.751768,2,272.44,0.02,6.19,66.45,3.43,22.82,26.31,14.04,29.54,30.25,49.0,1000.0,0.09,131.0,Rain,heavy intensity rain
kendujhar,2026-06-05 15:48:04.683521,2,368.01,0.0,9.39,35.88,2.05,20.08,25.94,19.85,28.79,30.13,56.0,1003.0,0.9,151.0,Clouds,few clouds
kendujhar,2026-06-05 17:46:28.091320,2,421.86,0.01,10.35,27.26,1.5,22.78,29.03,19.13,27.92,29.33,60.0,1003.0,1.41,219.0,Clouds,scattered clouds
kendujhar,2026-06-05 19:29:46.180080,2,432.28,0.01,10.3,24.96,1.17,23.59,29.26,18.38,28.39,29.11,52.0,1003.0,1.82,232.0,Clouds,few clouds
kendujhar,2026-06-05 21:16:12.671585,3,452.14,0.01,9.9,21.64,0.84,25.33,30.32,17.34,27.56,28.46,56.0,1002.0,2.35,212.0,Clear,clear sky
kendujhar,2026-06-05 22:56:48.164908,3,461.48,0.01,9.39,20.42,0.78,26.3,30.73,15.77,26.52,26.52,61.0,1003.0,2.04,195.0,Clouds,few clouds
kendujhar,2026-06-06 00:01:02.083571,3,459.31,0.01,9.0,21.99,0.8,26.25,30.36,15.28,26.73,28.07,65.0,1003.0,1.68,201.0,Clouds,scattered clouds
kendujhar,2026-06-06 04:45:31.481438,3,219.68,0.19,1.45,120.62,6.88,28.02,33.57,10.03,37.13,37.97,30.0,1003.0,1.43,225.0,Clouds,scattered clouds
kendujhar,2026-06-06 07:40:11.915309,3,200.52,0.09,0.94,121.58,4.77,29.52,35.19,9.4,36.54,36.74,29.0,1000.0,1.54,221.0,Clouds,overcast clouds
kendujhar,2026-06-06 09:52:32.928032,3,201.23,0.08,1.53,112.13,4.37,27.11,32.27,10.51,32.9,33.84,41.0,1000.0,2.04,91.0,Clouds,overcast clouds
kendujhar,2026-06-06 11:15:45.955364,3,212.42,0.07,2.33,102.28,4.31,26.72,31.65,12.52,31.02,31.9,46.0,1001.0,1.29,274.0,Clouds,overcast clouds
kendujhar,2026-06-06 13:05:21.677716,3,244.23,0.0,3.93,86.83,3.86,27.76,32.06,16.48,24.66,25.56,91.0,1004.0,6.67,120.0,Clouds,overcast clouds
kendujhar,2026-06-06 15:05:17.184429,3,425.5,0.0,7.52,52.32,3.76,40.25,44.43,13.93,24.06,24.71,84.0,1005.0,3.44,175.0,Clouds,overcast clouds
kendujhar,2026-06-06 16:58:00.636827,3,473.52,0.0,8.26,38.96,2.39,41.83,46.41,11.69,25.44,26.08,78.0,1005.0,2.69,170.0,Clouds,overcast clouds
kendujhar,2026-06-06 18:03:15.881522,3,484.57,0.0,8.24,35.68,1.91,42.07,46.43,11.22,26.05,26.05,75.0,1005.0,2.22,180.0,Clouds,overcast clouds
kendujhar,2026-06-06 20:03:31.652987,3,458.05,0.0,7.18,33.74,1.03,38.7,42.23,10.47,25.75,26.37,76.0,1004.0,1.51,176.0,Clouds,overcast clouds
kendujhar,2026-06-06 21:55:18.424659,3,442.82,0.0,6.95,29.48,0.7,34.8,37.94,10.39,25.37,26.0,78.0,1004.0,1.71,224.0,Clouds,overcast clouds
kendujhar,2026-06-06 22:54:31.066067,3,439.41,0.0,7.03,27.42,0.65,33.26,36.3,11.42,25.56,26.13,75.0,1004.0,1.31,235.0,Clouds,overcast clouds
kendujhar,2026-06-06 23:55:47.405697,3,437.36,0.0,7.2,26.07,0.65,31.88,34.9,12.98,25.86,26.41,73.0,1004.0,1.28,252.0,Clouds,overcast clouds
kendujhar,2026-06-07 02:28:50.899624,3,426.87,1.11,5.81,30.6,0.87,28.81,32.54,17.17,30.25,31.94,53.0,1005.0,1.65,201.0,Clouds,broken clouds
kendujhar,2026-06-07 06:57:44.192579,3,184.69,0.12,1.14,102.75,3.52,19.0,21.79,8.39,36.25,37.09,32.0,1002.0,4.42,218.0,Clouds,overcast clouds
kendujhar,2026-06-07 09:57:44.227194,2,191.86,0.1,1.84,92.96,3.13,16.98,18.96,10.77,29.19,30.45,54.0,1002.0,7.35,306.0,Clouds,overcast clouds
kendujhar,2026-06-07 11:44:48.464132,2,243.23,0.03,4.51,74.77,4.11,21.24,23.74,17.37,32.06,32.55,41.0,1001.0,0.64,133.0,Clouds,overcast clouds
kendujhar,2026-06-07 13:17:44.236063,2,247.56,0.0,5.8,60.52,4.57,19.89,22.4,15.66,26.68,28.33,70.0,1003.0,3.29,133.0,Rain,heavy intensity rain
kendujhar,2026-06-07 15:17:34.206739,2,302.31,0.0,7.36,48.87,4.01,21.84,25.33,15.83,26.08,26.08,73.0,1004.0,2.76,206.0,Rain,heavy intensity rain
kendujhar,2026-06-07 17:03:44.998832,2,365.58,0.0,8.64,35.66,2.63,23.57,28.28,14.14,25.29,25.89,77.0,1004.0,2.34,211.0,Clouds,overcast clouds
kendujhar,2026-06-07 19:04:34.977772,3,416.04,0.0,9.44,25.76,1.66,25.85,30.72,13.1,26.24,26.24,66.0,1004.0,2.23,217.0,Clouds,overcast clouds
kendujhar,2026-06-07 20:59:28.021258,3,453.25,0.01,9.46,19.99,1.17,27.98,32.75,12.18,25.93,26.35,68.0,1003.0,1.72,276.0,Clouds,overcast clouds
kendujhar,2026-06-07 22:03:14.368051,3,466.56,0.01,9.36,18.44,1.02,28.82,33.5,11.91,26.02,26.02,68.0,1003.0,1.36,249.0,Clouds,overcast clouds
kendujhar,2026-06-07 23:57:32.678193,3,481.04,0.02,9.17,17.38,0.82,30.25,34.85,11.66,26.54,26.54,64.0,1003.0,1.59,210.0,Clouds,overcast clouds
kendujhar,2026-06-08 02:56:18.178648,3,493.87,2.13,6.36,32.51,1.28,31.96,38.02,17.86,32.53,33.68,43.0,1004.0,2.53,217.0,Clouds,broken clouds
kendujhar,2026-06-08 07:23:51.163342,3,199.95,0.03,1.93,107.74,3.73,20.53,25.91,9.29,36.75,37.35,30.0,1002.0,5.78,251.0,Clouds,few clouds
kendujhar,2026-06-08 12:20:52.094097,2,228.1,0.07,4.26,79.6,3.58,17.26,20.85,12.42,35.63,35.15,28.0,999.0,1.33,189.0,Clouds,broken clouds
kendujhar,2026-06-08 16:43:39.039188,3,411.52,0.01,8.95,30.26,1.6,25.67,31.58,12.68,26.74,28.08,65.0,1002.0,2.99,220.0,Clouds,overcast clouds
kendujhar,2026-06-08 19:13:55.701672,2,417.61,0.01,8.5,32.22,1.02,24.48,29.39,12.45,26.91,28.4,66.0,1003.0,2.24,245.0,Clouds,overcast clouds
kendujhar,2026-06-08 21:41:42.406575,2,389.52,0.01,6.88,38.98,0.79,21.02,24.57,13.41,26.56,26.56,66.0,1001.0,1.63,248.0,Clouds,overcast clouds
kendujhar,2026-06-08 23:06:58.829771,2,381.37,0.01,6.5,40.08,0.77,20.14,23.46,13.51,26.32,26.32,65.0,1002.0,1.3,245.0,Clouds,overcast clouds
kendujhar,2026-06-09 01:57:05.967093,2,367.94,1.42,4.41,47.21,1.07,18.97,22.7,15.2,28.76,29.96,55.0,1003.0,1.87,230.0,Clouds,overcast clouds
kendujhar,2026-06-09 06:03:38.965857,3,184.42,0.17,1.21,104.55,4.26,21.6,24.55,10.52,37.97,38.14,26.0,1002.0,5.32,278.0,Clouds,overcast clouds
kendujhar,2026-06-09 10:26:43.080168,2,163.42,0.18,1.54,94.95,3.05,18.0,24.21,10.5,34.32,34.31,33.0,999.0,4.71,247.0,Clouds,overcast clouds
kendujhar,2026-06-09 13:36:11.076454,2,287.26,0.0,6.99,53.01,3.01,24.65,29.83,19.56,30.34,30.62,44.0,1001.0,3.02,152.0,Clouds,broken clouds
kendujhar,2026-06-09 16:25:12.169585,3,356.9,0.0,8.47,39.85,2.25,28.58,35.06,22.47,27.83,28.8,56.0,1003.0,2.56,209.0,Clouds,scattered clouds
kendujhar,2026-06-09 19:06:28.167315,3,405.79,0.01,8.84,31.44,1.43,33.23,39.27,22.3,26.62,26.62,60.0,1002.0,2.68,202.0,Clouds,overcast clouds
kendujhar,2026-06-09 21:29:21.017578,3,409.65,0.01,8.09,29.27,0.98,33.19,38.45,18.42,25.98,25.98,61.0,1002.0,2.62,226.0,Clouds,scattered clouds
kendujhar,2026-06-09 23:09:27.122779,3,409.35,0.0,7.61,27.89,0.79,31.23,35.84,15.82,25.93,26.17,61.0,1002.0,2.28,234.0,Clouds,scattered clouds
kendujhar,2026-06-10 02:09:47.151204,3,403.6,1.6,5.53,32.35,1.04,25.67,30.36,17.64,31.07,31.98,46.0,1003.0,2.25,229.0,Clouds,broken clouds
kendujhar,2026-06-10 06:57:42.942194,3,204.21,0.16,1.64,104.25,4.71,27.85,36.86,11.53,39.46,38.34,19.0,1000.0,3.54,235.0,Clouds,broken clouds
kendujhar,2026-06-10 10:52:40.090800,3,270.57,0.24,3.75,89.67,4.39,32.44,41.76,19.26,37.55,36.51,22.0,998.0,2.45,112.0,Clouds,broken clouds
kendujhar,2026-06-10 14:16:56.031633,3,354.95,0.0,10.27,53.91,4.68,32.62,44.9,30.41,32.09,31.3,33.0,1000.0,2.01,175.0,Clouds,overcast clouds
kendujhar,2026-06-10 17:50:25.188466,3,468.36,0.0,10.98,34.41,2.84,40.22,51.45,25.06,28.17,29.14,55.0,1002.0,2.12,190.0,Clouds,scattered clouds
kendujhar,2026-06-10 20:08:51.143447,3,452.64,0.0,9.47,33.39,1.83,39.27,48.81,21.99,27.3,27.44,46.0,1002.0,1.71,169.0,Clear,clear sky
kendujhar,2026-06-10 22:46:45.380876,3,434.78,0.0,8.41,36.93,1.61,38.68,46.83,27.79,26.2,26.2,58.0,1003.0,1.47,169.0,Clear,clear sky
kendujhar,2026-06-11 00:07:45.640738,3,435.58,0.01,8.62,36.73,1.64,38.57,46.44,30.98,25.6,26.3,80.0,1004.0,0.81,181.0,Clouds,few clouds
kendujhar,2026-06-11 05:20:11.052475,3,250.9,0.31,2.39,109.61,6.24,35.11,45.18,14.72,37.46,38.21,29.0,1003.0,3.71,224.0,Clouds,few clouds
kendujhar,2026-06-11 10:02:42.887349,3,198.57,0.17,2.06,94.09,4.12,29.85,41.24,11.56,29.46,30.14,49.0,1002.0,1.95,175.0,Clouds,overcast clouds
kendujhar,2026-06-11 14:29:11.695670,3,264.77,0.0,6.1,85.53,7.42,33.6,45.52,17.5,23.34,23.84,81.0,1004.0,3.66,172.0,Clouds,overcast clouds
kendujhar,2026-06-11 18:01:18.676692,3,382.41,0.0,7.37,69.11,7.28,47.45,57.92,12.32,24.88,25.23,69.0,1006.0,1.41,150.0,Clouds,overcast clouds
kendujhar,2026-06-11 21:11:23.903366,4,407.98,0.0,5.96,56.01,2.98,53.89,65.07,9.9,23.13,23.48,76.0,1006.0,2.02,204.0,Clouds,broken clouds
kendujhar,2026-06-11 23:13:38.980755,4,445.41,0.0,6.65,40.15,1.67,57.59,68.48,8.71,22.81,23.18,78.0,1006.0,0.77,109.0,Clouds,broken clouds
kendujhar,2026-06-12 02:16:15.309151,4,525.66,1.31,7.11,26.5,1.43,61.15,72.89,11.1,27.95,29.16,58.0,1006.0,1.19,184.0,Clouds,broken clouds
kendujhar,2026-06-12 07:11:31.797634,4,275.1,0.19,1.63,109.24,5.8,63.16,73.46,11.18,35.29,36.58,36.0,1005.0,2.87,200.0,Clear,clear sky
kendujhar,2026-06-12 11:33:42.135163,4,319.63,0.03,5.02,92.72,7.14,62.34,69.19,12.12,27.51,28.94,62.0,1003.0,2.02,119.0,Clouds,broken clouds
kendujhar,2026-06-12 14:31:22.265366,4,372.81,0.0,7.03,61.52,6.63,59.16,64.1,7.76,23.92,24.67,88.0,1008.0,5.98,222.0,Rain,light rain
kendujhar,2026-06-12 17:30:37.912974,4,431.87,0.0,7.17,45.71,2.58,62.87,67.13,9.3,24.76,25.12,70.0,1006.0,1.93,240.0,Clouds,overcast clouds
kendujhar,2026-06-12 19:50:48.555096,5,574.99,0.01,9.49,26.74,1.22,77.75,85.03,12.01,24.44,24.87,74.0,1005.0,2.37,219.0,Clouds,overcast clouds
kendujhar,2026-06-12 21:23:14.723349,5,582.0,0.01,9.3,23.11,1.08,77.21,83.75,14.18,24.18,24.64,76.0,1005.0,1.42,240.0,Clouds,overcast clouds
kendujhar,2026-06-12 23:06:41.896082,5,592.07,0.03,9.02,18.64,0.91,76.6,82.57,16.85,24.67,25.05,71.0,1006.0,1.54,223.0,Clouds,overcast clouds
kendujhar,2026-06-13 02:08:47.094295,4,601.4,1.94,6.41,19.29,0.92,73.38,79.85,13.35,28.37,29.41,55.0,1007.0,1.45,210.0,Clouds,scattered clouds
kendujhar,2026-06-13 06:46:01.106290,3,218.36,0.1,1.0,101.22,3.29,38.94,42.9,7.88,35.76,36.55,33.0,1004.0,3.82,230.0,Clouds,scattered clouds
kendujhar,2026-06-13 09:50:04.769518,3,215.28,0.14,1.36,85.46,2.31,34.08,37.08,7.3,34.98,35.55,34.0,1001.0,3.6,107.0,Clouds,broken clouds
kendujhar,2026-06-13 11:46:11.025965,3,267.42,0.13,3.6,66.38,2.97,38.53,41.38,9.45,29.5,30.62,52.0,1002.0,4.13,170.0,Rain,light rain
kendujhar,2026-06-13 13:22:13.160771,3,291.15,0.03,4.93,57.32,3.25,39.59,42.57,9.81,30.25,31.77,52.0,1003.0,2.67,159.0,Rain,light rain
kendujhar,2026-06-13 15:25:00.649479,3,323.0,0.0,7.21,46.41,2.24,32.25,36.65,17.58,28.55,30.16,59.0,1004.0,3.26,153.0,Clouds,scattered clouds
kendujhar,2026-06-13 17:08:54.375467,3,395.61,0.0,8.95,31.72,1.67,35.87,41.46,14.2,27.16,29.22,71.0,1004.0,1.83,139.0,Clouds,scattered clouds
kendujhar,2026-06-13 19:06:16.442768,3,435.14,0.01,9.5,23.12,1.05,37.32,42.7,12.14,26.68,28.06,66.0,1004.0,1.46,197.0,Clouds,scattered clouds
kendujhar,2026-06-13 21:01:05.523402,3,446.75,0.01,9.0,19.73,0.75,37.13,41.84,11.66,25.98,25.98,67.0,1004.0,1.57,219.0,Clouds,broken clouds
kendujhar,2026-06-13 22:53:11.983559,3,430.52,0.01,7.98,23.42,0.68,35.32,39.41,11.99,25.47,25.85,68.0,1004.0,1.41,213.0,Clouds,scattered clouds
kendujhar,2026-06-13 23:57:21.798620,3,427.47,0.02,7.83,23.87,0.66,34.55,38.49,12.47,25.76,26.19,69.0,1004.0,1.51,214.0,Clouds,broken clouds
kendujhar,2026-06-14 02:55:54.245089,3,418.26,1.89,4.58,40.6,0.98,33.73,38.31,16.09,31.56,32.74,46.0,1005.0,2.36,202.0,Clouds,few clouds
kendujhar,2026-06-14 07:15:20.211355,2,178.68,0.12,0.98,95.37,2.6,23.0,26.21,7.75,36.01,36.69,32.0,1003.0,3.41,233.0,Clouds,broken clouds
kendujhar,2026-06-14 10:44:00.992707,2,222.22,0.01,3.31,62.78,3.58,22.45,24.72,8.71,33.38,33.95,38.0,1000.0,2.51,330.0,Rain,moderate rain
kendujhar,2026-06-14 12:56:57.874335,2,245.3,0.03,4.44,51.9,2.53,21.29,23.4,9.96,27.65,29.35,64.0,1002.0,2.78,149.0,Rain,light rain
kendujhar,2026-06-14 15:05:35.917522,2,351.2,0.0,8.01,30.61,2.56,21.08,25.17,13.82,27.69,29.63,66.0,1004.0,3.4,148.0,Clouds,overcast clouds
kendujhar,2026-06-14 17:07:07.748323,2,411.1,0.01,9.35,20.58,1.81,23.75,29.07,16.29,26.16,26.16,72.0,1004.0,3.36,177.0,Clouds,overcast clouds
kendujhar,2026-06-14 19:06:43.741283,2,429.27,0.02,9.39,17.08,1.14,24.43,29.32,15.37,25.73,26.24,72.0,1005.0,2.12,193.0,Clouds,overcast clouds
kendujhar,2026-06-14 20:58:35.884683,2,428.77,0.07,8.68,19.03,0.91,23.96,28.41,15.14,25.43,25.91,72.0,1004.0,1.11,256.0,Clouds,overcast clouds
kendujhar,2026-06-14 22:06:53.543880,2,421.47,0.12,8.14,22.48,0.9,23.32,27.61,15.31,25.38,25.85,72.0,1004.0,1.45,268.0,Clouds,overcast clouds
kendujhar,2026-06-15 00:00:30.558853,2,421.94,0.31,7.65,22.9,0.86,22.78,26.85,14.59,25.61,26.03,69.0,1004.0,1.33,238.0,Clouds,overcast clouds
kendujhar,2026-06-15 04:26:27.112770,2,249.38,0.52,2.66,82.31,4.75,19.69,22.57,10.16,34.25,35.35,38.0,1005.0,0.41,7.0,Clouds,scattered clouds
kendujhar,2026-06-15 10:49:42.911899,3,207.96,0.04,2.7,108.82,7.37,31.81,36.53,9.13,36.9,35.65,22.0,1000.0,2.01,34.0,Clouds,scattered clouds
kendujhar,2026-06-15 16:12:36.532399,3,383.74,0.0,6.99,48.81,2.41,30.38,34.91,9.83,28.11,29.97,63.0,1005.0,3.7,196.0,Clouds,broken clouds
kendujhar,2026-06-15 20:20:19.607460,3,478.86,0.02,8.81,22.87,1.01,36.38,41.79,13.94,26.2,26.2,76.0,1005.0,0.88,246.0,Clear,clear sky
kendujhar,2026-06-15 22:54:33.638427,3,509.61,0.03,8.95,16.09,0.85,40.19,44.91,17.52,25.95,25.95,72.0,1005.0,1.15,189.0,Clear,clear sky
kendujhar,2026-06-16 00:22:31.197004,3,512.88,0.04,8.89,14.58,0.78,40.03,44.44,15.58,26.03,26.03,71.0,1005.0,1.21,199.0,Clear,clear sky
kendujhar,2026-06-16 06:22:52.425558,3,265.2,0.43,2.54,100.26,8.19,41.1,45.32,10.47,37.48,37.13,25.0,1005.0,2.37,57.0,Clear,clear sky
kendujhar,2026-06-16 12:02:06.675902,4,319.25,0.01,4.21,91.17,5.68,52.31,55.83,11.19,32.11,32.26,39.0,1002.0,2.5,207.0,Clouds,broken clouds
kendujhar,2026-06-16 17:53:27.488071,4,441.67,0.0,8.76,36.4,1.68,53.66,62.22,12.59,26.83,28.57,70.0,1005.0,2.38,182.0,Clear,clear sky
kendujhar,2026-06-16 20:36:07.951444,4,469.98,0.01,8.8,22.67,0.94,52.71,59.93,11.81,26.4,26.4,72.0,1005.0,1.47,168.0,Clouds,broken clouds
kendujhar,2026-06-16 22:47:14.514886,4,485.12,0.02,8.77,18.52,0.81,51.91,58.07,12.64,25.47,26.06,76.0,1006.0,1.83,168.0,Clouds,broken clouds
kendujhar,2026-06-17 00:08:09.515679,4,491.02,0.03,8.85,17.87,0.81,51.33,57.1,14.08,25.51,26.1,76.0,1006.0,1.87,193.0,Clouds,broken clouds
kendujhar,2026-06-17 05:58:51.616120,3,215.68,0.26,1.83,108.8,6.2,36.07,40.45,8.82,36.45,37.14,31.0,1005.0,2.66,227.0,Clouds,few clouds
kendujhar,2026-06-17 10:50:04.763789,3,235.42,0.13,2.26,87.84,2.49,36.49,39.79,10.27,31.04,31.76,45.0,1002.0,3.17,214.0,Clouds,broken clouds
kendujhar,2026-06-17 14:23:15.593046,3,332.65,0.0,6.47,49.91,1.66,40.7,45.34,14.18,28.71,29.64,53.0,1004.0,3.84,158.0,Clouds,scattered clouds
kendujhar,2026-06-17 17:44:00.822365,3,473.57,0.01,9.88,23.67,1.22,48.74,55.92,12.17,26.77,28.06,64.0,1005.0,2.93,223.0,Clouds,broken clouds
kendujhar,2026-06-17 19:57:38.536063,3,413.57,0.01,7.63,28.62,0.9,35.56,40.25,10.7,26.31,26.31,62.0,1005.0,2.18,239.0,Clouds,overcast clouds
kendujhar,2026-06-17 21:55:46.537709,3,421.73,0.01,7.48,24.18,0.72,33.11,37.33,10.7,25.84,26.1,62.0,1005.0,1.67,239.0,Clouds,broken clouds
kendujhar,2026-06-17 23:16:16.809023,3,422.96,0.01,7.41,23.08,0.68,31.48,35.5,10.86,25.8,26.03,61.0,1005.0,1.48,259.0,Clouds,broken clouds
kendujhar,2026-06-18 02:33:47.872941,3,432.05,2.22,5.02,34.29,1.15,27.35,32.24,15.69,33.08,33.7,39.0,1006.0,1.53,261.0,Clouds,scattered clouds
kendujhar,2026-06-18 07:25:51.555049,3,247.71,0.12,2.37,102.9,4.89,26.16,28.49,10.31,34.63,35.23,35.0,1005.0,2.72,227.0,Clouds,broken clouds
kendujhar,2026-06-18 11:43:52.523959,2,261.14,0.11,3.39,74.38,3.07,18.72,20.18,9.8,26.77,28.33,68.0,1005.0,2.84,216.0,Clouds,broken clouds
kendujhar,2026-06-18 14:43:02.277277,2,331.8,0.01,8.21,34.43,2.27,15.84,20.19,16.08,28.02,29.48,60.0,1005.0,2.09,228.0,Clouds,overcast clouds
kendujhar,2026-06-18 17:53:58.619449,2,433.74,0.05,10.35,19.13,1.48,21.27,27.72,16.31,26.14,26.14,62.0,1006.0,2.85,240.0,Clouds,overcast clouds
kendujhar,2026-06-18 20:08:53.670721,2,458.67,0.04,10.14,15.8,1.03,23.69,29.54,16.75,26.44,26.44,65.0,1005.0,2.12,248.0,Clouds,overcast clouds
kendujhar,2026-06-18 22:51:01.100299,3,480.97,0.03,9.43,16.05,0.84,27.43,32.36,17.51,25.78,26.27,71.0,1005.0,1.65,265.0,Clouds,overcast clouds
kendujhar,2026-06-19 00:19:19.686227,3,483.53,0.03,9.25,16.04,0.81,28.2,32.81,17.04,25.76,26.25,71.0,1005.0,2.06,242.0,Clouds,overcast clouds
kendujhar,2026-06-19 06:07:01.693298,2,193.91,0.11,1.18,95.9,2.66,15.21,16.33,6.47,32.34,33.8,45.0,1006.0,3.52,221.0,Clouds,overcast clouds
kendujhar,2026-06-19 11:12:37.914697,2,215.11,0.1,2.53,77.88,2.79,17.3,18.25,6.47,35.55,36.21,33.0,1002.0,3.65,229.0,Rain,light rain
kendujhar,2026-06-19 14:39:45.598182,2,355.2,0.0,8.29,40.14,2.62,21.78,25.88,11.68,27.02,29.15,73.0,1007.0,0.84,327.0,Clouds,overcast clouds
kendujhar,2026-06-19 17:10:51.787454,2,408.24,0.01,9.05,30.44,1.94,24.79,29.97,10.03,26.14,26.14,78.0,1007.0,1.76,179.0,Clouds,overcast clouds
kendujhar,2026-06-19 19:23:37.748979,3,427.07,0.01,8.68,28.5,1.35,27.69,32.52,8.92,26.14,26.14,76.0,1006.0,1.84,183.0,Clouds,overcast clouds
kendujhar,2026-06-19 21:00:22.927120,3,433.09,0.01,7.78,26.66,0.9,30.03,34.42,8.79,25.46,26.15,80.0,1005.0,1.65,203.0,Clouds,overcast clouds
kendujhar,2026-06-19 22:05:04.240829,3,434.14,0.01,7.4,25.71,0.77,30.75,34.75,8.9,25.29,25.99,81.0,1005.0,1.69,215.0,Clouds,overcast clouds
kendujhar,2026-06-19 23:58:43.854319,3,432.88,0.03,7.01,22.97,0.6,30.89,34.49,8.91,25.18,25.84,80.0,1006.0,1.33,210.0,Clouds,overcast clouds
kendujhar,2026-06-20 03:24:27.667016,3,414.23,1.45,4.29,35.7,0.82,28.63,32.53,12.34,31.39,33.28,50.0,1006.0,2.59,234.0,Clouds,overcast clouds
kendujhar,2026-06-20 07:41:25.145200,2,188.43,0.1,2.5,74.57,3.2,12.17,13.45,10.16,34.4,35.35,37.0,1003.0,3.08,268.0,Clouds,overcast clouds
kendujhar,2026-06-20 10:25:21.003718,2,229.35,0.02,4.12,65.66,3.23,15.86,17.64,16.32,33.35,34.58,41.0,1002.0,2.3,209.0,Clouds,overcast clouds
kendujhar,2026-06-20 12:22:57.977609,2,280.43,0.02,5.52,54.23,3.09,22.51,24.63,16.69,33.52,34.62,40.0,1002.0,1.37,178.0,Clouds,overcast clouds
kendujhar,2026-06-20 14:58:51.167967,3,353.91,0.0,6.08,47.81,2.36,35.95,38.74,10.43,27.53,29.26,65.0,1006.0,3.66,207.0,Clouds,overcast clouds
kendujhar,2026-06-20 16:15:49.171284,3,374.75,0.0,6.24,42.83,1.83,38.08,41.12,9.35,26.23,26.23,72.0,1006.0,3.5,206.0,Clouds,overcast clouds
kendujhar,2026-06-20 18:04:12.277440,3,415.8,0.0,6.79,33.44,1.18,41.76,45.03,8.84,25.35,26.11,83.0,1005.0,1.39,170.0,Clouds,broken clouds
kendujhar,2026-06-20 20:10:11.611493,3,432.27,0.01,6.76,26.14,0.75,42.44,45.37,9.47,26.21,26.21,71.0,1005.0,1.28,224.0,Clouds,overcast clouds
kendujhar,2026-06-20 21:58:49.966342,3,442.48,0.02,6.73,21.26,0.61,42.39,45.13,10.63,26.63,26.63,67.0,1004.0,1.73,189.0,Clouds,overcast clouds
kendujhar,2026-06-20 23:05:39.388054,3,444.63,0.02,6.78,19.36,0.55,41.69,44.26,9.84,26.73,28.14,66.0,1004.0,1.81,188.0,Clouds,overcast clouds
kendujhar,2026-06-21 02:33:35.054786,3,408.81,0.87,5.57,31.0,1.01,35.07,38.41,13.42,28.02,29.05,56.0,1007.0,2.25,249.0,Clouds,overcast clouds
kendujhar,2026-06-21 07:23:46.951165,2,218.61,0.07,4.02,73.03,6.17,24.15,26.56,11.51,34.06,35.53,40.0,1004.0,3.02,237.0,Clouds,broken clouds
kendujhar,2026-06-21 10:58:46.379056,2,183.22,0.06,3.98,59.66,3.96,14.49,16.57,13.41,25.15,25.71,76.0,1004.0,5.53,285.0,Clouds,broken clouds
kendujhar,2026-06-21 13:04:12.299178,2,217.05,0.01,5.27,51.13,2.53,15.3,17.79,17.01,26.33,26.33,63.0,1004.0,3.17,243.0,Clouds,overcast clouds
kendujhar,2026-06-21 15:45:19.212604,2,301.05,0.0,5.14,37.63,1.11,21.36,22.83,7.13,25.42,25.79,68.0,1006.0,3.02,218.0,Clouds,overcast clouds
kendujhar,2026-06-21 17:17:19.368413,2,316.68,0.0,5.5,33.23,0.95,21.97,23.69,7.3,25.13,25.5,69.0,1006.0,2.18,202.0,Clouds,overcast clouds
kendujhar,2026-06-21 19:12:32.819451,2,333.43,0.0,5.8,27.42,0.69,22.71,24.26,7.45,25.92,26.45,72.0,1005.0,1.74,208.0,Clouds,overcast clouds
kendujhar,2026-06-21 21:03:38.754584,2,344.3,0.01,5.89,23.6,0.6,22.85,24.42,8.42,25.07,25.75,81.0,1005.0,1.67,224.0,Clouds,overcast clouds
kendujhar,2026-06-21 22:59:02.517469,2,339.39,0.01,5.61,24.05,0.56,21.28,22.87,8.04,24.61,25.32,84.0,1005.0,2.25,256.0,Clouds,overcast clouds
kendujhar,2026-06-22 00:10:35.295837,2,329.35,0.01,5.33,26.48,0.57,20.03,21.61,7.66,25.01,25.71,82.0,1005.0,1.97,259.0,Clouds,overcast clouds
kendujhar,2026-06-22 06:19:25.714776,2,201.77,0.08,2.37,71.04,2.68,13.44,14.08,5.51,33.73,35.74,43.0,1005.0,4.15,245.0,Clouds,overcast clouds
kendujhar,2026-06-22 12:42:18.975893,1,214.54,0.03,5.63,54.14,2.23,6.57,8.06,14.73,24.89,25.55,81.0,1004.0,1.69,95.0,Clouds,overcast clouds
kendujhar,2026-06-22 17:24:45.637434,2,258.35,0.0,4.71,43.71,1.08,12.61,14.5,6.68,23.64,24.44,91.0,1005.0,4.32,222.0,Clouds,overcast clouds
kendujhar,2026-06-22 20:32:10.663146,1,255.35,0.0,4.33,37.6,0.74,9.87,11.3,7.48,24.66,25.24,79.0,1003.0,2.22,233.0,Clouds,overcast clouds
kendujhar,2026-06-22 22:30:24.118448,1,262.63,0.0,4.37,34.55,0.68,9.69,11.17,8.39,24.34,24.92,80.0,1003.0,2.24,248.0,Clouds,overcast clouds
kendujhar,2026-06-22 23:59:14.700884,1,271.77,0.01,4.59,33.04,0.68,9.89,11.46,9.17,24.1,24.65,80.0,1004.0,1.98,250.0,Clouds,overcast clouds
kendujhar,2026-06-23 03:27:24.137255,2,292.97,1.04,3.91,40.22,1.43,11.29,13.78,9.55,29.35,30.84,55.0,1004.0,3.73,267.0,Clouds,broken clouds
kendujhar,2026-06-23 07:37:51.802418,2,208.53,0.12,2.72,65.7,2.33,11.82,13.11,9.83,36.02,36.71,32.0,1001.0,3.63,314.0,Clouds,broken clouds
kendujhar,2026-06-23 10:52:56.824067,1,211.19,0.06,4.6,59.23,2.9,8.63,10.25,15.41,33.17,33.84,39.0,1000.0,0.92,279.0,Clouds,overcast clouds
kendujhar,2026-06-23 13:35:24.053500,1,229.27,0.0,5.32,48.63,2.14,8.29,10.32,12.51,26.42,26.42,70.0,1003.0,4.0,160.0,Clouds,overcast clouds
kendujhar,2026-06-23 16:19:47.637727,2,275.67,0.0,5.94,37.88,1.51,10.6,13.84,12.34,25.94,26.5,73.0,1004.0,2.88,181.0,Clouds,overcast clouds
kendujhar,2026-06-23 19:01:19.119671,2,341.74,0.01,7.18,25.77,1.08,15.4,19.39,14.06,25.82,26.29,70.0,1003.0,2.29,197.0,Clouds,overcast clouds
kendujhar,2026-06-23 21:22:35.710462,2,353.43,0.03,6.75,23.12,0.99,17.74,21.37,12.54,25.23,25.74,74.0,1003.0,2.44,237.0,Clouds,overcast clouds
kendujhar,2026-06-23 22:58:25.471599,2,353.44,0.07,6.23,22.95,0.94,18.7,21.68,11.55,25.06,25.55,74.0,1003.0,2.85,238.0,Clouds,overcast clouds
kendujhar,2026-06-23 23:53:54.292379,2,352.23,0.11,6.04,23.79,0.95,18.87,21.53,11.64,25.24,25.73,73.0,1003.0,2.87,233.0,Clouds,broken clouds
kendujhar,2026-06-24 02:05:58.044172,2,364.9,1.39,4.82,26.52,1.41,19.71,22.65,11.05,25.58,26.07,72.0,1004.0,2.6,250.0,Clouds,broken clouds
kendujhar,2026-06-24 06:35:20.555767,2,218.0,0.19,1.89,68.29,2.93,22.6,23.91,6.69,26.72,28.19,67.0,1004.0,2.75,287.0,Clouds,scattered clouds
kendujhar,2026-06-24 10:12:42.804473,2,231.62,0.22,3.09,54.58,2.65,19.36,20.81,8.3,33.68,34.65,39.0,1001.0,2.11,349.0,Clouds,scattered clouds
kendujhar,2026-06-24 13:10:46.192469,1,213.69,0.02,4.18,49.83,1.29,9.51,10.91,9.86,31.4,32.88,48.0,1001.0,1.27,203.0,Clouds,overcast clouds
kendujhar,2026-06-24 16:07:25.634199,2,312.39,0.0,7.22,28.99,1.31,16.6,20.48,11.92,26.47,26.47,68.0,1004.0,4.19,211.0,Clouds,broken clouds
kendujhar,2026-06-24 18:27:01.373393,2,370.94,0.04,8.45,18.61,1.12,20.5,25.37,10.92,26.27,26.27,75.0,1004.0,2.65,222.0,Clouds,overcast clouds
kendujhar,2026-06-24 20:26:49.868239,2,397.26,0.06,8.52,12.45,0.76,22.0,26.51,11.35,25.16,25.72,76.0,1003.0,3.32,229.0,Clouds,overcast clouds
kendujhar,2026-06-24 22:06:36.266723,2,423.71,0.08,8.63,8.95,0.67,23.53,27.96,12.87,25.12,25.65,75.0,1003.0,2.13,239.0,Clouds,overcast clouds
kendujhar,2026-06-24 23:57:25.127856,2,430.69,0.11,8.38,8.28,0.62,23.61,27.41,11.32,24.67,25.26,79.0,1004.0,2.03,253.0,Clouds,overcast clouds
kendujhar,2026-06-25 02:39:10.247947,3,424.0,2.84,4.47,27.1,0.99,25.1,29.82,12.78,30.6,32.53,53.0,1005.0,1.92,248.0,Clouds,overcast clouds
kendujhar,2026-06-25 06:39:26.219743,2,146.19,0.15,0.95,73.36,2.79,14.92,15.78,4.61,35.49,36.65,35.0,1003.0,2.54,136.0,Clouds,broken clouds
kendujhar,2026-06-25 10:10:27.876266,2,159.86,0.13,1.39,74.96,3.07,17.38,18.37,6.08,34.84,36.08,37.0,1001.0,4.68,233.0,Clouds,broken clouds
kendujhar,2026-06-25 13:09:36.412279,3,229.96,0.02,4.2,64.68,3.22,27.97,29.77,10.42,26.66,26.66,71.0,1004.0,2.02,104.0,Clouds,overcast clouds
kendujhar,2026-06-25 16:14:41.338009,3,401.87,0.0,10.33,28.15,2.53,27.58,32.88,19.47,25.32,25.89,76.0,1006.0,2.04,186.0,Clouds,overcast clouds
kendujhar,2026-06-25 19:00:40.219168,3,468.94,0.05,10.49,12.81,1.09,30.54,35.33,11.44,25.4,25.98,76.0,1004.0,1.83,192.0,Clouds,broken clouds
kendujhar,2026-06-25 20:59:21.862042,3,493.9,0.09,9.91,8.83,0.84,31.42,35.38,14.43,24.91,25.47,77.0,1005.0,1.58,191.0,Clouds,broken clouds
kendujhar,2026-06-25 22:20:39.776643,3,500.64,0.11,9.75,8.2,0.88,31.77,35.39,17.83,24.81,25.38,78.0,1005.0,1.49,184.0,Clouds,broken clouds
kendujhar,2026-06-26 00:03:39.031962,3,514.65,0.19,9.7,5.96,0.99,32.77,35.74,22.68,24.93,25.54,79.0,1006.0,1.49,200.0,Clouds,broken clouds
kendujhar,2026-06-26 05:02:26.203110,2,184.74,0.42,3.45,70.47,7.42,16.01,17.17,3.44,33.98,35.92,42.0,1006.0,1.33,166.0,Clouds,broken clouds
kendujhar,2026-06-26 08:47:58.936940,2,194.1,0.21,1.89,88.6,6.69,21.73,22.85,3.84,35.7,36.73,34.0,1002.0,1.87,124.0,Clouds,scattered clouds
kendujhar,2026-06-26 11:37:58.514904,3,244.96,0.19,3.28,90.59,6.88,33.01,34.54,7.13,25.72,26.18,70.0,1004.0,2.08,141.0,Clouds,broken clouds
kendujhar,2026-06-26 13:59:15.532804,3,264.0,0.0,7.33,62.72,7.65,31.95,34.53,9.82,26.65,26.65,69.0,1004.0,1.88,183.0,Rain,light rain
kendujhar,2026-06-26 16:15:47.020979,3,317.45,0.0,7.4,50.75,4.85,38.3,42.27,9.7,26.46,26.46,68.0,1006.0,2.45,190.0,Clouds,broken clouds
kendujhar,2026-06-26 18:21:40.107789,3,371.5,0.0,7.98,38.19,2.97,43.79,48.81,10.2,25.24,25.83,77.0,1006.0,1.78,219.0,Clouds,overcast clouds
kendujhar,2026-06-26 20:26:03.568712,3,398.49,0.0,8.34,31.66,1.93,46.42,50.9,18.71,24.72,25.44,84.0,1004.0,1.63,205.0,Clear,clear sky
kendujhar,2026-06-26 22:01:09.700455,3,428.01,0.0,9.05,28.29,1.65,47.95,51.96,29.0,24.82,25.58,85.0,1004.0,1.43,207.0,Clouds,few clouds
kendujhar,2026-06-26 23:53:28.296929,3,450.2,0.01,9.54,24.61,1.44,47.49,51.1,34.93,24.36,24.89,78.0,1005.0,0.69,22.0,Clouds,broken clouds
kendujhar,2026-06-27 02:02:47.499173,3,459.89,1.14,6.93,22.34,1.23,43.66,47.95,15.14,27.91,29.54,62.0,1006.0,0.35,209.0,Clouds,scattered clouds
kendujhar,2026-06-27 06:20:00.549125,2,208.71,0.11,1.42,74.74,2.42,19.26,20.43,4.81,34.51,35.78,38.0,1004.0,2.84,84.0,Clouds,scattered clouds
kendujhar,2026-06-27 09:21:41.676898,2,219.67,0.16,1.97,72.43,3.71,22.12,23.32,6.35,32.86,34.7,45.0,1002.0,3.29,261.0,Clouds,broken clouds
kendujhar,2026-06-27 11:18:49.765887,3,234.03,0.23,2.54,77.63,4.59,27.77,29.14,7.34,32.09,33.83,47.0,1002.0,2.82,208.0,Rain,heavy intensity rain
kendujhar,2026-06-27 13:05:29.104408,3,248.76,0.04,4.31,81.4,6.2,33.63,35.39,8.0,27.43,29.71,71.0,1003.0,1.74,208.0,Clouds,broken clouds
kendujhar,2026-06-27 15:07:30.344736,3,336.78,0.0,5.06,55.56,2.89,44.26,46.86,9.22,26.68,28.61,74.0,1004.0,1.38,208.0,Clouds,broken clouds
kendujhar,2026-06-27 16:54:36.325604,3,368.69,0.0,5.24,46.98,1.76,47.35,50.3,8.97,25.65,26.36,80.0,1005.0,2.71,200.0,Clouds,overcast clouds
kendujhar,2026-06-27 17:54:29.668390,3,381.98,0.0,5.43,43.02,1.62,48.62,51.59,8.84,25.37,26.08,81.0,1004.0,1.42,189.0,Clouds,overcast clouds
kendujhar,2026-06-27 19:02:07.732307,3,391.49,0.0,5.62,38.26,1.47,49.12,51.88,9.07,25.0,25.72,83.0,1004.0,2.1,214.0,Clouds,broken clouds
kendujhar,2026-06-27 20:48:09.349089,4,420.02,0.01,6.07,28.21,0.93,50.78,53.34,10.72,24.39,25.18,88.0,1004.0,1.81,203.0,Clouds,scattered clouds
kendujhar,2026-06-27 21:52:46.588045,4,433.04,0.01,6.29,24.73,0.82,51.64,54.11,11.85,24.43,25.23,88.0,1004.0,1.85,193.0,Clouds,scattered clouds
kendujhar,2026-06-27 22:53:02.952947,4,443.96,0.02,6.45,22.22,0.75,52.27,54.71,12.81,24.3,25.08,88.0,1003.0,2.03,217.0,Clouds,scattered clouds
kendujhar,2026-06-27 23:52:37.881782,4,454.66,0.03,6.66,20.22,0.73,52.85,55.28,14.03,24.4,25.22,89.0,1004.0,1.64,203.0,Clouds,broken clouds
kendujhar,2026-06-28 02:13:36.619850,4,477.43,0.85,5.94,18.42,0.83,51.37,54.54,10.95,28.09,30.71,69.0,1004.0,1.92,202.0,Clouds,broken clouds
kendujhar,2026-06-28 06:53:11.451934,2,265.21,0.11,1.61,78.24,2.44,17.9,18.54,4.52,33.86,36.25,44.0,1002.0,1.32,213.0,Clouds,overcast clouds
kendujhar,2026-06-28 09:51:51.578743,2,252.47,0.1,1.98,72.46,2.23,15.68,16.3,5.66,33.74,36.31,45.0,1000.0,2.33,217.0,Rain,light rain
kendujhar,2026-06-28 11:40:23.107582,2,285.27,0.11,3.96,62.94,3.21,19.45,20.53,8.3,32.5,35.3,50.0,1001.0,1.65,194.0,Rain,heavy intensity rain
kendujhar,2026-06-28 13:11:40.038173,2,362.8,0.04,6.25,44.1,3.12,24.76,26.32,14.48,31.36,33.66,52.0,1001.0,1.8,223.0,Rain,heavy intensity rain
kendujhar,2026-06-28 15:10:29.418360,3,402.22,0.01,6.58,33.09,2.16,28.35,30.57,13.71,26.01,26.01,81.0,1004.0,1.96,110.0,Clouds,overcast clouds
kendujhar,2026-06-28 16:57:03.660942,3,431.08,0.03,6.44,26.45,1.37,30.82,33.21,10.65,26.51,26.51,79.0,1004.0,1.28,204.0,Clouds,overcast clouds
kendujhar,2026-06-28 18:00:26.236602,3,440.88,0.04,6.47,23.35,1.1,31.18,33.45,10.44,26.41,26.41,81.0,1003.0,1.43,227.0,Clouds,overcast clouds
kendujhar,2026-06-28 19:23:07.453182,3,441.42,0.04,6.33,20.76,0.85,30.5,32.45,10.12,26.14,26.14,81.0,1003.0,1.33,220.0,Clouds,overcast clouds
kendujhar,2026-06-28 20:51:01.644230,3,440.83,0.02,6.01,17.65,0.65,28.41,30.03,9.66,25.18,25.97,85.0,1003.0,1.41,219.0,Clouds,overcast clouds
kendujhar,2026-06-28 21:52:57.609256,3,439.23,0.02,5.91,17.05,0.62,27.22,28.84,9.79,25.31,26.09,84.0,1002.0,1.53,218.0,Clouds,overcast clouds
kendujhar,2026-06-28 22:53:09.574976,3,440.22,0.02,5.98,16.28,0.59,26.27,27.92,10.44,24.87,25.66,86.0,1003.0,1.84,233.0,Clouds,overcast clouds
kendujhar,2026-06-28 23:59:03.046938,3,446.64,0.03,6.23,15.51,0.6,25.79,27.49,11.48,25.06,25.84,85.0,1003.0,2.28,249.0,Clouds,overcast clouds
kendujhar,2026-06-29 03:40:23.409690,2,307.35,0.39,3.46,40.93,2.3,10.63,11.93,4.6,31.56,34.5,54.0,1003.0,3.64,245.0,Clouds,broken clouds
kendujhar,2026-06-29 08:48:39.999919,2,206.07,0.17,2.23,66.58,3.12,6.89,7.46,3.82,32.56,35.96,52.0,1001.0,3.74,244.0,Clouds,overcast clouds
kendujhar,2026-06-29 12:55:59.030458,2,262.03,0.01,5.14,49.67,3.11,10.52,11.78,7.4,27.72,30.5,73.0,1002.0,2.67,200.0,Rain,light rain
kendujhar,2026-06-29 16:33:22.983148,2,368.55,0.01,7.35,29.41,1.77,13.55,17.0,8.69,26.64,26.64,77.0,1003.0,1.45,195.0,Rain,very heavy rain
kendujhar,2026-06-29 18:57:50.155788,2,374.73,0.02,6.97,25.06,1.12,14.95,18.21,9.74,23.94,24.58,84.0,1002.0,2.6,244.0,Clouds,overcast clouds
kendujhar,2026-06-29 20:47:52.037865,2,380.12,0.02,6.53,21.01,0.85,15.2,18.2,9.43,24.74,25.18,73.0,1002.0,1.12,189.0,Rain,moderate rain
kendujhar,2026-06-29 22:03:25.501190,2,383.26,0.02,6.36,19.73,0.72,15.21,18.02,8.78,24.72,25.15,73.0,1002.0,1.24,202.0,Rain,light rain
kendujhar,2026-06-29 23:52:36.290993,2,380.7,0.01,6.04,19.44,0.59,14.41,16.61,7.06,24.25,24.82,80.0,1003.0,1.66,233.0,Clouds,overcast clouds
kendujhar,2026-06-30 02:08:07.959306,2,380.0,0.31,5.8,20.39,1.38,12.98,15.03,7.94,27.19,29.56,74.0,1004.0,2.42,242.0,Clouds,overcast clouds
kendujhar,2026-06-30 06:44:35.873151,2,226.39,0.3,2.79,60.7,3.15,6.38,7.06,3.52,26.23,26.23,76.0,1004.0,2.79,237.0,Clouds,overcast clouds
kendujhar,2026-06-30 10:23:48.566621,2,212.35,0.1,3.13,63.93,3.32,6.07,6.77,4.97,27.08,29.26,73.0,1002.0,2.68,243.0,Clouds,overcast clouds
kendujhar,2026-06-30 13:03:06.540480,1,243.55,0.0,4.67,52.63,3.38,7.39,8.32,5.84,24.99,25.71,83.0,1002.0,2.05,263.0,Clouds,overcast clouds
kendujhar,2026-06-30 16:15:04.617390,2,333.58,0.0,5.98,34.74,1.13,17.43,20.1,9.38,24.43,25.17,86.0,1004.0,1.75,248.0,Clouds,overcast clouds
kendujhar,2026-06-30 18:27:31.745510,2,353.3,0.0,6.11,27.93,0.84,18.01,20.55,8.24,24.36,25.1,86.0,1003.0,1.84,247.0,Clouds,overcast clouds
kendujhar,2026-06-30 20:50:12.400657,2,348.96,0.02,5.38,21.9,0.65,17.34,18.92,8.56,24.19,24.91,86.0,1002.0,1.16,249.0,Clouds,overcast clouds
kendujhar,2026-06-30 22:07:53.574950,2,348.97,0.02,5.26,20.46,0.83,16.85,18.23,8.57,24.26,24.96,85.0,1002.0,1.47,251.0,Clouds,overcast clouds
kendujhar,2026-06-30 23:57:15.804430,2,348.09,0.02,5.19,18.36,1.22,15.34,16.41,7.79,24.17,24.89,86.0,1002.0,1.5,246.0,Clouds,overcast clouds
kendujhar,2026-07-01 02:49:12.599643,2,343.4,0.59,5.3,18.82,1.69,12.86,14.79,2.67,24.96,25.65,82.0,1004.0,0.48,286.0,Clouds,overcast clouds
kendujhar,2026-07-01 07:02:47.891945,2,245.45,0.35,3.82,45.89,3.8,10.04,10.85,0.95,28.66,30.9,63.0,1002.0,0.36,275.0,Clouds,overcast clouds
kendujhar,2026-07-01 11:15:50.524713,2,237.98,0.18,3.94,52.44,3.32,14.68,15.63,1.41,27.31,29.49,71.0,1000.0,1.6,25.0,Rain,light rain
kendujhar,2026-07-01 14:04:14.122142,2,303.91,0.0,5.94,37.81,2.25,17.86,19.92,2.67,25.67,26.43,82.0,1001.0,0.97,58.0,Clouds,overcast clouds
kendujhar,2026-07-01 17:04:58.561612,2,353.12,0.02,6.28,23.7,1.98,20.82,23.66,2.54,25.05,25.8,84.0,1002.0,0.79,204.0,Clouds,overcast clouds
kendujhar,2026-07-01 19:28:21.721600,2,335.96,0.01,6.11,21.36,2.72,19.8,21.8,2.11,24.55,25.23,83.0,1002.0,0.54,158.0,Clouds,broken clouds
kendujhar,2026-07-01 21:15:43.786961,2,311.27,0.01,5.04,21.25,2.16,16.99,18.11,1.55,24.23,24.9,84.0,1001.0,0.4,225.0,Clouds,broken clouds
kendujhar,2026-07-01 23:01:08.075817,2,283.13,0.01,4.16,21.69,1.44,13.45,14.14,1.46,23.97,24.64,85.0,1000.0,0.27,309.0,Clouds,broken clouds
kendujhar,2026-07-02 02:05:21.710799,1,265.27,0.11,4.44,19.25,1.37,9.79,11.04,1.74,26.15,26.15,75.0,1001.0,1.11,358.0,Clouds,overcast clouds
kendujhar,2026-07-02 06:29:02.163019,2,238.47,0.72,5.0,31.82,4.34,10.49,12.11,2.35,30.33,32.65,56.0,1001.0,2.83,42.0,Clouds,overcast clouds
kendujhar,2026-07-02 09:51:07.427654,2,228.77,0.22,3.88,40.79,3.29,15.31,16.42,1.66,28.29,31.09,69.0,999.0,2.05,203.0,Rain,light rain
kendujhar,2026-07-02 12:01:06.962329,2,243.33,0.09,5.06,35.35,2.94,15.73,17.02,2.07,27.44,29.94,73.0,999.0,0.91,113.0,Clouds,overcast clouds
kendujhar,2026-07-02 15:04:08.444825,2,325.83,0.01,8.29,16.92,2.73,13.98,15.83,1.62,25.24,26.07,86.0,1001.0,2.06,133.0,Clouds,overcast clouds
kendujhar,2026-07-02 17:25:09.783404,2,344.66,0.02,8.04,16.97,3.37,13.41,14.95,1.47,25.02,25.85,87.0,1002.0,1.87,160.0,Clouds,overcast clouds
kendujhar,2026-07-02 19:07:00.030843,2,346.86,0.01,7.82,15.96,3.14,12.81,13.48,1.16,24.35,25.19,90.0,1001.0,0.93,175.0,Clouds,overcast clouds
kendujhar,2026-07-02 20:52:09.074247,2,347.41,0.01,7.43,12.66,2.72,12.23,12.7,1.18,24.05,24.89,91.0,1000.0,0.24,152.0,Clouds,overcast clouds
kendujhar,2026-07-02 21:57:43.659620,2,347.38,0.01,7.59,11.37,2.7,11.87,12.31,1.2,23.96,24.79,91.0,1000.0,0.48,70.0,Clouds,overcast clouds
kendujhar,2026-07-02 22:59:51.578360,2,351.19,0.03,7.61,9.75,2.57,11.74,12.21,1.35,23.89,24.71,91.0,1000.0,0.8,25.0,Clouds,overcast clouds
kendujhar,2026-07-03 00:05:39.037886,2,355.11,0.04,7.67,8.44,2.43,11.62,12.13,1.56,24.05,24.89,91.0,1000.0,1.11,35.0,Clouds,overcast clouds
kendujhar,2026-07-03 04:35:04.002133,2,365.61,1.72,9.99,9.1,5.21,11.51,12.68,1.12,28.43,31.52,70.0,1001.0,2.35,97.0,Clouds,overcast clouds
kendujhar,2026-07-03 07:54:34.593982,2,353.38,3.12,11.78,13.21,6.1,12.04,13.08,0.97,28.65,31.81,69.0,999.0,2.34,153.0,Clouds,overcast clouds
kendujhar,2026-07-03 10:25:19.029587,2,345.92,2.56,9.79,15.52,4.95,12.2,13.27,1.31,27.88,30.96,74.0,998.0,2.93,152.0,Rain,moderate rain
kendujhar,2026-07-03 12:51:48.365964,2,344.98,0.8,11.27,11.58,3.21,12.13,13.37,1.68,25.72,26.62,87.0,998.0,1.33,175.0,Clouds,overcast clouds
kendujhar,2026-07-03 15:00:54.933637,2,436.22,0.19,14.51,4.69,5.07,19.32,21.29,1.96,25.07,25.96,89.0,1000.0,0.21,231.0,Clouds,overcast clouds
kendujhar,2026-07-03 17:11:05.296427,2,435.98,0.19,13.49,4.43,4.42,20.94,22.76,1.95,25.08,25.94,88.0,1000.0,0.79,283.0,Clouds,overcast clouds
kendujhar,2026-07-03 18:59:28.118695,2,413.62,0.14,12.97,4.39,3.98,20.98,22.04,1.92,24.2,25.05,91.0,999.0,1.07,297.0,Clouds,overcast clouds
kendujhar,2026-07-03 20:13:49.220864,2,396.69,0.09,12.49,4.61,3.74,20.41,21.16,1.53,24.08,24.92,91.0,998.0,1.42,317.0,Clouds,overcast clouds
kendujhar,2026-07-03 21:55:32.933635,2,379.31,0.06,12.03,5.11,3.8,19.17,19.64,1.17,23.75,24.61,93.0,998.0,2.29,353.0,Clouds,overcast clouds
kendujhar,2026-07-03 22:53:32.572390,2,379.9,0.09,11.31,4.23,3.85,18.6,19.07,1.4,23.57,24.44,94.0,998.0,2.47,1.0,Clouds,overcast clouds
kendujhar,2026-07-03 23:55:29.902044,2,383.21,0.14,10.8,3.45,3.87,18.12,18.63,1.72,23.47,24.35,95.0,999.0,2.3,2.0,Clouds,overcast clouds
kendujhar,2026-07-04 01:48:46.696145,2,407.95,1.12,9.59,3.16,4.16,18.32,19.32,1.87,25.05,25.88,87.0,999.0,3.38,29.0,Clouds,overcast clouds
kendujhar,2026-07-04 05:35:59.591471,2,471.84,2.92,10.86,11.78,5.77,23.16,24.45,0.99,28.82,31.99,68.0,998.0,4.33,36.0,Rain,light rain
kendujhar,2026-07-04 08:20:57.350223,2,464.56,2.21,13.26,11.52,8.77,24.11,25.68,1.1,27.64,30.58,75.0,995.0,6.24,39.0,Rain,light rain
kendujhar,2026-07-04 10:48:08.899194,3,484.89,1.4,14.72,9.28,8.42,25.58,27.45,1.94,26.49,26.49,83.0,994.0,3.63,30.0,Rain,light rain
kendujhar,2026-07-04 12:00:56.774271,3,496.86,1.07,14.72,8.34,7.28,25.66,27.4,1.67,25.54,26.45,88.0,994.0,2.42,44.0,Clouds,overcast clouds
kendujhar,2026-07-04 14:22:49.778805,2,456.03,0.0,11.25,20.7,4.69,19.5,20.3,1.02,25.03,25.91,89.0,996.0,1.75,29.0,Clouds,overcast clouds
kendujhar,2026-07-04 15:53:24.202961,2,477.35,0.01,10.29,16.23,3.69,21.57,22.36,1.07,24.6,25.49,91.0,997.0,2.4,17.0,Clouds,overcast clouds
kendujhar,2026-07-04 16:51:19.284075,2,485.39,0.01,9.85,14.84,3.47,21.97,22.69,1.03,24.58,25.47,91.0,996.0,2.62,6.0,Clouds,overcast clouds
kendujhar,2026-07-04 17:55:01.178717,2,490.41,0.01,9.5,13.99,3.21,22.11,22.7,0.96,24.22,25.13,93.0,996.0,3.75,12.0,Rain,light rain
kendujhar,2026-07-04 18:54:00.400390,2,487.77,0.01,8.97,12.85,2.93,21.78,22.2,0.9,24.05,24.94,93.0,996.0,4.67,16.0,Rain,light rain
kendujhar,2026-07-04 20:04:07.913275,2,482.55,0.01,8.29,11.18,2.65,21.1,21.48,0.99,23.87,24.79,95.0,995.0,5.25,23.0,Rain,light rain
kendujhar,2026-07-04 21:46:09.887898,2,466.14,0.03,7.6,9.22,2.27,19.28,19.64,1.25,23.85,24.8,96.0,994.0,4.23,35.0,Clouds,overcast clouds
kendujhar,2026-07-04 22:45:31.742526,2,457.95,0.03,7.48,8.71,2.16,18.27,18.62,1.24,23.53,24.5,98.0,994.0,3.05,59.0,Clouds,overcast clouds
kendujhar,2026-07-04 23:52:16.171561,2,446.49,0.03,7.51,8.29,2.12,17.11,17.46,1.17,23.68,24.66,98.0,994.0,2.26,69.0,Clouds,overcast clouds
kendujhar,2026-07-05 01:54:18.978058,2,422.57,0.32,7.46,7.96,2.23,15.36,15.92,1.05,23.81,24.81,98.0,995.0,3.82,84.0,Rain,moderate rain
kendujhar,2026-07-05 05:54:06.148656,2,391.46,0.85,8.84,15.84,3.34,15.8,16.27,0.69,27.33,30.49,80.0,994.0,6.1,46.0,Rain,moderate rain
kendujhar,2026-07-05 08:38:38.896971,2,356.72,0.31,8.29,23.18,3.1,15.44,15.82,0.64,26.87,29.72,83.0,993.0,4.19,49.0,Rain,moderate rain
kendujhar,2026-07-05 10:57:27.082222,2,312.22,0.16,7.17,26.68,2.72,12.91,13.21,0.6,25.56,26.5,89.0,992.0,0.89,120.0,Rain,heavy intensity rain
kendujhar,2026-07-05 12:11:17.388456,2,290.76,0.06,6.75,26.98,2.52,11.66,11.96,0.62,24.69,25.62,92.0,993.0,1.47,159.0,Rain,light rain
kendujhar,2026-07-05 14:24:46.109044,2,333.38,0.0,7.57,27.11,3.04,12.98,13.34,0.65,23.83,24.78,96.0,994.0,1.85,169.0,Clouds,overcast clouds
kendujhar,2026-07-05 15:59:58.054921,2,307.02,0.0,6.7,27.53,2.83,12.67,13.0,0.61,23.27,24.13,95.0,996.0,3.51,206.0,Rain,light rain
kendujhar,2026-07-05 17:11:36.363655,2,279.94,0.0,6.18,28.03,2.67,11.71,12.0,0.56,22.86,23.68,95.0,996.0,4.52,214.0,Rain,light rain
kendujhar,2026-07-05 18:59:12.341721,1,216.02,0.0,4.97,28.15,2.05,8.8,8.95,0.48,22.74,23.6,97.0,996.0,3.51,212.0,Clouds,overcast clouds
kendujhar,2026-07-05 20:12:50.009258,1,191.35,0.0,4.49,27.42,1.7,7.13,7.26,0.47,22.47,23.28,96.0,995.0,3.82,215.0,Rain,light rain
kendujhar,2026-07-05 21:49:14.743379,1,159.14,0.0,3.76,26.71,1.16,4.61,4.72,0.45,22.66,23.46,95.0,995.0,4.6,224.0,Rain,light rain
kendujhar,2026-07-05 22:49:34.895092,1,149.42,0.0,3.49,26.69,1.01,3.85,3.96,0.46,22.68,23.48,95.0,995.0,5.28,220.0,Clouds,overcast clouds
kendujhar,2026-07-05 23:55:37.759431,1,141.84,0.0,3.27,26.59,0.93,3.32,3.45,0.47,22.87,23.69,95.0,996.0,5.04,220.0,Clouds,overcast clouds
kendujhar,2026-07-06 02:01:19.482046,1,136.91,0.05,3.22,24.76,1.06,2.87,3.15,0.52,22.68,23.46,94.0,998.0,6.6,217.0,Clouds,overcast clouds
kendujhar,2026-07-06 06:59:28.926191,1,125.47,0.25,2.06,32.6,1.06,4.21,4.5,0.57,22.74,23.5,93.0,998.0,6.7,216.0,Clouds,overcast clouds
kendujhar,2026-07-06 11:26:58.806692,1,117.82,0.07,1.83,42.07,1.2,7.42,7.81,1.12,22.65,23.43,94.0,998.0,5.04,214.0,Clouds,overcast clouds
kendujhar,2026-07-06 14:54:49.940010,1,142.45,0.0,3.23,35.05,1.05,7.0,8.42,2.72,22.51,23.27,94.0,1001.0,5.52,222.0,Clouds,overcast clouds
kendujhar,2026-07-06 17:33:46.230456,1,152.2,0.0,3.17,31.9,0.87,6.06,7.55,2.37,22.69,23.36,90.0,1002.0,5.11,229.0,Clouds,overcast clouds
kendujhar,2026-07-06 19:33:16.756661,1,151.17,0.0,2.81,30.25,0.63,5.4,6.4,1.56,22.93,23.63,90.0,1001.0,3.75,218.0,Clouds,overcast clouds
kendujhar,2026-07-06 21:19:27.648247,1,154.51,0.0,2.76,29.07,0.61,5.36,6.28,1.39,22.8,23.51,91.0,1001.0,3.17,208.0,Clouds,overcast clouds
kendujhar,2026-07-06 22:55:57.502701,1,164.93,0.0,2.89,26.28,0.7,5.66,6.47,1.21,22.65,23.43,94.0,1001.0,2.42,185.0,Clouds,overcast clouds
kendujhar,2026-07-06 23:57:57.591058,1,171.81,0.0,3.08,25.3,0.81,6.12,6.99,1.23,22.6,23.37,94.0,1002.0,2.69,192.0,Clouds,overcast clouds
kendujhar,2026-07-07 02:37:33.342614,1,192.08,0.55,3.58,27.66,1.67,9.7,11.62,1.51,25.44,26.13,80.0,1003.0,4.72,217.0,Clouds,overcast clouds
kendujhar,2026-07-07 06:35:22.882862,2,165.78,0.24,2.45,51.85,2.97,15.75,17.82,2.03,25.71,26.43,80.0,1002.0,3.6,237.0,Clouds,overcast clouds
kendujhar,2026-07-07 10:17:39.183284,2,158.52,0.1,2.33,53.11,2.68,13.15,14.54,2.27,28.03,31.14,73.0,1000.0,4.67,222.0,Clouds,overcast clouds
kendujhar,2026-07-07 13:10:44.125954,2,195.4,0.02,4.3,40.97,2.78,14.84,16.9,2.5,25.19,26.06,88.0,1002.0,2.51,226.0,Clouds,scattered clouds
kendujhar,2026-07-07 16:16:58.834817,2,190.45,0.01,5.04,34.49,2.82,10.48,13.38,2.83,24.27,25.13,91.0,1004.0,2.22,198.0,Clouds,broken clouds
kendujhar,2026-07-07 18:54:10.615682,2,188.4,0.0,4.66,36.03,2.75,10.28,13.05,2.18,23.99,24.77,89.0,1003.0,2.05,205.0,Clouds,overcast clouds
kendujhar,2026-07-07 20:44:33.207282,1,182.98,0.0,4.15,35.19,2.25,9.28,11.23,1.65,23.88,24.62,88.0,1003.0,1.89,200.0,Clouds,overcast clouds
kendujhar,2026-07-07 22:04:16.859796,1,181.25,0.0,3.92,34.52,1.94,8.79,10.56,1.52,23.84,24.6,89.0,1002.0,2.21,197.0,Clouds,overcast clouds
kendujhar,2026-07-07 23:44:50.467910,1,184.64,0.0,3.68,32.23,1.48,8.42,10.24,1.52,23.63,24.4,90.0,1002.0,2.3,206.0,Clouds,overcast clouds
kendujhar,2026-07-08 01:26:36.654200,1,187.02,0.07,3.58,31.8,1.4,8.57,10.6,1.61,24.86,25.65,86.0,1003.0,2.39,200.0,Clouds,overcast clouds
kendujhar,2026-07-08 04:57:28.012440,2,150.44,0.35,1.77,58.29,3.24,11.94,14.73,1.96,28.67,31.69,68.0,1003.0,5.5,228.0,Clouds,overcast clouds
kendujhar,2026-07-08 07:25:06.746494,1,136.1,0.16,1.36,59.47,2.34,9.98,11.8,2.03,29.77,32.98,63.0,1003.0,5.99,233.0,Clouds,overcast clouds
kendujhar,2026-07-08 10:05:43.188930,1,142.85,0.15,1.89,54.69,2.19,9.35,10.48,2.29,29.09,32.01,65.0,1001.0,5.3,237.0,Clouds,overcast clouds
kendujhar,2026-07-08 12:13:03.941826,2,163.72,0.06,3.43,50.76,2.74,11.97,13.7,3.07,27.87,30.54,71.0,1001.0,4.24,237.0,Clouds,overcast clouds
kendujhar,2026-07-08 15:07:43.071486,2,188.69,0.0,4.78,42.71,2.81,12.13,15.2,3.15,26.01,26.01,78.0,1003.0,1.89,195.0,Clouds,overcast clouds
kendujhar,2026-07-08 17:17:31.421404,2,193.73,0.0,4.97,36.4,2.71,11.61,14.78,2.47,25.43,26.2,83.0,1004.0,2.16,172.0,Clouds,overcast clouds
kendujhar,2026-07-08 19:04:15.786945,2,191.11,0.0,4.84,31.6,2.49,10.26,12.88,2.03,24.85,25.66,87.0,1003.0,2.07,209.0,Clouds,overcast clouds
kendujhar,2026-07-08 20:55:09.542328,1,190.19,0.0,4.56,28.23,2.2,9.25,11.13,1.66,25.03,25.76,83.0,1003.0,3.1,219.0,Clouds,overcast clouds
kendujhar,2026-07-08 21:57:52.849112,1,190.56,0.0,4.45,26.68,1.83,9.08,10.82,1.58,24.81,25.51,83.0,1002.0,2.51,214.0,Clouds,overcast clouds
kendujhar,2026-07-08 22:59:51.719929,1,192.27,0.0,4.41,25.1,1.57,9.12,10.88,1.59,24.75,25.4,81.0,1002.0,2.62,235.0,Clouds,overcast clouds
kendujhar,2026-07-09 00:09:22.667259,1,195.0,0.0,4.41,23.8,1.46,9.27,11.13,1.66,24.61,25.29,83.0,1002.0,2.2,217.0,Clouds,overcast clouds
kendujhar,2026-07-09 04:46:10.410334,1,153.42,0.29,2.87,40.14,2.3,4.85,5.91,1.95,27.9,30.6,71.0,1004.0,5.42,212.0,Clouds,overcast clouds
kendujhar,2026-07-09 08:18:34.183170,1,169.46,0.16,2.54,43.86,2.09,6.23,6.92,1.79,26.63,26.63,76.0,1003.0,5.02,209.0,Clouds,overcast clouds
kendujhar,2026-07-09 11:44:17.067642,1,200.68,0.09,3.68,38.53,2.01,8.8,9.73,1.59,24.73,25.58,89.0,1003.0,2.85,204.0,Clouds,overcast clouds
kendujhar,2026-07-09 14:27:20.090899,1,226.15,0.02,5.27,24.85,1.44,8.81,10.84,1.87,24.23,25.14,93.0,1004.0,3.01,216.0,Clouds,overcast clouds
kendujhar,2026-07-09 17:11:21.176302,1,258.13,0.02,5.18,19.7,1.09,9.78,13.02,1.84,24.12,24.99,92.0,1004.0,3.45,222.0,Clouds,overcast clouds
kendujhar,2026-07-09 19:19:21.789931,1,247.2,0.0,4.52,21.48,0.83,9.84,12.16,1.68,24.34,25.18,90.0,1003.0,1.92,235.0,Clouds,overcast clouds
kendujhar,2026-07-09 21:10:20.223044,1,228.76,0.0,3.73,23.61,0.73,9.43,10.92,1.58,24.49,25.27,87.0,1002.0,3.27,239.0,Clouds,overcast clouds
kendujhar,2026-07-09 23:01:43.775930,1,218.27,0.0,3.5,21.81,0.64,8.75,9.98,1.57,24.41,25.15,86.0,1002.0,2.95,249.0,Clouds,overcast clouds
kendujhar,2026-07-10 01:47:07.821101,1,211.49,0.32,3.59,19.57,1.07,7.47,9.04,1.61,24.39,25.16,87.0,1004.0,1.93,228.0,Clouds,overcast clouds
kendujhar,2026-07-10 05:52:41.912709,1,146.3,0.18,2.38,37.91,1.68,5.07,5.6,1.08,29.92,33.29,63.0,1003.0,3.61,246.0,Clouds,overcast clouds
kendujhar,2026-07-10 08:58:47.273953,1,152.8,0.14,2.98,41.48,2.34,6.84,7.47,1.57,28.73,31.98,69.0,1002.0,4.67,246.0,Clouds,overcast clouds
kendujhar,2026-07-10 11:48:53.388370,1,172.65,0.06,3.84,37.53,2.25,7.57,8.21,1.31,27.71,30.6,74.0,1002.0,4.84,235.0,Clouds,overcast clouds
kendujhar,2026-07-10 13:54:11.950254,1,187.78,0.0,4.3,30.31,1.09,7.61,8.89,1.42,25.1,25.91,86.0,1003.0,2.61,237.0,Clouds,overcast clouds
kendujhar,2026-07-10 16:13:14.541862,1,212.75,0.0,4.63,25.0,0.96,8.6,10.45,1.7,25.14,25.9,84.0,1004.0,3.09,246.0,Rain,light rain
kendujhar,2026-07-10 18:16:20.162953,1,230.93,0.01,4.88,21.49,0.82,9.07,11.03,2.13,25.01,25.71,82.0,1003.0,4.54,253.0,Clouds,overcast clouds
kendujhar,2026-07-10 20:12:07.857032,1,222.23,0.0,4.41,20.68,0.67,7.91,9.37,2.4,24.4,25.12,85.0,1002.0,3.14,264.0,Clouds,overcast clouds
kendujhar,2026-07-10 21:50:25.580916,1,203.72,0.0,3.76,22.69,0.69,6.32,7.57,2.56,23.63,24.4,90.0,1002.0,2.4,279.0,Clouds,overcast clouds
kendujhar,2026-07-10 22:48:46.540760,1,196.0,0.0,3.53,23.74,0.73,5.71,6.89,2.62,23.46,24.21,90.0,1003.0,2.6,279.0,Clouds,overcast clouds
kendujhar,2026-07-10 23:46:19.346780,1,188.38,0.0,3.33,25.03,0.78,5.09,6.19,2.7,23.5,24.2,88.0,1003.0,3.47,278.0,Clouds,overcast clouds
kendujhar,2026-07-11 01:26:19.458254,1,181.26,0.04,3.14,26.62,0.9,4.58,5.65,2.83,23.6,24.26,86.0,1003.0,4.23,268.0,Clouds,overcast clouds
kendujhar,2026-07-11 04:52:33.846225,1,130.05,0.22,1.99,50.34,2.11,4.8,5.34,2.0,24.53,25.23,84.0,1003.0,3.59,240.0,Clouds,overcast clouds
kendujhar,2026-07-11 07:04:57.361098,2,125.97,0.12,1.64,62.99,2.33,6.28,6.85,2.13,25.74,26.35,76.0,1002.0,4.18,249.0,Clouds,overcast clouds
kendujhar,2026-07-11 09:15:23.374485,2,125.95,0.11,1.47,71.87,2.49,7.55,8.33,2.44,25.17,25.81,79.0,1001.0,3.18,259.0,Clouds,overcast clouds
kendujhar,2026-07-11 10:53:10.405907,2,134.33,0.09,1.61,69.81,2.16,8.86,9.78,2.9,26.91,28.86,72.0,1000.0,4.13,262.0,Clouds,overcast clouds
kendujhar,2026-07-11 11:43:23.454615,2,139.47,0.06,1.95,66.93,2.0,9.02,10.02,3.13,26.23,26.23,75.0,1000.0,3.28,256.0,Clouds,overcast clouds
kendujhar,2026-07-11 12:51:35.032464,1,151.85,0.02,2.71,57.29,1.66,9.21,10.53,3.39,26.22,26.22,73.0,1001.0,3.58,251.0,Clouds,overcast clouds
kendujhar,2026-07-11 14:17:24.730336,1,172.8,0.0,3.48,47.07,1.46,9.79,11.74,3.83,25.55,26.12,75.0,1001.0,3.33,244.0,Clouds,overcast clouds
kendujhar,2026-07-11 15:43:45.721245,2,201.61,0.0,4.14,39.46,1.3,10.44,13.3,4.18,25.15,25.73,77.0,1002.0,3.13,238.0,Clouds,overcast clouds
kendujhar,2026-07-11 16:41:39.850523,2,206.57,0.0,4.12,39.35,1.27,10.41,13.32,4.1,25.01,25.6,78.0,1002.0,3.14,244.0,Clouds,overcast clouds
kendujhar,2026-07-11 17:44:48.192689,1,202.67,0.0,3.9,41.13,1.24,10.0,12.57,4.06,24.64,25.27,81.0,1002.0,2.56,252.0,Clouds,broken clouds
kendujhar,2026-07-11 18:42:59.701879,1,190.61,0.0,3.48,43.69,1.2,9.11,11.13,4.23,23.71,24.17,78.0,1002.0,2.22,252.0,Clouds,broken clouds
kendujhar,2026-07-11 19:58:10.998842,1,181.47,0.0,3.14,43.64,1.14,8.46,10.15,4.6,23.64,24.12,79.0,1001.0,2.3,253.0,Clouds,broken clouds
kendujhar,2026-07-11 20:42:26.482295,1,171.56,0.0,2.8,44.58,1.14,8.2,9.66,5.05,23.46,23.98,81.0,1001.0,2.79,253.0,Clouds,overcast clouds
kendujhar,2026-07-11 21:38:46.270727,1,161.48,0.0,2.48,47.37,1.22,8.52,9.85,5.24,23.57,24.1,81.0,1000.0,2.86,252.0,Clouds,overcast clouds
kendujhar,2026-07-11 22:36:09.037294,1,156.39,0.0,2.33,47.8,1.28,9.29,10.58,5.05,23.56,24.11,82.0,1000.0,2.81,247.0,Clouds,overcast clouds
kendujhar,2026-07-11 23:42:01.716569,2,153.19,0.0,2.28,47.83,1.37,10.18,11.48,4.78,23.37,23.96,84.0,1001.0,2.38,253.0,Clouds,overcast clouds
kendujhar,2026-07-12 01:28:12.076929,2,151.81,0.02,2.34,47.19,1.57,10.91,12.29,4.61,24.02,24.7,85.0,1001.0,2.24,257.0,Clouds,overcast clouds
kendujhar,2026-07-12 05:14:59.036201,1,120.28,0.09,2.35,53.16,3.3,8.71,9.81,3.13,29.6,31.73,58.0,1002.0,4.45,276.0,Clouds,overcast clouds
kendujhar,2026-07-12 07:56:32.423981,1,126.19,0.08,2.37,53.18,3.16,6.04,6.86,3.46,30.9,33.48,55.0,1000.0,6.06,267.0,Clouds,overcast clouds
kendujhar,2026-07-12 09:43:39.461890,1,133.63,0.08,2.71,51.05,3.22,5.2,6.03,3.66,30.87,32.8,52.0,998.0,4.51,264.0,Clouds,overcast clouds
kendujhar,2026-07-12 11:03:40.878439,1,137.59,0.05,2.97,49.73,3.18,4.99,5.87,3.89,30.95,33.35,54.0,998.0,4.34,255.0,Clouds,overcast clouds
kendujhar,2026-07-12 12:52:25.652217,1,151.06,0.01,3.74,45.27,2.42,4.56,5.74,4.56,27.7,29.64,66.0,1000.0,3.11,230.0,Clouds,overcast clouds
kendujhar,2026-07-12 14:22:03.723214,1,165.67,0.0,3.95,44.11,1.58,4.18,5.51,3.84,27.0,28.77,69.0,1001.0,4.2,230.0,Clouds,overcast clouds
kendujhar,2026-07-12 15:48:06.320963,1,197.49,0.0,4.73,34.64,1.63,6.11,8.47,4.47,26.3,26.3,70.0,1001.0,3.98,246.0,Clouds,overcast clouds
kendujhar,2026-07-12 16:43:36.977926,1,202.49,0.0,4.75,33.38,1.79,6.89,9.38,4.82,26.12,26.12,71.0,1001.0,3.77,251.0,Clouds,overcast clouds
kendujhar,2026-07-12 17:50:01.411181,1,196.36,0.0,4.46,35.14,1.98,7.5,9.83,5.26,25.77,26.28,72.0,1001.0,2.92,253.0,Clouds,overcast clouds
kendujhar,2026-07-12 18:46:40.275378,1,177.42,0.0,3.73,39.6,2.11,8.07,10.16,5.64,25.26,25.85,77.0,1001.0,2.84,262.0,Clouds,overcast clouds
kendujhar,2026-07-12 20:00:18.744692,1,164.66,0.0,3.22,41.94,2.08,8.29,10.3,5.79,25.09,25.67,77.0,1000.0,2.99,259.0,Clouds,overcast clouds
kendujhar,2026-07-12 20:51:02.385712,1,154.86,0.0,2.84,43.93,2.04,8.02,9.89,5.95,24.87,25.45,78.0,1000.0,2.83,253.0,Clouds,overcast clouds
kendujhar,2026-07-12 21:38:27.141321,1,147.08,0.0,2.63,46.01,2.17,7.7,9.44,6.13,24.88,25.43,77.0,1000.0,2.88,253.0,Clouds,overcast clouds
kendujhar,2026-07-12 22:37:12.241070,1,142.93,0.0,2.48,47.31,2.14,7.79,9.48,6.27,24.92,25.48,77.0,1000.0,2.72,253.0,Clouds,overcast clouds
kendujhar,2026-07-12 23:41:38.110588,1,141.08,0.0,2.42,47.97,2.17,8.2,9.87,6.42,24.74,25.33,79.0,1001.0,2.43,258.0,Clouds,overcast clouds
kendujhar,2026-07-13 01:29:02.196187,1,141.36,0.01,2.54,47.51,2.36,8.62,10.34,6.51,24.9,25.56,81.0,1002.0,2.04,264.0,Clouds,overcast clouds
kendujhar,2026-07-13 05:24:16.145556,2,136.34,0.28,3.36,54.09,5.52,11.6,13.55,4.67,31.54,33.99,52.0,1002.0,3.31,323.0,Clouds,overcast clouds
kendujhar,2026-07-13 08:44:28.071400,2,150.87,0.14,4.33,55.84,6.91,12.2,14.03,4.04,30.08,32.78,59.0,1000.0,2.74,256.0,Clouds,overcast clouds
kendujhar,2026-07-13 11:49:52.698301,2,165.04,0.04,5.3,54.22,6.55,10.62,12.42,3.98,28.7,31.27,65.0,1000.0,2.84,246.0,Clouds,overcast clouds
kendujhar,2026-07-13 14:00:23.914640,2,198.92,0.0,5.6,45.35,3.51,10.77,13.13,4.21,27.65,29.56,66.0,1002.0,1.04,180.0,Clouds,overcast clouds
kendujhar,2026-07-13 16:35:36.790225,2,243.96,0.0,5.57,34.42,1.93,10.77,14.45,4.51,25.57,26.19,77.0,1003.0,2.14,156.0,Clouds,overcast clouds
kendujhar,2026-07-13 18:25:58.693645,2,249.75,0.0,5.52,33.54,1.85,10.5,14.15,4.98,25.31,25.99,80.0,1003.0,1.69,163.0,Clouds,overcast clouds
kendujhar,2026-07-13 20:07:03.424505,2,247.29,0.01,5.26,31.73,2.14,10.54,13.79,6.05,25.13,25.81,81.0,1001.0,1.22,198.0,Clouds,overcast clouds
kendujhar,2026-07-13 21:43:20.722656,2,238.52,0.0,5.03,29.72,2.8,11.48,14.66,6.53,25.09,25.74,80.0,1001.0,2.28,235.0,Clouds,overcast clouds
kendujhar,2026-07-13 22:43:29.949119,2,227.66,0.0,4.76,30.52,3.1,11.59,14.5,6.44,24.83,25.48,81.0,1001.0,1.51,258.0,Clouds,overcast clouds
kendujhar,2026-07-13 23:42:00.429349,2,214.92,0.0,4.46,32.68,3.29,11.57,14.11,6.21,24.97,25.64,81.0,1002.0,1.84,269.0,Clouds,overcast clouds
kendujhar,2026-07-14 01:18:17.516666,2,204.47,0.01,4.35,34.97,3.73,11.93,14.2,5.91,24.78,25.48,83.0,1003.0,0.75,258.0,Clouds,overcast clouds
kendujhar,2026-07-14 04:39:26.714090,2,213.37,0.56,6.9,36.45,7.01,18.53,20.82,3.57,27.25,29.38,71.0,1003.0,0.17,267.0,Clouds,overcast clouds
kendujhar,2026-07-14 07:02:23.985081,2,204.83,0.84,6.63,43.94,7.84,22.06,24.38,3.08,26.79,28.81,74.0,1002.0,0.68,126.0,Clouds,overcast clouds
kendujhar,2026-07-14 09:44:44.068962,3,207.98,0.86,7.83,40.03,8.76,28.09,30.64,2.46,27.21,29.5,73.0,1001.0,1.31,212.0,Clouds,overcast clouds
kendujhar,2026-07-14 11:16:29.365775,3,225.09,0.62,8.62,31.3,8.37,29.6,32.34,2.48,27.02,29.23,74.0,1001.0,1.58,230.0,Rain,light rain
kendujhar,2026-07-14 13:03:29.416679,3,265.21,0.1,11.03,21.5,7.18,31.86,35.49,3.19,25.49,26.16,79.0,1001.0,1.19,277.0,Clouds,overcast clouds
kendujhar,2026-07-14 15:15:31.558516,3,306.13,0.01,7.84,21.92,3.84,34.93,40.14,2.31,24.97,25.61,80.0,1003.0,1.77,320.0,Clouds,overcast clouds
kendujhar,2026-07-14 17:00:59.813810,3,321.29,0.01,6.87,19.02,2.18,35.55,42.41,2.24,24.83,25.46,80.0,1003.0,1.8,266.0,Clouds,overcast clouds
kendujhar,2026-07-14 18:59:40.015579,3,289.68,0.01,5.3,32.42,1.95,32.45,40.23,3.44,24.35,25.01,83.0,1003.0,1.21,275.0,Clouds,overcast clouds
kendujhar,2026-07-14 20:11:09.134055,3,276.56,0.01,4.56,37.07,1.77,30.24,37.46,4.02,24.15,24.81,84.0,1002.0,1.47,279.0,Clouds,overcast clouds
kendujhar,2026-07-14 21:45:31.434625,3,261.57,0.0,3.85,41.58,1.87,26.11,30.76,4.13,23.66,24.33,86.0,1002.0,1.74,311.0,Clouds,overcast clouds
kendujhar,2026-07-14 22:45:22.115632,2,248.33,0.0,3.67,42.43,2.08,24.16,28.02,3.56,23.54,24.2,86.0,1002.0,1.81,319.0,Clouds,overcast clouds
kendujhar,2026-07-14 23:41:20.151892,2,233.94,0.0,3.5,43.34,2.25,22.01,25.15,3.15,23.87,24.56,86.0,1002.0,1.77,308.0,Clouds,overcast clouds
kendujhar,2026-07-15 01:15:43.021096,2,225.91,0.01,3.51,42.9,2.63,20.15,22.59,2.78,24.67,25.36,83.0,1003.0,1.54,347.0,Clouds,overcast clouds
kendujhar,2026-07-15 04:39:15.902268,2,218.19,0.64,4.84,45.51,5.12,19.3,20.61,1.44,29.38,32.4,64.0,1003.0,5.06,14.0,Clouds,overcast clouds
kendujhar,2026-07-15 07:05:42.056887,2,216.32,0.49,5.75,51.75,6.06,22.78,23.9,1.3,29.99,33.22,62.0,1002.0,5.12,8.0,Clouds,overcast clouds
kendujhar,2026-07-15 09:48:30.012338,2,210.3,0.3,5.67,48.96,4.66,14.99,15.73,1.47,29.66,33.16,65.0,1000.0,4.02,17.0,Clouds,overcast clouds
kendujhar,2026-07-15 11:20:19.096983,2,213.76,0.2,5.62,48.37,4.28,14.07,14.78,1.7,28.51,32.01,72.0,1000.0,3.35,18.0,Clouds,overcast clouds
kendujhar,2026-07-15 13:07:04.243864,2,220.94,0.03,6.03,48.26,4.15,15.08,15.94,2.0,25.55,26.33,83.0,1002.0,2.35,332.0,Clouds,overcast clouds
kendujhar,2026-07-15 15:16:55.246711,2,224.1,0.0,4.99,53.0,3.73,19.62,20.46,1.32,25.01,25.79,85.0,1003.0,1.9,312.0,Clouds,overcast clouds
kendujhar,2026-07-15 17:03:37.684265,2,215.3,0.0,3.97,53.51,4.19,18.18,19.11,1.49,23.99,24.79,90.0,1004.0,2.03,275.0,Clouds,overcast clouds
kendujhar,2026-07-15 18:53:09.092635,2,210.66,0.0,3.79,50.86,4.76,17.03,17.84,1.6,24.3,25.06,87.0,1002.0,2.03,280.0,Clouds,overcast clouds
kendujhar,2026-07-15 20:01:00.580935,2,209.85,0.0,3.84,49.38,4.72,16.76,17.41,1.31,24.06,24.82,88.0,1002.0,1.92,287.0,Clouds,overcast clouds
kendujhar,2026-07-15 21:45:37.116820,2,210.18,0.0,4.14,45.93,4.06,16.7,17.11,0.83,23.75,24.53,90.0,1002.0,1.66,308.0,Clouds,overcast clouds
kendujhar,2026-07-15 22:46:39.474500,2,213.87,0.0,4.11,43.4,3.8,16.72,17.07,0.73,23.68,24.45,90.0,1002.0,1.78,310.0,Clouds,overcast clouds
kendujhar,2026-07-15 23:48:11.410865,2,218.25,0.0,4.06,41.06,3.73,16.79,17.12,0.69,23.54,24.33,91.0,1002.0,1.77,312.0,Clouds,overcast clouds
kendujhar,2026-07-16 01:25:10.414566,2,222.48,0.01,4.16,38.55,3.88,16.86,17.23,0.67,25.46,26.33,87.0,1003.0,2.36,328.0,Clouds,overcast clouds
kendujhar,2026-07-16 04:49:12.219033,2,228.45,0.35,5.03,37.86,3.74,16.43,16.95,0.52,28.7,31.92,69.0,1003.0,5.31,8.0,Clouds,overcast clouds
kendujhar,2026-07-16 07:14:09.830130,2,221.05,0.37,4.73,44.71,3.32,15.04,15.45,0.56,29.3,32.61,66.0,1002.0,2.97,337.0,Clouds,overcast clouds
kendujhar,2026-07-16 09:54:35.727041,2,220.73,0.13,4.05,52.24,2.86,16.52,16.91,0.87,27.54,30.49,76.0,1000.0,3.14,313.0,Clouds,overcast clouds
kendujhar,2026-07-16 11:25:57.838498,2,226.17,0.1,4.12,52.23,2.86,18.44,18.89,1.02,27.56,30.65,77.0,1000.0,3.37,307.0,Clouds,overcast clouds
kendujhar,2026-07-16 13:15:52.779450,2,261.92,0.01,6.65,44.48,2.99,23.0,23.43,0.59,25.45,26.3,86.0,1001.0,2.79,323.0,Clouds,overcast clouds
kendujhar,2026-07-16 15:24:52.337138,2,269.27,0.0,5.64,45.17,2.77,24.63,25.22,0.72,25.26,26.06,85.0,1002.0,2.36,284.0,Clouds,overcast clouds
kendujhar,2026-07-16 17:01:29.787573,2,279.5,0.0,5.34,41.66,3.36,23.57,24.13,0.74,24.44,25.32,91.0,1003.0,2.35,264.0,Clouds,overcast clouds
kendujhar,2026-07-16 18:53:58.749674,2,282.04,0.0,5.24,38.21,3.36,20.64,20.92,0.65,23.65,24.58,96.0,1002.0,3.01,257.0,Clouds,overcast clouds
kendujhar,2026-07-16 19:55:10.892925,2,278.74,0.0,5.03,37.23,3.19,18.66,18.9,0.67,23.45,24.33,95.0,1002.0,3.13,252.0,Clouds,overcast clouds
kendujhar,2026-07-16 20:44:13.726657,2,272.51,0.0,4.79,36.94,3.06,16.77,17.0,0.71,23.13,23.98,95.0,1001.0,3.04,253.0,Clouds,overcast clouds
kendujhar,2026-07-16 21:54:27.812336,2,264.27,0.0,4.55,37.08,2.94,15.17,15.39,0.74,23.14,23.99,95.0,1001.0,3.1,256.0,Clouds,overcast clouds
kendujhar,2026-07-16 22:46:56.288367,2,254.84,0.0,4.32,36.97,2.86,13.84,14.05,0.7,23.06,23.9,95.0,1002.0,2.88,256.0,Rain,light rain
kendujhar,2026-07-16 23:47:33.379644,2,246.09,0.0,4.2,36.83,2.85,12.73,12.93,0.64,22.8,23.64,96.0,1002.0,2.94,246.0,Rain,light rain
kendujhar,2026-07-17 01:28:03.514846,2,239.01,0.0,4.28,35.97,2.98,11.94,12.18,0.6,23.3,24.14,94.0,1003.0,2.87,253.0,Clouds,overcast clouds
kendujhar,2026-07-17 04:52:16.050679,2,227.22,0.27,5.07,29.52,3.4,11.15,11.58,0.58,27.06,29.78,79.0,1003.0,3.21,266.0,Clouds,overcast clouds
kendujhar,2026-07-17 07:09:05.023701,2,225.06,0.48,5.63,32.74,3.72,11.87,12.22,0.54,26.12,26.12,82.0,1003.0,3.98,247.0,Clouds,overcast clouds
kendujhar,2026-07-17 09:45:03.463263,2,224.02,0.47,4.8,42.59,2.75,13.36,13.69,0.67,25.7,26.49,83.0,1001.0,3.88,248.0,Clouds,overcast clouds
kendujhar,2026-07-17 11:13:31.295273,2,224.83,0.29,4.98,43.29,2.47,13.37,13.73,0.75,25.29,26.12,86.0,1001.0,3.64,244.0,Rain,light rain
kendujhar,2026-07-17 13:00:29.611634,2,229.8,0.01,5.43,41.46,1.96,11.7,12.19,0.89,24.73,25.63,91.0,1002.0,3.21,227.0,Rain,moderate rain
kendujhar,2026-07-17 14:44:55.227676,2,251.59,0.0,5.41,26.91,1.6,12.51,13.74,1.25,24.13,25.05,94.0,1003.0,3.27,236.0,Clouds,overcast clouds
kendujhar,2026-07-17 16:07:26.337043,2,250.0,0.0,5.43,26.6,1.47,10.93,11.93,1.07,23.92,24.85,95.0,1004.0,3.17,235.0,Clouds,overcast clouds
kendujhar,2026-07-17 17:56:55.471339,1,267.95,0.0,5.79,24.55,1.37,9.58,10.35,1.03,23.8,24.74,96.0,1003.0,2.43,227.0,Rain,light rain
kendujhar,2026-07-17 18:55:58.665534,1,273.9,0.0,5.76,23.86,1.5,9.52,10.05,0.99,23.5,24.39,95.0,1003.0,2.4,227.0,Clouds,overcast clouds
kendujhar,2026-07-17 19:57:29.756226,1,278.25,0.0,5.52,23.43,1.45,9.48,9.87,0.95,23.38,24.28,96.0,1003.0,2.66,230.0,Clouds,overcast clouds
kendujhar,2026-07-17 20:45:57.502091,1,281.01,0.0,5.23,23.66,1.33,9.59,9.89,0.93,23.35,24.25,96.0,1002.0,2.43,231.0,Clouds,overcast clouds
kendujhar,2026-07-17 21:40:36.291194,2,281.57,0.0,4.9,24.97,1.08,10.07,10.33,0.92,23.29,24.18,96.0,1002.0,2.52,233.0,Clouds,overcast clouds
kendujhar,2026-07-17 22:37:40.508156,2,279.37,0.0,4.55,26.6,0.94,10.79,11.04,0.92,23.29,24.16,95.0,1002.0,2.57,235.0,Clouds,overcast clouds
kendujhar,2026-07-17 23:41:36.010603,2,275.14,0.0,4.27,28.0,0.89,11.22,11.46,0.93,23.21,24.07,95.0,1003.0,2.08,246.0,Clouds,overcast clouds
kendujhar,2026-07-18 01:19:56.415037,2,270.6,0.01,4.1,28.7,0.88,11.38,11.69,0.96,23.5,24.39,95.0,1004.0,1.82,252.0,Clouds,overcast clouds
kendujhar,2026-07-18 04:37:39.400792,1,219.76,0.27,3.65,34.28,1.75,9.75,10.16,0.75,26.3,26.3,82.0,1004.0,2.26,234.0,Clouds,overcast clouds
kendujhar,2026-07-18 06:52:23.030101,1,203.24,0.32,2.99,41.87,1.88,8.68,8.96,0.66,27.98,31.45,76.0,1002.0,3.43,239.0,Clouds,overcast clouds
kendujhar,2026-07-18 08:30:36.887214,2,197.37,0.27,2.62,45.77,1.63,10.63,10.95,0.91,29.02,32.96,71.0,1001.0,3.53,246.0,Clouds,overcast clouds
kendujhar,2026-07-18 10:08:23.871990,2,200.95,0.21,2.9,44.37,1.79,12.06,12.43,1.06,28.48,32.11,73.0,1001.0,3.37,244.0,Clouds,overcast clouds
kendujhar,2026-07-18 11:43:24.870194,2,210.67,0.06,4.14,35.04,1.97,13.35,13.88,1.1,26.85,29.67,83.0,1001.0,3.72,228.0,Clouds,overcast clouds
kendujhar,2026-07-18 12:46:14.309893,2,213.05,0.01,4.57,30.74,1.82,13.14,13.76,1.17,25.58,26.54,90.0,1001.0,1.45,259.0,Rain,light rain
kendujhar,2026-07-18 14:14:43.727897,2,249.53,0.0,6.38,23.2,2.06,13.14,14.92,3.72,24.84,25.81,93.0,1002.0,0.81,321.0,Clouds,overcast clouds
kendujhar,2026-07-18 15:43:27.471582,2,277.1,0.01,6.49,18.0,1.92,14.75,17.09,3.92,24.68,25.66,94.0,1004.0,0.68,292.0,Clouds,overcast clouds
kendujhar,2026-07-18 16:42:49.674507,2,287.02,0.02,6.27,15.77,1.83,15.21,17.61,3.36,24.38,25.33,94.0,1004.0,2.24,248.0,Clouds,overcast clouds
kendujhar,2026-07-18 17:45:31.683353,2,288.91,0.04,5.98,14.48,1.76,15.19,17.33,2.72,24.15,25.1,95.0,1003.0,3.24,235.0,Clouds,overcast clouds
kendujhar,2026-07-18 18:43:59.778742,2,281.33,0.04,5.56,14.28,1.58,14.57,16.23,2.23,23.8,24.74,96.0,1003.0,3.47,234.0,Clouds,overcast clouds
kendujhar,2026-07-18 19:58:13.425052,2,278.74,0.05,4.99,13.78,1.2,14.23,15.59,2.05,23.59,24.49,95.0,1003.0,3.18,237.0,Clouds,overcast clouds
kendujhar,2026-07-18 20:41:40.190346,2,278.21,0.06,4.57,13.07,0.97,13.99,15.16,1.94,23.42,24.3,95.0,1003.0,2.77,235.0,Clouds,overcast clouds
kendujhar,2026-07-18 21:39:12.746460,2,274.18,0.04,4.22,12.9,0.73,13.7,14.79,1.87,23.24,24.1,95.0,1003.0,2.2,229.0,Clouds,overcast clouds
kendujhar,2026-07-18 22:37:28.148780,2,268.25,0.03,3.94,12.88,0.56,13.22,14.24,1.76,23.22,24.08,95.0,1003.0,1.82,229.0,Clouds,overcast clouds
kendujhar,2026-07-18 23:41:31.550445,2,262.61,0.03,3.82,12.83,0.48,12.57,13.5,1.64,23.31,24.18,95.0,1003.0,1.77,229.0,Clouds,overcast clouds
kendujhar,2026-07-19 01:25:51.842401,2,258.57,0.13,3.73,12.94,0.53,11.74,12.67,1.58,23.5,24.33,93.0,1004.0,1.78,227.0,Clouds,overcast clouds
kendujhar,2026-07-19 04:59:29.339870,1,202.44,0.43,3.07,32.05,2.11,9.82,10.5,1.33,26.97,29.58,79.0,1005.0,3.59,233.0,Clouds,overcast clouds
kendujhar,2026-07-19 07:26:15.989711,2,198.74,0.2,2.92,39.2,2.06,10.19,10.79,1.55,29.07,32.33,67.0,1003.0,3.61,230.0,Clouds,broken clouds
kendujhar,2026-07-19 09:43:06.879818,2,227.39,0.22,3.57,41.54,2.45,12.82,14.02,3.74,28.63,31.61,68.0,1002.0,3.48,220.0,Clouds,overcast clouds
kendujhar,2026-07-19 11:03:12.852593,2,235.42,0.13,4.05,36.23,2.4,13.68,14.96,3.54,28.57,31.34,67.0,1002.0,3.35,219.0,Rain,light rain
kendujhar,2026-07-19 12:49:26.449923,2,239.52,0.01,4.42,32.15,2.17,15.88,17.07,2.13,26.31,26.31,81.0,1003.0,2.3,214.0,Clouds,overcast clouds
kendujhar,2026-07-19 14:19:08.962566,2,287.44,0.03,8.12,14.16,2.44,10.3,13.05,5.95,25.82,26.6,82.0,1004.0,2.18,214.0,Clouds,overcast clouds
kendujhar,2026-07-19 15:44:40.774223,2,331.98,0.11,7.76,7.18,1.7,13.07,16.31,4.86,25.31,26.09,84.0,1005.0,2.34,191.0,Clouds,overcast clouds
kendujhar,2026-07-19 16:42:49.937448,2,351.69,0.17,7.6,5.31,1.42,14.49,17.8,4.72,24.75,25.55,87.0,1005.0,2.34,194.0,Clouds,overcast clouds
kendujhar,2026-07-19 17:47:05.171233,2,363.5,0.22,7.47,4.16,1.18,15.57,18.79,4.77,24.32,25.13,89.0,1005.0,1.71,208.0,Clouds,overcast clouds
kendujhar,2026-07-19 18:46:58.118172,2,364.39,0.22,7.09,3.84,1.16,16.01,18.7,4.5,24.33,25.14,89.0,1004.0,1.7,215.0,Clouds,overcast clouds
kendujhar,2026-07-19 20:01:11.414131,2,363.21,0.18,6.5,4.04,1.18,16.24,18.37,3.71,24.11,24.93,90.0,1003.0,1.68,210.0,Clouds,overcast clouds
kendujhar,2026-07-19 21:40:24.199699,2,331.28,0.06,4.98,8.97,1.04,15.27,16.33,2.41,23.83,24.67,92.0,1003.0,1.37,224.0,Clouds,overcast clouds
kendujhar,2026-07-19 22:40:08.967557,2,321.51,0.05,4.53,9.31,0.88,14.73,15.62,2.37,23.7,24.53,92.0,1003.0,1.03,223.0,Clouds,overcast clouds
kendujhar,2026-07-19 23:45:32.344918,2,313.33,0.06,4.3,9.43,0.81,14.05,14.89,2.49,23.65,24.47,92.0,1004.0,0.76,224.0,Clouds,overcast clouds
kendujhar,2026-07-20 01:55:30.060663,2,305.21,0.28,4.3,9.53,1.06,12.27,13.83,1.97,25.98,25.98,80.0,1005.0,2.01,238.0,Clouds,overcast clouds
kendujhar,2026-07-20 05:28:28.496397,1,177.38,0.27,3.49,26.82,2.58,4.46,5.11,0.97,28.93,32.22,68.0,1004.0,2.6,231.0,Clouds,overcast clouds
kendujhar,2026-07-20 08:36:23.765461,1,195.9,0.18,3.82,27.85,2.81,7.69,8.67,1.45,28.97,32.3,68.0,1002.0,2.12,247.0,Clouds,overcast clouds
kendujhar,2026-07-20 11:34:38.122419,2,222.34,0.12,4.33,25.29,2.29,10.99,12.16,1.66,26.58,26.58,82.0,1003.0,1.13,190.0,Rain,heavy intensity rain
kendujhar,2026-07-20 13:45:20.315922,2,288.98,0.06,6.94,11.18,2.23,12.0,14.74,2.82,25.0,25.83,87.0,1004.0,1.57,138.0,Rain,heavy intensity rain
kendujhar,2026-07-20 15:43:49.604965,2,333.14,0.12,7.49,6.53,2.3,14.18,17.3,3.15,24.83,25.67,88.0,1005.0,1.89,152.0,Clouds,overcast clouds
kendujhar,2026-07-20 17:18:44.748019,2,350.08,0.14,7.44,5.4,2.02,14.86,17.77,3.01,24.62,25.49,90.0,1005.0,1.97,156.0,Rain,light rain
kendujhar,2026-07-20 19:22:54.953789,2,344.89,0.09,6.44,5.56,1.23,14.31,16.11,2.5,23.89,24.74,92.0,1004.0,1.64,183.0,Clouds,overcast clouds
kendujhar,2026-07-20 20:59:33.486718,2,321.0,0.05,5.14,7.15,0.82,13.15,14.35,1.95,23.63,24.48,93.0,1003.0,0.85,210.0,Clouds,overcast clouds
kendujhar,2026-07-20 21:59:10.057099,2,308.36,0.05,4.69,8.77,0.69,12.54,13.58,1.86,23.62,24.47,93.0,1003.0,0.56,240.0,Clouds,overcast clouds
kendujhar,2026-07-20 22:58:55.140644,2,302.83,0.07,4.45,8.68,0.6,12.15,13.11,1.91,23.46,24.34,95.0,1003.0,0.79,229.0,Clouds,overcast clouds
kendujhar,2026-07-20 23:55:15.519863,2,299.8,0.11,4.33,8.27,0.59,11.73,12.65,2.01,23.31,24.18,95.0,1004.0,1.13,221.0,Clouds,overcast clouds
kendujhar,2026-07-21 01:25:29.910823,2,299.17,0.23,4.31,7.85,0.72,11.25,12.37,2.0,24.06,24.87,90.0,1004.0,1.42,244.0,Clouds,overcast clouds
kendujhar,2026-07-21 04:57:20.278880,1,213.12,0.71,4.47,19.22,2.8,5.9,7.33,2.1,23.86,24.68,91.0,1005.0,1.42,340.0,Clouds,overcast clouds
kendujhar,2026-07-21 07:29:09.279137,1,217.42,0.76,5.28,28.89,3.4,7.69,9.3,3.61,23.57,24.38,92.0,1004.0,1.35,240.0,Clouds,overcast clouds
kendujhar,2026-07-21 10:13:04.415433,2,227.6,0.5,5.13,25.72,3.6,10.45,11.68,1.68,24.93,25.7,85.0,1003.0,1.35,252.0,Rain,moderate rain
kendujhar,2026-07-21 12:18:15.910066,2,252.06,0.19,6.17,19.96,3.18,11.62,13.01,1.75,23.78,24.59,91.0,1003.0,1.77,222.0,Rain,light rain
kendujhar,2026-07-21 14:54:11.761157,2,259.69,0.01,5.21,20.48,1.93,14.56,16.09,1.47,22.76,23.57,95.0,1005.0,1.89,189.0,Clouds,overcast clouds
kendujhar,2026-07-21 16:14:01.824437,2,261.01,0.01,5.1,19.77,1.84,14.21,15.86,1.52,23.49,24.4,96.0,1005.0,1.84,203.0,Rain,light rain
kendujhar,2026-07-21 18:07:58.634707,2,266.87,0.01,5.15,16.88,1.65,13.6,15.09,1.43,22.43,23.26,97.0,1004.0,2.01,198.0,Clouds,overcast clouds
kendujhar,2026-07-21 20:12:17.813462,2,246.85,0.01,4.71,15.31,1.08,11.72,12.44,1.13,22.41,23.27,98.0,1002.0,1.72,199.0,Rain,light rain
kendujhar,2026-07-21 21:53:11.921121,1,209.42,0.0,3.97,17.76,0.81,9.5,9.87,0.89,22.46,23.29,97.0,1001.0,0.91,159.0,Clouds,overcast clouds
kendujhar,2026-07-21 22:43:43.989428,1,200.32,0.0,3.69,17.7,0.74,9.14,9.52,0.98,22.38,23.21,97.0,1001.0,0.42,295.0,Clouds,overcast clouds
kendujhar,2026-07-21 23:47:03.401325,1,199.58,0.01,3.55,17.14,0.73,9.18,9.63,1.1,22.25,23.06,97.0,1002.0,2.97,191.0,Clouds,overcast clouds
kendujhar,2026-07-22 01:24:07.555763,1,204.34,0.02,3.57,16.28,0.72,9.36,9.98,1.21,22.28,23.07,96.0,1002.0,5.51,241.0,Clouds,overcast clouds
kendujhar,2026-07-22 04:56:57.096193,1,173.98,0.41,3.09,24.1,2.06,8.14,9.22,1.01,23.17,23.97,93.0,1005.0,4.07,236.0,Clouds,overcast clouds
kendujhar,2026-07-22 07:30:30.612481,1,144.96,0.22,2.22,32.66,1.89,6.96,7.5,0.83,23.12,23.92,93.0,1003.0,4.24,231.0,Clouds,overcast clouds
kendujhar,2026-07-22 10:12:56.349442,1,151.3,0.15,2.37,32.14,1.61,7.82,8.39,0.92,24.18,25.06,92.0,1003.0,3.64,222.0,Clouds,overcast clouds
kendujhar,2026-07-22 12:20:38.109955,1,155.91,0.06,2.97,31.65,1.6,8.26,8.79,0.88,22.6,23.34,93.0,1004.0,3.07,220.0,Clouds,overcast clouds
kendujhar,2026-07-22 14:54:25.256092,1,183.73,0.01,4.3,20.69,1.3,7.73,9.31,1.64,22.35,23.12,95.0,1006.0,2.8,213.0,Clouds,overcast clouds
kendujhar,2026-07-22 16:13:20.304711,1,193.3,0.01,4.36,18.78,1.25,8.12,9.83,1.71,22.57,23.34,94.0,1006.0,3.12,209.0,Rain,light rain
kendujhar,2026-07-22 18:00:53.813863,1,192.88,0.01,4.06,18.46,1.11,8.0,9.57,1.58,22.42,23.12,92.0,1006.0,3.87,226.0,Rain,light rain
kendujhar,2026-07-22 20:05:20.680689,1,172.27,0.0,3.16,19.88,0.68,6.88,7.87,1.38,22.28,23.02,94.0,1004.0,3.2,221.0,Clouds,overcast clouds
kendujhar,2026-07-22 21:55:42.838858,1,164.07,0.0,2.72,20.06,0.51,6.45,7.34,1.36,22.13,22.85,94.0,1004.0,3.13,215.0,Clouds,overcast clouds
kendujhar,2026-07-22 22:52:28.302052,1,165.74,0.0,2.68,19.41,0.45,6.41,7.36,1.45,22.23,22.96,94.0,1004.0,3.05,212.0,Clouds,overcast clouds
kendujhar,2026-07-22 23:53:33.051760,1,169.86,0.01,2.75,18.5,0.42,6.52,7.57,1.55,22.14,22.89,95.0,1004.0,3.13,212.0,Rain,light rain
kendujhar,2026-07-23 01:44:01.711102,1,188.76,0.22,3.28,16.76,0.64,7.44,9.26,1.92,22.18,22.91,94.0,1006.0,2.4,204.0,Rain,light rain
kendujhar,2026-07-23 05:14:39.522981,1,155.8,0.37,2.64,27.73,1.5,6.7,8.01,1.74,25.65,26.33,79.0,1005.0,4.47,222.0,Rain,light rain
kendujhar,2026-07-23 08:08:44.322743,1,123.35,0.18,1.57,40.21,1.51,5.8,6.32,1.49,26.07,26.07,80.0,1004.0,6.01,231.0,Clouds,broken clouds
kendujhar,2026-07-23 10:58:05.759627,1,123.14,0.09,1.77,43.01,1.31,6.5,7.04,1.71,24.8,25.56,85.0,1003.0,4.76,241.0,Rain,light rain
kendujhar,2026-07-23 12:21:18.105908,1,125.88,0.04,2.17,42.33,1.32,6.31,6.9,1.83,24.71,25.51,87.0,1004.0,3.23,241.0,Rain,light rain
kendujhar,2026-07-23 14:59:54.016694,1,226.75,0.03,5.83,15.39,1.13,7.61,10.57,2.21,23.28,24.09,93.0,1006.0,1.71,236.0,Rain,light rain
kendujhar,2026-07-23 16:26:19.307022,1,245.06,0.05,5.93,13.1,1.08,8.63,12.14,2.27,23.21,24.01,93.0,1006.0,1.75,238.0,Rain,light rain
kendujhar,2026-07-23 18:06:32.903821,1,258.97,0.04,5.68,11.95,0.86,9.68,13.36,1.98,22.44,23.22,95.0,1005.0,2.43,229.0,Clouds,overcast clouds
kendujhar,2026-07-23 20:07:07.340008,1,241.17,0.02,4.67,13.95,0.6,8.98,11.58,1.76,22.62,23.31,91.0,1004.0,2.2,253.0,Clouds,overcast clouds
kendujhar,2026-07-23 21:55:25.586721,1,223.09,0.01,3.84,17.92,0.59,8.35,10.33,1.78,22.43,23.08,90.0,1003.0,2.27,240.0,Clouds,overcast clouds
kendujhar,2026-07-23 22:45:28.675665,1,216.32,0.01,3.58,19.98,0.61,8.15,9.98,1.79,22.08,22.72,91.0,1004.0,2.3,234.0,Clouds,overcast clouds
kendujhar,2026-07-23 23:48:39.838913,1,210.91,0.01,3.41,22.27,0.64,7.95,9.76,1.86,22.0,22.66,92.0,1004.0,2.18,238.0,Clouds,overcast clouds
kendujhar,2026-07-24 01:28:16.492346,1,208.09,0.04,3.35,24.06,0.69,7.72,9.61,1.97,22.82,23.48,89.0,1005.0,2.02,241.0,Clouds,overcast clouds
kendujhar,2026-07-24 04:59:12.584392,1,125.94,0.18,1.65,45.14,1.63,3.08,3.72,1.88,26.58,26.58,73.0,1005.0,6.77,264.0,Clouds,overcast clouds
kendujhar,2026-07-24 07:29:40.877121,1,123.97,0.15,1.49,44.29,1.69,3.94,4.54,2.3,27.37,29.5,70.0,1003.0,6.82,269.0,Rain,light rain
kendujhar,2026-07-24 10:05:40.780191,1,139.05,0.17,2.13,40.14,1.83,5.2,5.95,2.6,25.15,25.84,81.0,1002.0,3.43,250.0,Clouds,overcast clouds
kendujhar,2026-07-24 12:11:28.209215,1,167.97,0.1,3.76,32.61,1.55,6.38,7.57,2.73,24.96,25.7,84.0,1001.0,2.52,246.0,Clouds,overcast clouds
kendujhar,2026-07-24 14:42:54.917761,1,229.76,0.03,5.84,20.22,1.39,8.28,11.23,2.34,22.95,23.78,95.0,1003.0,2.01,238.0,Rain,moderate rain
kendujhar,2026-07-24 18:10:00.822918,1,243.99,0.03,5.31,16.46,1.59,9.35,12.06,1.79,22.84,23.63,94.0,1004.0,1.94,247.0,Rain,light rain
kendujhar,2026-07-24 20:09:27.076958,1,209.34,0.01,4.08,18.09,1.48,7.9,9.1,1.39,22.57,23.36,95.0,1003.0,1.99,249.0,Rain,light rain
kendujhar,2026-07-24 21:54:07.306990,1,180.6,0.0,3.29,20.34,1.27,6.33,6.84,1.14,22.27,23.06,96.0,1002.0,1.82,257.0,Rain,moderate rain
kendujhar,2026-07-24 22:51:42.171259,1,175.52,0.0,3.12,20.19,1.17,5.93,6.34,1.11,22.51,23.3,95.0,1002.0,1.82,264.0,Rain,light rain
kendujhar,2026-07-24 23:55:00.352067,1,172.99,0.01,2.99,20.17,1.06,5.64,6.01,1.1,22.61,23.38,94.0,1003.0,1.96,270.0,Clouds,overcast clouds
kendujhar,2026-07-25 01:28:38.668178,1,172.37,0.02,2.94,20.15,0.94,5.42,5.85,1.11,23.65,24.39,89.0,1004.0,1.95,273.0,Rain,moderate rain
kendujhar,2026-07-25 04:55:04.796923,1,144.95,0.29,2.56,29.88,1.99,4.54,4.98,0.72,28.04,30.74,70.0,1003.0,3.04,302.0,Rain,light rain
kendujhar,2026-07-25 07:09:11.266995,1,151.94,0.29,2.47,31.35,2.14,6.79,7.15,0.67,28.79,32.1,69.0,1001.0,3.1,320.0,Rain,moderate rain
kendujhar,2026-07-25 09:26:06.573740,1,162.08,0.27,2.78,32.41,2.11,9.16,9.49,0.7,28.35,31.67,72.0,1000.0,3.14,328.0,Clouds,overcast clouds
kendujhar,2026-07-25 11:00:40.421610,2,173.94,0.18,3.68,31.21,2.09,10.06,10.4,0.72,26.88,29.39,79.0,1000.0,2.55,332.0,Rain,moderate rain
kendujhar,2026-07-25 12:03:55.122989,1,179.53,0.1,4.32,30.44,2.13,9.89,10.23,0.72,26.32,26.32,83.0,1000.0,2.12,347.0,Rain,moderate rain
kendujhar,2026-07-25 14:27:05.528931,1,180.91,0.0,4.65,23.59,2.04,9.36,10.01,1.0,24.58,25.34,86.0,1001.0,2.57,341.0,Clouds,overcast clouds
kendujhar,2026-07-25 15:56:48.051673,2,195.18,0.0,4.75,20.8,2.37,10.01,10.88,1.15,24.53,25.31,87.0,1002.0,2.47,333.0,Rain,light rain
kendujhar,2026-07-25 16:43:39.283856,2,197.96,0.0,5.02,20.56,2.82,10.24,11.03,1.07,24.31,25.09,88.0,1002.0,2.29,327.0,Rain,light rain
kendujhar,2026-07-25 17:48:26.511568,2,195.59,0.0,5.47,21.08,3.11,10.55,11.11,0.94,24.33,25.12,88.0,1001.0,2.58,337.0,Clouds,overcast clouds
kendujhar,2026-07-25 18:49:18.751421,2,189.86,0.0,6.19,21.58,3.2,10.9,11.25,0.8,23.59,24.38,91.0,1001.0,2.75,345.0,Clouds,overcast clouds
kendujhar,2026-07-25 20:04:30.417792,2,189.24,0.0,6.83,20.91,3.2,11.28,11.54,0.73,23.19,23.94,91.0,1001.0,3.38,340.0,Clouds,overcast clouds
kendujhar,2026-07-25 21:43:11.137549,2,192.05,0.0,8.71,19.1,3.6,12.72,12.91,0.57,22.97,23.78,94.0,1000.0,4.03,358.0,Rain,light rain
kendujhar,2026-07-25 22:42:54.844492,2,196.87,0.0,9.45,17.98,3.74,13.63,13.8,0.54,23.1,23.92,94.0,1000.0,4.38,2.0,Clouds,overcast clouds
kendujhar,2026-07-25 23:49:57.018769,2,203.74,0.0,9.68,16.85,3.6,14.21,14.38,0.52,22.9,23.7,94.0,1000.0,5.21,7.0,Clouds,overcast clouds
kendujhar,2026-07-26 01:42:30.608860,2,221.21,0.17,9.36,14.85,3.24,14.94,15.21,0.5,24.38,25.15,87.0,1002.0,5.38,7.0,Clouds,overcast clouds
kendujhar,2026-07-26 05:20:14.818385,2,240.56,0.81,8.07,19.48,3.59,14.34,14.75,0.52,27.57,29.97,71.0,1001.0,5.84,22.0,Clouds,overcast clouds
kendujhar,2026-07-26 08:05:02.531473,2,261.05,0.63,6.42,31.12,3.74,15.85,16.33,0.66,26.99,29.18,74.0,999.0,4.25,9.0,Rain,light rain
kendujhar,2026-07-26 10:27:18.774248,2,274.27,0.57,6.36,29.01,3.76,16.55,17.14,0.86,27.59,30.24,73.0,998.0,4.74,11.0,Rain,light rain
kendujhar,2026-07-26 11:54:04.917067,2,274.89,0.18,7.32,23.51,3.28,15.44,16.03,0.86,25.68,26.5,84.0,998.0,3.79,4.0,Rain,moderate rain
kendujhar,2026-07-26 12:54:43.003847,2,270.29,0.03,7.67,21.6,3.01,14.41,15.0,0.88,24.41,25.2,88.0,999.0,3.46,9.0,Rain,light rain
kendujhar,2026-07-26 14:22:59.983893,2,234.45,0.0,6.74,33.69,2.39,14.26,14.77,1.05,24.25,25.05,89.0,1000.0,2.59,356.0,Clouds,overcast clouds
kendujhar,2026-07-26 15:53:42.333099,2,240.61,0.0,6.54,28.98,2.52,14.63,15.19,1.08,23.92,24.72,90.0,1001.0,2.2,343.0,Rain,light rain
kendujhar,2026-07-26 16:44:44.859806,2,241.34,0.0,6.47,28.07,2.68,14.25,14.78,1.02,23.65,24.45,91.0,1001.0,2.24,332.0,Rain,light rain
kendujhar,2026-07-26 17:54:19.147863,2,237.78,0.0,6.33,28.07,2.78,13.16,13.6,0.93,23.22,24.0,92.0,1001.0,2.28,314.0,Clouds,overcast clouds
kendujhar,2026-07-26 18:54:01.945349,2,232.14,0.0,6.15,28.0,2.84,11.83,12.17,0.86,23.3,24.06,91.0,1000.0,2.35,307.0,Clouds,broken clouds
kendujhar,2026-07-26 20:04:08.324766,2,230.74,0.0,6.08,26.71,2.8,11.1,11.42,0.85,23.27,24.03,91.0,1000.0,2.49,317.0,Rain,light rain
kendujhar,2026-07-26 21:47:25.613686,2,234.6,0.0,6.13,23.01,2.77,10.96,11.28,0.84,23.15,23.9,91.0,999.0,2.53,331.0,Clouds,broken clouds
kendujhar,2026-07-26 22:48:41.589906,2,236.3,0.0,6.11,21.77,2.6,10.76,11.06,0.78,22.91,23.63,91.0,999.0,2.53,336.0,Clouds,broken clouds
kendujhar,2026-07-26 23:51:13.629382,2,236.76,0.0,5.94,21.39,2.38,10.61,10.89,0.75,22.49,23.2,92.0,1000.0,2.36,344.0,Clouds,scattered clouds
kendujhar,2026-07-27 01:49:30.920447,1,235.45,0.21,5.5,22.79,2.5,8.37,8.8,0.72,24.59,25.3,84.0,1001.0,2.46,353.0,Clouds,scattered clouds
kendujhar,2026-07-27 05:38:16.820482,1,223.62,0.56,5.84,33.76,3.61,7.31,7.8,0.78,26.25,26.25,77.0,1000.0,3.36,337.0,Clouds,broken clouds
kendujhar,2026-07-27 09:25:37.334457,2,220.35,0.51,6.31,47.72,4.85,11.37,11.92,0.89,28.66,31.51,67.0,998.0,4.59,3.0,Rain,moderate rain
kendujhar,2026-07-27 12:49:00.618481,2,236.14,0.0,6.49,40.16,4.02,13.22,13.83,0.87,24.43,25.15,85.0,998.0,2.34,309.0,Clouds,overcast clouds
kendujhar,2026-07-27 15:36:09.278985,2,266.11,0.0,7.86,23.0,2.57,12.77,13.51,1.07,23.69,24.44,89.0,1000.0,2.53,292.0,Rain,light rain
kendujhar,2026-07-27 17:28:23.129724,2,265.49,0.0,6.87,24.28,2.29,13.06,13.73,1.02,23.91,24.63,87.0,999.0,2.75,271.0,Rain,light rain
kendujhar,2026-07-27 19:09:06.957978,2,252.6,0.0,5.18,28.1,1.71,11.2,11.56,0.81,23.44,24.22,91.0,998.0,3.33,324.0,Rain,light rain
kendujhar,2026-07-27 21:00:46.982059,1,233.33,0.0,4.3,30.36,1.37,8.26,8.44,0.58,23.45,24.2,90.0,997.0,4.01,333.0,Rain,moderate rain
kendujhar,2026-07-27 22:09:42.713413,1,222.35,0.0,4.11,30.19,1.36,7.21,7.37,0.51,23.46,24.21,90.0,997.0,4.2,339.0,Rain,light rain
kendujhar,2026-07-27 23:54:23.650535,1,211.53,0.0,4.16,26.76,1.45,6.19,6.36,0.53,23.03,23.82,93.0,997.0,4.73,331.0,Rain,light rain
kendujhar,2026-07-28 01:23:41.654510,1,212.53,0.01,4.48,24.38,1.61,6.26,6.49,0.6,23.08,23.87,93.0,998.0,3.52,333.0,Rain,heavy intensity rain
kendujhar,2026-07-28 04:52:45.560024,1,213.63,0.3,5.83,21.43,2.24,7.62,8.16,0.71,23.86,24.7,92.0,999.0,3.72,332.0,Rain,light rain
kendujhar,2026-07-28 07:30:47.139898,2,206.66,0.27,6.01,26.83,2.27,10.42,10.77,0.6,23.21,24.09,96.0,994.0,5.35,307.0,Rain,heavy intensity rain
kendujhar,2026-07-28 10:22:05.355306,2,206.28,0.25,5.51,30.2,2.09,12.21,12.58,0.69,23.04,23.91,96.0,993.0,4.91,283.0,Rain,light rain
kendujhar,2026-07-28 12:29:35.418194,2,209.13,0.15,5.3,31.47,1.66,12.47,12.9,0.81,22.89,23.77,97.0,993.0,3.38,309.0,Rain,very heavy rain
kendujhar,2026-07-28 15:10:27.705963,2,247.58,0.0,7.68,30.07,3.08,12.6,12.97,0.57,22.77,23.64,97.0,995.0,3.13,175.0,Rain,moderate rain
kendujhar,2026-07-28 17:16:44.570017,2,242.05,0.0,7.3,29.92,3.17,11.17,11.51,0.53,22.33,23.18,98.0,996.0,5.39,152.0,Rain,moderate rain
kendujhar,2026-07-28 19:04:21.767345,1,228.37,0.0,6.28,28.2,2.45,9.55,9.73,0.52,22.35,23.23,99.0,996.0,3.55,140.0,Rain,light rain
kendujhar,2026-07-28 20:57:19.263363,1,217.84,0.0,5.72,22.93,1.65,7.73,7.9,0.58,21.95,22.76,98.0,995.0,4.3,119.0,Rain,light rain
kendujhar,2026-07-28 21:57:06.188642,1,212.52,0.0,5.61,20.83,1.58,6.86,7.03,0.61,21.85,22.68,99.0,995.0,4.58,128.0,Rain,moderate rain
kendujhar,2026-07-28 22:52:20.648783,1,206.26,0.0,5.38,19.67,1.59,6.0,6.18,0.63,21.95,22.79,99.0,996.0,4.36,129.0,Rain,light rain
kendujhar,2026-07-28 23:49:41.926350,1,200.61,0.0,5.09,19.4,1.56,5.61,5.82,0.63,22.08,22.93,99.0,996.0,3.82,132.0,Rain,light rain
kendujhar,2026-07-29 01:24:17.664108,1,195.54,0.01,4.81,19.59,1.51,5.44,5.73,0.67,22.07,22.92,99.0,997.0,3.4,126.0,Rain,light rain
kendujhar,2026-07-29 04:57:43.652796,1,181.89,0.31,4.41,22.34,1.9,5.4,5.96,0.82,26.21,26.21,82.0,998.0,4.39,140.0,Rain,light rain
kendujhar,2026-07-29 07:39:17.262957,1,194.16,0.22,5.07,21.6,1.71,6.03,6.39,0.8,27.38,30.26,77.0,996.0,5.74,139.0,Rain,moderate rain
kendujhar,2026-07-29 10:27:54.284075,1,201.09,0.34,4.75,26.43,1.6,7.34,7.69,0.83,26.94,29.43,78.0,996.0,5.09,159.0,Clouds,broken clouds
kendujhar,2026-07-29 12:54:32.688790,2,210.26,0.03,5.36,29.73,1.48,10.57,11.34,1.21,23.92,24.67,88.0,998.0,3.11,176.0,Rain,light rain
kendujhar,2026-07-29 15:03:40.420848,2,257.61,0.0,6.65,36.08,2.84,22.93,24.52,1.12,22.98,23.74,92.0,999.0,2.66,221.0,Clouds,scattered clouds
kendujhar,2026-07-29 17:02:48.976542,3,273.42,0.0,6.79,33.02,3.23,26.56,28.9,1.22,22.92,23.62,90.0,1000.0,0.49,262.0,Clouds,scattered clouds
kendujhar,2026-07-29 18:53:34.316573,3,274.74,0.0,6.58,29.23,3.48,27.18,29.52,1.2,22.58,23.4,96.0,998.0,1.95,109.0,Clouds,overcast clouds
kendujhar,2026-07-29 20:07:08.068113,3,275.3,0.0,6.32,26.63,3.08,26.43,28.53,1.19,22.38,23.23,98.0,998.0,1.95,119.0,Clouds,broken clouds
kendujhar,2026-07-29 21:45:53.492506,2,274.9,0.0,5.96,22.21,2.44,24.16,25.77,1.25,22.22,23.08,99.0,998.0,1.77,117.0,Clouds,broken clouds
kendujhar,2026-07-29 22:47:03.714835,2,272.96,0.0,5.9,20.79,2.21,22.55,23.8,1.17,22.22,23.08,99.0,998.0,1.88,115.0,Clouds,broken clouds
kendujhar,2026-07-29 23:52:31.472532,2,268.49,0.0,5.94,19.95,2.1,20.78,21.76,1.1,22.4,23.28,99.0,998.0,1.84,129.0,Clouds,broken clouds
kendujhar,2026-07-30 01:17:28.507278,2,261.67,0.03,6.05,19.67,2.21,19.06,20.0,1.06,22.86,23.71,96.0,998.0,2.05,112.0,Clouds,overcast clouds
kendujhar,2026-07-30 04:46:10.306667,2,227.01,1.01,4.99,35.45,5.01,18.76,20.32,1.21,27.05,29.66,78.0,999.0,4.53,138.0,Rain,light rain
kendujhar,2026-07-30 07:26:18.928792,2,203.37,0.41,3.67,56.62,4.76,23.4,24.64,1.11,27.3,30.2,78.0,998.0,5.0,160.0,Rain,moderate rain
kendujhar,2026-07-30 10:10:54.865872,2,189.35,0.2,2.32,68.29,3.48,23.82,24.97,1.01,26.93,29.5,79.0,998.0,5.86,157.0,Rain,light rain
kendujhar,2026-07-30 12:22:33.129723,3,204.19,0.16,3.09,63.32,3.35,26.66,28.63,1.15,25.73,26.6,86.0,998.0,4.45,158.0,Rain,light rain
kendujhar,2026-07-30 15:00:35.431602,2,172.44,0.0,3.82,52.39,3.43,13.17,16.2,1.44,23.71,24.59,94.0,1000.0,3.82,160.0,Clouds,overcast clouds
kendujhar,2026-07-30 16:28:00.367299,2,172.2,0.0,3.74,51.83,3.39,13.46,17.0,1.51,23.38,24.25,95.0,1001.0,3.86,157.0,Clouds,overcast clouds
kendujhar,2026-07-30 18:08:41.790675,2,174.17,0.0,3.76,48.05,3.33,13.72,18.22,1.62,23.7,24.55,93.0,1001.0,3.73,154.0,Clouds,overcast clouds
kendujhar,2026-07-30 20:11:07.537127,2,176.03,0.0,3.65,39.96,2.96,13.48,18.11,1.56,23.44,24.29,94.0,1001.0,2.92,154.0,Clouds,overcast clouds
kendujhar,2026-07-30 21:57:52.475231,2,182.63,0.0,3.73,31.69,2.72,13.38,17.8,1.55,23.14,23.99,95.0,1000.0,2.43,156.0,Clouds,overcast clouds
kendujhar,2026-07-30 22:59:53.011365,2,188.91,0.0,3.86,27.62,2.55,13.47,17.7,1.55,23.05,23.92,96.0,1001.0,2.32,157.0,Clouds,overcast clouds
kendujhar,2026-07-31 00:01:44.891786,2,196.1,0.0,4.06,24.23,2.49,13.63,17.71,1.59,23.16,24.04,96.0,1001.0,2.45,145.0,Clouds,overcast clouds
kendujhar,2026-07-31 04:15:50.040862,2,179.33,0.65,3.94,40.13,5.46,12.88,15.79,1.51,26.52,26.52,81.0,1003.0,3.5,150.0,Clouds,overcast clouds
kendujhar,2026-07-31 07:44:11.099853,2,147.75,0.16,1.81,61.13,3.04,13.44,14.51,0.92,29.38,33.37,69.0,1000.0,3.36,167.0,Rain,light rain
kendujhar,2026-07-31 10:26:59.907115,2,153.04,0.08,2.48,57.49,3.12,13.4,14.37,1.15,29.35,33.11,68.0,999.0,3.99,167.0,Rain,light rain
kendujhar,2026-07-31 12:50:08.736777,2,177.32,0.03,4.1,47.16,3.03,15.84,17.19,1.19,25.49,26.39,88.0,1001.0,2.67,154.0,Clouds,overcast clouds
kendujhar,2026-07-31 15:12:23.789336,2,196.75,0.0,4.45,53.6,3.52,22.42,25.82,1.47,24.19,25.12,94.0,1003.0,2.18,173.0,Clouds,overcast clouds
kendujhar,2026-07-31 17:17:12.515754,2,210.16,0.0,4.16,47.72,2.97,24.45,29.14,1.51,23.51,24.45,97.0,1004.0,2.16,173.0,Clouds,overcast clouds
kendujhar,2026-07-31 19:05:34.359475,2,217.43,0.0,4.14,39.64,2.46,24.01,28.92,1.46,23.19,24.12,98.0,1003.0,1.77,200.0,Clouds,overcast clouds
kendujhar,2026-07-31 20:51:44.065422,2,219.62,0.0,4.05,31.34,1.99,22.29,26.82,1.52,22.77,23.66,98.0,1002.0,1.43,169.0,Clouds,overcast clouds
kendujhar,2026-07-31 21:55:57.042058,2,221.67,0.0,4.0,27.14,1.71,21.33,25.65,1.6,22.6,23.47,98.0,1002.0,1.31,177.0,Clouds,overcast clouds
kendujhar,2026-07-31 22:50:24.194091,2,225.99,0.01,3.94,22.61,1.36,20.75,24.88,1.73,22.58,23.45,98.0,1002.0,0.96,203.0,Clouds,overcast clouds
kendujhar,2026-07-31 23:52:13.316591,2,231.51,0.01,3.96,19.07,1.15,20.46,24.52,1.92,22.66,23.51,97.0,1003.0,0.66,227.0,Clouds,overcast clouds
kendujhar,2026-08-01 01:45:35.259472,2,238.57,0.47,3.48,15.53,1.59,19.94,24.56,1.44,25.37,26.21,86.0,1004.0,0.62,243.0,Clouds,overcast clouds
kendujhar,2026-08-01 05:17:00.454512,2,172.97,0.52,3.16,39.31,3.98,16.22,18.79,1.14,29.01,32.38,68.0,1003.0,3.31,242.0,Rain,light rain
kendujhar,2026-08-01 08:00:30.559782,2,165.69,0.54,2.63,42.42,3.63,16.64,18.39,1.14,29.95,33.56,64.0,1001.0,3.76,233.0,Clouds,broken clouds
kendujhar,2026-08-01 10:03:22.975578,2,172.63,0.4,2.46,44.89,3.29,19.28,20.98,1.27,29.29,32.98,68.0,1000.0,2.89,233.0,Clouds,overcast clouds
kendujhar,2026-08-01 11:54:38.939503,2,176.74,0.13,3.49,41.85,3.85,19.92,21.34,0.9,26.78,29.42,82.0,1001.0,1.96,214.0,Rain,moderate rain
kendujhar,2026-08-01 12:53:06.713207,2,185.5,0.02,4.26,33.37,3.96,19.37,20.9,0.98,25.78,26.66,86.0,1002.0,2.15,218.0,Rain,moderate rain
kendujhar,2026-08-01 14:20:44.834990,2,235.16,0.02,5.99,18.11,1.74,17.2,19.95,2.11,25.51,26.36,86.0,1002.0,1.92,216.0,Rain,moderate rain
kendujhar,2026-08-01 15:51:25.177783,2,269.81,0.05,6.06,11.28,1.31,19.69,22.88,2.03,25.38,26.22,86.0,1004.0,1.69,238.0,Rain,light rain
kendujhar,2026-08-01 16:45:44.145153,2,285.66,0.08,6.05,9.21,1.18,20.89,24.09,2.19,25.24,26.07,86.0,1004.0,1.94,236.0,Rain,light rain
kendujhar,2026-08-01 17:50:45.151984,2,294.52,0.1,5.91,7.75,1.03,21.56,24.49,2.39,25.01,25.84,87.0,1004.0,2.09,247.0,Clouds,overcast clouds
kendujhar,2026-08-01 18:52:02.054915,2,293.05,0.1,5.51,6.86,0.84,21.52,23.92,2.57,24.31,25.12,89.0,1004.0,2.08,250.0,Clouds,overcast clouds
kendujhar,2026-08-01 20:04:17.205255,2,292.92,0.1,5.07,6.13,0.71,21.46,23.52,2.68,24.14,24.93,89.0,1003.0,1.91,242.0,Clouds,overcast clouds
kendujhar,2026-08-01 21:43:10.006776,2,296.16,0.12,4.49,5.01,0.72,20.87,22.43,2.6,23.75,24.5,89.0,1002.0,1.81,250.0,Clouds,overcast clouds
kendujhar,2026-08-01 22:43:10.044810,2,295.34,0.12,4.23,4.89,0.79,19.63,20.98,2.2,23.55,24.31,90.0,1003.0,1.77,251.0,Clouds,overcast clouds
kendujhar,2026-08-01 23:46:42.646454,2,291.92,0.1,4.05,5.19,0.82,18.3,19.49,1.92,23.5,24.26,90.0,1003.0,1.67,258.0,Clouds,overcast clouds
kendujhar,2026-08-02 01:30:57.176615,2,281.01,0.21,3.73,7.41,1.32,16.02,17.42,1.55,26.28,26.28,79.0,1005.0,1.6,273.0,Clouds,overcast clouds
kendujhar,2026-08-02 05:15:36.356820,1,215.18,0.38,2.46,23.22,1.8,9.89,10.92,0.86,28.92,32.55,70.0,1004.0,2.84,262.0,Rain,moderate rain
kendujhar,2026-08-02 08:02:09.602504,1,139.99,0.22,2.02,43.24,2.67,6.26,6.7,0.48,29.04,32.81,70.0,1002.0,2.49,246.0,Rain,light rain
kendujhar,2026-08-02 10:24:09.079967,1,138.2,0.17,2.21,44.54,2.73,5.84,6.31,0.68,27.8,31.32,78.0,1002.0,0.75,267.0,Clouds,overcast clouds
kendujhar,2026-08-02 11:52:47.430710,1,155.15,0.08,2.94,40.12,2.48,7.01,7.66,1.06,27.61,30.89,78.0,1002.0,0.31,7.0,Rain,heavy intensity rain
kendujhar,2026-08-02 12:54:31.183169,1,173.4,0.02,3.72,33.92,2.35,8.91,9.88,1.26,26.9,29.52,80.0,1002.0,0.55,199.0,Rain,moderate rain
kendujhar,2026-08-02 14:22:51.576973,2,234.91,0.01,5.14,19.24,1.38,12.97,15.16,1.68,26.41,26.41,81.0,1003.0,1.12,210.0,Clouds,overcast clouds
kendujhar,2026-08-02 15:51:46.542656,2,281.36,0.05,5.51,10.76,1.08,16.81,19.91,2.07,25.9,26.69,82.0,1004.0,1.09,237.0,Clouds,overcast clouds
kendujhar,2026-08-02 16:44:32.595686,2,296.96,0.07,5.48,8.62,1.01,18.35,21.58,2.19,25.6,26.38,83.0,1004.0,1.36,247.0,Clouds,overcast clouds
kendujhar,2026-08-02 17:51:51.209898,2,301.94,0.1,5.31,7.35,0.88,18.95,21.99,2.27,25.26,26.03,84.0,1004.0,1.43,255.0,Rain,light rain
kendujhar,2026-08-02 18:52:11.367835,2,294.93,0.1,4.89,6.87,0.92,18.05,20.43,2.14,24.83,25.61,86.0,1004.0,1.31,255.0,Clouds,scattered clouds
kendujhar,2026-08-02 20:04:31.494698,2,289.04,0.09,4.47,6.82,1.02,16.99,18.83,1.93,24.81,25.54,84.0,1003.0,1.31,257.0,Clouds,broken clouds
kendujhar,2026-08-02 21:43:40.311086,2,279.75,0.06,4.0,7.92,1.17,15.81,17.0,1.9,24.38,25.12,86.0,1003.0,1.11,277.0,Clouds,broken clouds
kendujhar,2026-08-02 22:44:04.979660,2,277.56,0.05,4.02,8.69,1.1,15.24,16.25,2.46,24.23,24.95,86.0,1004.0,1.15,272.0,Clouds,broken clouds
kendujhar,2026-08-02 23:48:44.685503,2,277.41,0.04,4.16,9.34,1.08,14.58,15.53,3.04,24.08,24.82,87.0,1004.0,1.37,267.0,Clouds,broken clouds
kendujhar,2026-08-03 01:31:08.289226,2,280.57,0.44,4.3,11.19,1.5,13.03,14.66,3.26,26.81,29.08,77.0,1005.0,1.38,280.0,Clouds,overcast clouds
kendujhar,2026-08-03 05:29:43.982063,1,187.83,0.67,3.57,29.56,4.04,7.61,8.8,0.86,30.65,34.35,61.0,1005.0,0.88,313.0,Clouds,overcast clouds
kendujhar,2026-08-03 08:59:08.215259,2,194.37,0.46,3.98,42.61,3.29,11.04,12.45,2.27,29.16,32.89,69.0,1003.0,3.73,234.0,Rain,heavy intensity rain
kendujhar,2026-08-03 12:19:16.611627,2,219.69,0.17,5.83,38.94,2.83,12.66,14.35,2.94,27.97,31.58,77.0,1003.0,2.08,231.0,Rain,light rain
kendujhar,2026-08-03 15:36:22.106855,2,301.73,0.09,7.41,10.19,2.12,14.6,18.17,3.59,25.77,26.54,82.0,1006.0,1.65,248.0,Clouds,overcast clouds
kendujhar,2026-08-03 17:45:29.140211,2,320.16,0.11,6.58,7.37,1.28,16.47,19.48,2.49,24.98,25.75,85.0,1005.0,1.49,250.0,Rain,light rain
kendujhar,2026-08-03 19:16:34.395565,2,300.03,0.08,5.47,9.56,1.26,16.14,18.25,1.86,24.81,25.62,87.0,1005.0,1.44,252.0,Clouds,overcast clouds
kendujhar,2026-08-03 20:53:29.567101,2,267.33,0.02,3.92,11.29,1.29,14.62,15.69,1.08,24.53,25.34,88.0,1004.0,1.48,237.0,Clouds,overcast clouds
kendujhar,2026-08-03 21:57:20.773900,2,240.36,0.01,3.22,14.3,1.19,12.73,13.5,0.93,24.44,25.24,88.0,1004.0,1.28,238.0,Clouds,overcast clouds
kendujhar,2026-08-03 22:55:03.605289,2,231.7,0.02,2.92,13.23,1.1,11.61,12.31,1.01,24.34,25.13,88.0,1004.0,1.37,234.0,Clouds,overcast clouds
kendujhar,2026-08-03 23:59:05.747880,2,227.93,0.03,2.87,12.02,1.06,10.76,11.49,1.23,24.37,25.16,88.0,1005.0,1.59,237.0,Clouds,overcast clouds
kendujhar,2026-08-04 02:12:17.365439,1,232.0,0.42,3.05,11.36,0.86,9.35,11.02,1.41,27.23,30.26,80.0,1006.0,1.27,242.0,Clouds,overcast clouds
kendujhar,2026-08-04 05:37:29.664542,1,154.99,0.4,3.23,32.2,3.75,4.51,5.28,0.54,29.63,33.3,66.0,1005.0,2.11,257.0,Clouds,overcast clouds
kendujhar,2026-08-04 08:15:26.700506,1,151.09,0.25,2.95,33.62,3.21,5.16,5.87,0.61,30.31,34.1,63.0,1004.0,2.4,234.0,Rain,moderate rain
kendujhar,2026-08-04 11:14:34.039535,1,184.33,0.13,3.57,27.34,2.96,8.66,9.63,0.94,29.48,33.39,68.0,1002.0,1.21,235.0,Rain,light rain
kendujhar,2026-08-04 13:43:02.753168,1,251.18,0.03,6.87,13.61,2.44,8.08,10.72,2.99,26.32,26.32,80.0,1004.0,1.19,208.0,Clouds,overcast clouds
kendujhar,2026-08-04 16:05:10.020286,2,287.4,0.06,6.41,9.0,2.27,10.71,13.6,2.48,25.66,26.47,84.0,1005.0,1.66,207.0,Rain,light rain
kendujhar,2026-08-04 18:21:56.828432,2,301.48,0.1,5.64,7.37,2.51,12.28,14.4,1.86,25.32,26.18,87.0,1004.0,1.6,205.0,Clouds,overcast clouds
kendujhar,2026-08-04 20:17:23.495479,2,283.49,0.08,4.53,7.97,1.86,12.15,13.33,1.57,24.89,25.78,90.0,1003.0,1.65,218.0,Rain,light rain
kendujhar,2026-08-04 22:02:43.409408,2,268.83,0.07,4.32,6.86,1.85,11.93,12.85,1.57,24.62,25.46,89.0,1002.0,2.22,230.0,Rain,moderate rain
kendujhar,2026-08-04 23:53:36.328854,2,263.65,0.1,4.01,6.23,1.38,11.51,12.37,2.04,24.45,25.3,90.0,1003.0,2.13,238.0,Rain,light rain
kendujhar,2026-08-05 01:25:29.354860,2,265.69,0.2,4.01,6.13,1.24,11.33,12.4,2.13,25.87,26.84,89.0,1003.0,2.11,237.0,Clouds,overcast clouds
kendujhar,2026-08-05 04:53:41.182173,1,201.2,0.31,3.68,22.32,2.83,6.28,7.24,0.61,27.16,30.1,80.0,1003.0,2.58,248.0,Rain,moderate rain
kendujhar,2026-08-05 07:31:13.713452,1,190.91,0.25,3.06,34.23,2.79,7.91,8.63,0.63,26.8,29.47,82.0,1002.0,2.76,240.0,Rain,moderate rain
kendujhar,2026-08-05 10:23:24.310311,2,201.3,0.23,3.25,35.59,2.71,10.15,11.03,0.93,25.99,25.99,86.0,1001.0,1.39,230.0,Rain,moderate rain
kendujhar,2026-08-05 12:46:18.056951,2,246.67,0.03,5.69,23.77,2.99,13.83,15.28,1.27,24.99,25.92,91.0,1002.0,0.93,240.0,Rain,moderate rain
kendujhar,2026-08-05 15:06:49.175250,2,322.4,0.05,7.97,14.0,2.55,15.35,19.42,3.71,24.53,25.41,91.0,1004.0,1.22,297.0,Rain,heavy intensity rain
kendujhar,2026-08-05 17:17:42.446498,2,345.45,0.13,6.88,8.46,1.52,16.93,20.98,2.12,24.2,25.08,92.0,1004.0,0.19,227.0,Rain,heavy intensity rain
kendujhar,2026-08-05 19:11:30.180406,2,327.42,0.05,5.54,8.76,1.31,16.73,18.9,1.4,23.78,24.62,92.0,1003.0,0.92,221.0,Rain,moderate rain
kendujhar,2026-08-05 20:55:32.439282,2,307.92,0.04,4.41,8.69,1.65,15.99,17.34,1.61,23.78,24.62,92.0,1002.0,1.03,260.0,Rain,light rain
kendujhar,2026-08-05 22:04:43.201026,2,300.0,0.04,4.12,8.75,1.5,15.5,16.67,1.83,23.86,24.68,91.0,1002.0,0.49,307.0,Rain,moderate rain
kendujhar,2026-08-05 23:45:59.887117,2,282.35,0.04,3.52,8.86,1.04,14.16,15.09,1.42,23.41,24.23,93.0,1002.0,0.76,290.0,Clouds,overcast clouds
kendujhar,2026-08-06 01:22:45.364991,2,276.46,0.1,3.45,8.97,0.89,13.38,14.44,1.24,23.82,24.66,92.0,1003.0,0.38,297.0,Rain,light rain
kendujhar,2026-08-06 04:53:56.102508,1,210.99,0.41,3.66,28.59,2.94,7.69,8.61,0.56,24.5,25.36,90.0,1004.0,0.45,356.0,Rain,light rain
kendujhar,2026-08-06 07:31:35.916187,1,192.25,0.2,3.91,35.66,3.9,7.4,8.05,0.46,25.13,25.92,85.0,1002.0,1.13,222.0,Clouds,overcast clouds
kendujhar,2026-08-06 10:25:24.200889,1,198.52,0.09,4.49,33.75,4.34,8.33,9.17,0.7,25.26,26.09,86.0,1001.0,1.08,192.0,Clouds,overcast clouds
kendujhar,2026-08-06 12:50:23.200727,1,235.28,0.02,5.52,22.41,3.05,9.15,10.43,1.11,23.98,24.91,95.0,1002.0,1.6,189.0,Rain,light rain
kendujhar,2026-08-06 15:05:13.212472,2,299.88,0.01,6.53,20.23,2.78,16.97,19.08,2.69,23.66,24.59,96.0,1003.0,2.16,203.0,Clouds,overcast clouds
kendujhar,2026-08-06 23:48:10.172520,2,258.45,0.03,3.34,10.69,0.88,11.39,12.03,1.2,22.86,23.71,96.0,1001.0,2.33,220.0,Rain,light rain
kendujhar,2026-08-07 02:02:04.288311,2,264.58,0.27,3.5,11.12,1.15,10.25,11.34,1.07,23.86,24.81,96.0,1001.0,2.88,222.0,Rain,moderate rain
kendujhar,2026-08-07 04:46:32.204878,1,237.56,0.5,3.42,22.05,2.6,8.61,9.82,0.71,23.27,24.13,95.0,1002.0,2.66,227.0,Rain,moderate rain
kendujhar,2026-08-07 06:03:48.017115,1,227.58,0.47,3.17,27.3,2.92,9.07,10.08,0.6,24.3,25.08,88.0,1002.0,2.98,242.0,Clouds,overcast clouds
kendujhar,2026-08-07 08:05:07.363005,2,207.27,0.26,2.52,35.49,2.15,10.07,10.82,0.63,24.76,25.51,85.0,1000.0,3.9,237.0,Rain,light rain
kendujhar,2026-08-07 09:48:52.246126,2,201.65,0.18,2.82,39.31,2.28,10.18,10.96,0.9,24.88,25.64,85.0,999.0,3.72,237.0,Rain,moderate rain
kendujhar,2026-08-07 10:41:11.591465,2,204.95,0.14,3.29,37.07,2.19,10.51,11.41,0.95,24.64,25.43,87.0,999.0,3.25,235.0,Rain,light rain
kendujhar,2026-08-07 11:37:06.003561,2,209.15,0.07,3.95,35.38,2.23,10.74,11.74,1.0,24.2,25.0,89.0,999.0,3.09,231.0,Rain,light rain
kendujhar,2026-08-07 12:37:13.689192,2,219.23,0.01,4.81,31.99,2.16,11.21,12.53,1.23,23.58,24.4,92.0,1000.0,3.13,228.0,Rain,light rain
kendujhar,2026-08-07 14:04:22.686550,2,265.15,0.01,6.84,25.14,2.7,13.24,15.34,2.75,23.1,23.95,95.0,1001.0,2.71,232.0,Clouds,overcast clouds
kendujhar,2026-08-07 15:42:43.590298,2,284.59,0.02,6.05,17.58,2.41,14.72,16.83,1.98,22.89,23.72,95.0,1002.0,2.45,226.0,Clouds,overcast clouds
kendujhar,2026-08-07 16:40:05.312459,2,294.16,0.02,6.27,15.35,2.5,15.48,17.64,2.31,22.91,23.74,95.0,1003.0,2.17,223.0,Clouds,overcast clouds
kendujhar,2026-08-07 17:39:14.951975,2,300.11,0.02,6.63,14.34,2.55,15.91,17.87,2.81,22.95,23.78,95.0,1002.0,2.32,221.0,Rain,light rain
kendujhar,2026-08-07 18:37:41.003733,2,299.08,0.02,6.58,14.05,2.35,15.95,17.52,3.18,24.1,25.02,94.0,1003.0,2.01,232.0,Rain,light rain
kendujhar,2026-08-07 19:42:50.064989,2,292.56,0.02,5.8,12.89,1.98,15.74,16.98,2.83,22.92,23.75,95.0,1002.0,2.31,225.0,Rain,light rain
kendujhar,2026-08-07 20:27:49.590922,2,292.56,0.02,5.8,12.89,1.98,15.74,16.98,2.83,22.91,23.74,95.0,1002.0,2.31,225.0,Rain,light rain
kendujhar,2026-08-07 21:27:36.791436,2,286.95,0.02,4.99,11.4,1.63,15.36,16.39,2.04,22.75,23.56,95.0,1001.0,2.43,221.0,Rain,light rain
kendujhar,2026-08-07 22:23:53.568124,2,282.24,0.03,4.37,10.29,1.22,14.94,15.89,1.54,22.64,23.44,95.0,1001.0,2.08,220.0,Clouds,overcast clouds
kendujhar,2026-08-07 23:23:51.760626,2,280.25,0.05,3.99,9.53,0.94,14.59,15.57,1.56,22.43,23.24,96.0,1002.0,1.82,225.0,Clouds,overcast clouds
kendujhar,2026-08-08 00:45:33.154922,2,289.03,0.17,3.87,8.29,0.9,14.32,15.52,1.87,23.18,23.96,92.0,1002.0,1.27,243.0,Clouds,overcast clouds
kendujhar,2026-08-08 02:48:54.801350,2,309.26,0.66,4.22,8.14,1.28,14.15,16.27,1.38,24.9,25.67,85.0,1003.0,1.2,193.0,Rain,light rain
kendujhar,2026-08-08 04:02:56.400574,1,231.71,0.14,3.61,20.02,1.61,9.49,10.5,0.73,25.95,25.95,81.0,1003.0,1.35,173.0,Rain,light rain
kendujhar,2026-08-08 05:34:23.979280,1,211.96,0.2,4.1,19.61,2.81,8.15,9.18,0.93,27.61,30.4,74.0,1002.0,2.48,178.0,Rain,light rain
kendujhar,2026-08-08 06:32:14.368169,1,210.42,0.29,4.15,20.54,2.86,8.03,9.02,0.99,26.15,26.15,82.0,1002.0,1.79,186.0,Rain,light rain
kendujhar,2026-08-08 07:39:56.077149,1,207.45,0.32,3.7,22.03,2.21,7.99,8.88,0.89,26.75,29.19,80.0,1001.0,2.59,188.0,Rain,moderate rain
kendujhar,2026-08-08 08:26:30.398707,1,207.45,0.32,3.7,22.03,2.21,7.99,8.88,0.89,26.72,29.13,80.0,1001.0,2.59,188.0,Rain,moderate rain
kendujhar,2026-08-08 09:26:07.947016,1,204.2,0.32,3.33,25.53,1.86,8.55,9.33,0.85,26.8,29.3,80.0,1001.0,3.03,191.0,Clouds,overcast clouds
kendujhar,2026-08-08 10:19:43.640025,1,203.83,0.3,3.11,27.66,1.78,9.73,10.46,0.85,26.7,29.24,82.0,1000.0,2.67,189.0,Rain,light rain
kendujhar,2026-08-08 11:19:19.311959,2,208.42,0.26,3.28,26.36,1.77,10.91,11.77,0.91,26.33,26.33,84.0,1000.0,2.3,191.0,Rain,light rain
kendujhar,2026-08-08 12:22:49.286182,2,212.74,0.17,3.78,25.72,1.76,11.57,12.53,1.03,25.73,26.63,87.0,1001.0,2.0,184.0,Rain,light rain
kendujhar,2026-08-08 13:37:01.279472,2,251.84,0.01,4.43,22.21,2.13,15.85,17.54,1.45,23.93,24.78,92.0,1003.0,1.9,181.0,Clouds,overcast clouds
kendujhar,2026-08-08 14:22:08.900098,2,251.84,0.01,4.43,22.21,2.13,15.85,17.54,1.45,23.93,24.78,92.0,1003.0,1.9,181.0,Rain,light rain
kendujhar,2026-08-08 15:18:13.404395,2,265.95,0.02,4.59,17.81,2.06,16.64,18.58,1.58,23.71,24.56,93.0,1003.0,1.79,186.0,Clouds,overcast clouds
kendujhar,2026-08-08 16:18:52.280808,2,276.63,0.03,4.6,15.05,1.93,17.34,19.31,1.69,23.63,24.48,93.0,1004.0,1.65,183.0,Clouds,overcast clouds
kendujhar,2026-08-08 17:19:45.359182,2,286.7,0.03,4.58,13.42,1.8,18.08,20.06,1.69,23.62,24.47,93.0,1004.0,1.59,188.0,Rain,light rain
kendujhar,2026-08-08 18:21:00.088499,2,291.56,0.03,4.51,12.4,1.67,18.43,20.24,1.62,23.34,24.18,94.0,1004.0,1.96,159.0,Clouds,overcast clouds
kendujhar,2026-08-08 19:20:44.130974,2,288.75,0.02,4.22,11.82,1.45,18.15,19.61,1.5,23.17,24.05,96.0,1004.0,1.76,160.0,Clouds,overcast clouds
kendujhar,2026-08-08 20:15:57.343238,2,285.18,0.02,3.87,11.2,1.27,17.71,18.93,1.42,22.98,23.87,97.0,1003.0,1.4,160.0,Clouds,overcast clouds
kendujhar,2026-08-08 21:19:04.368487,2,282.19,0.02,3.61,10.74,1.21,17.38,18.46,1.4,22.81,23.68,97.0,1003.0,1.34,133.0,Clouds,overcast clouds
kendujhar,2026-08-08 22:16:14.724018,2,280.03,0.03,3.44,10.31,1.09,17.09,18.1,1.44,22.73,23.62,98.0,1003.0,1.52,160.0,Clouds,overcast clouds
kendujhar,2026-08-08 23:17:14.564390,2,279.96,0.03,3.32,9.25,0.92,16.89,17.82,1.47,22.65,23.53,98.0,1003.0,0.96,144.0,Clouds,overcast clouds
kendujhar,2026-08-09 00:49:16.675505,2,283.21,0.11,3.32,7.3,0.76,16.58,17.67,1.47,23.45,24.31,94.0,1003.0,0.71,134.0,Clouds,overcast clouds
kendujhar,2026-08-09 02:56:08.210554,2,290.22,0.6,3.67,7.84,1.13,15.65,17.6,1.21,26.2,26.2,78.0,1004.0,1.51,148.0,Clouds,overcast clouds
kendujhar,2026-08-09 04:10:02.591294,2,232.03,0.42,3.87,17.36,2.89,10.34,11.61,0.72,27.32,29.71,73.0,1004.0,2.2,129.0,Clouds,overcast clouds
kendujhar,2026-08-09 05:40:07.029991,1,218.36,0.7,4.22,20.08,3.99,9.41,10.9,1.26,28.39,31.44,70.0,1003.0,3.08,122.0,Rain,light rain
kendujhar,2026-08-09 06:36:06.927256,1,218.74,0.65,4.08,24.33,3.65,9.75,11.27,1.68,28.1,31.28,73.0,1002.0,3.29,132.0,Rain,moderate rain
kendujhar,2026-08-09 07:44:00.440273,2,218.19,0.56,3.47,26.17,3.0,10.25,11.74,1.45,28.26,31.63,73.0,1001.0,2.86,145.0,Rain,moderate rain
kendujhar,2026-08-09 08:29:01.152294,2,218.19,0.56,3.47,26.17,3.0,10.25,11.74,1.45,28.26,31.63,73.0,1001.0,2.86,145.0,Rain,moderate rain
kendujhar,2026-08-09 09:28:04.592506,2,216.13,0.46,3.16,28.54,2.76,10.69,12.05,1.26,28.11,31.45,74.0,1001.0,2.84,154.0,Clouds,broken clouds
kendujhar,2026-08-09 10:21:20.251735,2,210.3,0.32,3.0,31.33,2.44,10.83,11.94,1.18,28.23,31.71,74.0,1001.0,2.65,153.0,Rain,moderate rain
kendujhar,2026-08-09 11:19:58.436544,2,212.67,0.22,3.26,28.03,2.22,11.02,12.12,1.11,27.68,31.05,78.0,1000.0,3.18,149.0,Clouds,broken clouds
kendujhar,2026-08-09 12:25:12.296316,2,213.97,0.11,3.67,25.6,2.12,10.85,11.93,1.03,26.13,26.13,86.0,1001.0,3.41,143.0,Rain,moderate rain
kendujhar,2026-08-09 13:40:33.257668,2,235.47,0.01,5.29,20.83,1.6,12.95,14.71,1.67,24.27,25.15,92.0,1002.0,2.84,185.0,Rain,moderate rain
kendujhar,2026-08-09 14:23:27.596429,2,235.47,0.01,5.29,20.83,1.6,12.95,14.71,1.67,24.27,25.15,92.0,1002.0,2.84,185.0,Rain,moderate rain
kendujhar,2026-08-09 15:20:00.505649,2,242.57,0.01,5.14,17.7,1.29,12.99,14.94,2.01,23.83,24.75,95.0,1003.0,2.77,203.0,Rain,moderate rain
kendujhar,2026-08-09 16:20:35.895383,2,248.58,0.02,5.03,15.46,1.28,13.0,15.09,2.31,23.59,24.51,96.0,1004.0,2.65,222.0,Clouds,overcast clouds
kendujhar,2026-08-09 17:20:51.603340,2,254.61,0.03,4.78,13.05,1.22,13.04,15.17,1.96,23.36,24.26,96.0,1003.0,2.2,227.0,Clouds,overcast clouds
kendujhar,2026-08-09 18:22:52.439550,2,254.54,0.03,4.49,11.97,1.11,12.63,14.55,1.57,23.64,24.51,94.0,1004.0,2.46,237.0,Clouds,overcast clouds
kendujhar,2026-08-09 19:24:46.053208,2,243.58,0.03,4.03,12.73,0.93,11.46,12.86,1.26,23.31,24.2,96.0,1004.0,2.5,231.0,Rain,light rain
kendujhar,2026-08-09 20:18:49.032433,2,234.21,0.02,3.67,13.46,0.83,10.35,11.42,1.07,23.23,24.12,96.0,1003.0,2.8,236.0,Rain,light rain
kendujhar,2026-08-09 21:20:35.066992,1,225.75,0.01,3.4,14.46,0.8,9.41,10.26,0.95,23.18,24.06,96.0,1002.0,2.68,234.0,Rain,moderate rain
kendujhar,2026-08-09 22:18:13.538709,1,215.35,0.01,3.19,14.88,0.76,8.53,9.28,0.88,23.12,23.97,95.0,1002.0,2.17,240.0,Rain,moderate rain
kendujhar,2026-08-09 23:19:08.629030,1,210.75,0.02,3.12,13.53,0.72,7.98,8.79,1.01,22.87,23.69,95.0,1002.0,1.58,255.0,Rain,light rain
kendujhar,2026-08-10 00:51:51.886650,1,209.39,0.21,3.19,12.18,1.0,7.15,8.33,1.25,23.88,24.7,91.0,1004.0,0.95,290.0,Clouds,overcast clouds
kendujhar,2026-08-10 03:05:31.757068,1,207.86,1.02,3.16,17.79,1.56,6.42,8.12,0.99,26.26,26.26,81.0,1004.0,1.68,250.0,Rain,light rain
kendujhar,2026-08-10 05:14:39.179370,1,140.1,0.32,2.86,32.5,2.61,4.19,4.8,0.5,28.14,31.37,73.0,1003.0,1.9,242.0,Rain,light rain
kendujhar,2026-08-10 07:06:21.729351,1,141.12,0.28,3.23,34.15,3.3,5.94,6.66,0.86,26.6,26.6,81.0,1003.0,2.68,172.0,Rain,moderate rain
kendujhar,2026-08-10 09:05:40.397556,1,161.64,0.33,4.28,37.36,3.46,8.36,9.59,2.07,26.54,26.54,81.0,1001.0,2.25,214.0,Rain,light rain
kendujhar,2026-08-10 10:56:14.544575,2,176.85,0.26,4.18,44.77,2.73,10.49,11.89,2.73,25.83,26.71,86.0,1000.0,1.44,248.0,Rain,moderate rain
kendujhar,2026-08-10 11:41:56.788053,2,178.15,0.14,4.51,40.82,2.52,10.54,11.85,2.41,24.21,25.14,94.0,1001.0,1.75,281.0,Rain,moderate rain
kendujhar,2026-08-10 12:41:12.065055,2,184.72,0.03,4.77,32.91,2.24,10.53,11.9,1.68,23.98,24.86,93.0,1002.0,2.73,234.0,Rain,light rain
kendujhar,2026-08-10 14:11:38.692123,2,211.47,0.0,4.75,29.52,1.53,11.73,13.6,1.73,23.73,24.61,94.0,1003.0,2.89,236.0,Rain,moderate rain
kendujhar,2026-08-10 15:48:11.478101,2,223.34,0.01,4.64,21.88,1.44,12.09,14.27,1.78,23.5,24.39,95.0,1004.0,2.5,239.0,Rain,moderate rain
kendujhar,2026-08-10 16:41:31.852201,2,231.28,0.02,4.62,18.72,1.32,12.43,14.74,1.86,23.3,24.17,95.0,1004.0,2.62,241.0,Clouds,overcast clouds
kendujhar,2026-08-10 17:42:20.544769,2,233.72,0.03,4.47,16.52,1.09,12.45,14.59,1.85,22.98,23.84,96.0,1003.0,2.31,250.0,Clouds,overcast clouds
kendujhar,2026-08-10 18:40:41.966068,2,227.5,0.02,4.03,15.37,0.82,12.0,13.73,1.65,22.63,23.48,97.0,1003.0,1.88,246.0,Clouds,overcast clouds
kendujhar,2026-08-10 19:46:43.872604,2,220.48,0.02,3.52,14.82,0.64,11.41,12.94,1.36,22.41,23.24,97.0,1002.0,1.96,257.0,Clouds,overcast clouds
kendujhar,2026-08-10 20:30:20.268366,2,214.83,0.02,3.15,14.5,0.54,10.81,12.21,1.17,22.31,23.1,96.0,1002.0,1.48,271.0,Clouds,overcast clouds
kendujhar,2026-08-10 21:30:46.525074,2,209.73,0.02,2.88,14.29,0.88,10.08,11.29,1.04,22.32,23.11,96.0,1002.0,1.15,274.0,Clouds,broken clouds
kendujhar,2026-08-10 22:25:15.834936,2,209.73,0.02,2.88,14.29,0.88,10.08,11.29,1.04,22.33,23.13,96.0,1002.0,1.15,274.0,Clouds,broken clouds
kendujhar,2026-08-10 23:24:31.048803,1,206.26,0.02,2.71,13.62,1.15,9.45,10.53,1.06,22.2,22.98,96.0,1002.0,1.6,264.0,Clouds,broken clouds
kendujhar,2026-08-11 00:51:27.453342,1,206.02,0.08,2.8,12.62,1.38,8.71,9.98,1.24,23.12,23.94,94.0,1003.0,0.83,251.0,Clouds,overcast clouds
kendujhar,2026-08-11 02:58:43.062375,1,217.58,0.43,3.31,14.94,1.64,8.57,10.48,1.03,26.19,26.19,81.0,1004.0,1.43,252.0,Clouds,overcast clouds
kendujhar,2026-08-11 04:17:00.677383,1,181.14,0.32,2.94,33.53,2.4,7.35,8.43,0.57,27.42,30.12,75.0,1004.0,1.43,270.0,Rain,light rain
kendujhar,2026-08-11 05:45:39.109336,1,161.96,0.4,2.68,42.96,3.36,8.51,9.34,0.45,28.43,32.0,73.0,1002.0,1.37,247.0,Rain,moderate rain
kendujhar,2026-08-11 06:44:36.666195,1,144.08,0.3,2.05,51.61,3.04,8.48,9.07,0.31,29.07,32.88,70.0,1001.0,1.57,225.0,Rain,moderate rain
kendujhar,2026-08-11 08:01:50.594425,1,136.98,0.19,1.61,55.18,2.6,8.93,9.47,0.33,29.17,33.1,70.0,1001.0,1.35,232.0,Rain,moderate rain
kendujhar,2026-08-11 09:48:42.905924,2,146.76,0.18,1.91,51.1,2.38,10.6,11.44,1.01,28.83,32.54,71.0,1000.0,0.58,228.0,Clouds,overcast clouds
kendujhar,2026-08-11 10:40:43.603266,2,168.04,0.19,3.11,44.29,2.53,11.84,13.21,2.11,27.31,30.44,80.0,1000.0,0.69,201.0,Rain,light rain
kendujhar,2026-08-11 11:35:54.625538,2,193.58,0.12,5.03,39.95,3.09,12.72,14.65,3.11,25.9,26.77,85.0,1000.0,1.39,223.0,Rain,moderate rain
kendujhar,2026-08-11 12:38:28.518250,2,220.59,0.02,6.81,35.55,3.51,13.64,16.26,4.01,25.11,25.97,88.0,1001.0,1.15,281.0,Rain,moderate rain
kendujhar,2026-08-11 14:11:04.397187,2,228.48,0.03,6.39,21.13,1.98,12.76,16.14,2.62,24.72,25.57,89.0,1003.0,1.16,268.0,Rain,moderate rain
kendujhar,2026-08-11 15:48:26.482717,2,277.53,0.05,6.55,14.44,1.61,15.77,20.52,3.31,24.53,25.36,89.0,1004.0,1.43,263.0,Clouds,overcast clouds
kendujhar,2026-08-11 16:44:38.654476,2,300.52,0.08,6.46,10.76,1.45,17.25,22.1,3.11,24.26,25.09,90.0,1004.0,1.47,274.0,Rain,light rain
kendujhar,2026-08-11 17:47:09.517866,2,313.26,0.1,6.17,7.97,1.19,18.16,22.7,2.59,23.6,24.39,91.0,1004.0,1.52,274.0,Rain,moderate rain
kendujhar,2026-08-11 18:44:23.601133,2,311.19,0.09,5.57,6.54,0.97,18.09,21.91,2.06,23.54,24.33,91.0,1003.0,1.2,279.0,Rain,moderate rain
kendujhar,2026-08-11 19:53:20.407862,2,305.38,0.06,4.92,6.3,0.86,17.83,21.26,1.66,23.52,24.25,89.0,1002.0,1.48,273.0,Rain,moderate rain
kendujhar,2026-08-11 20:32:54.295598,2,295.84,0.04,4.4,7.28,0.78,17.3,20.3,1.4,23.75,24.45,87.0,1002.0,1.37,263.0,Clouds,overcast clouds
kendujhar,2026-08-11 21:34:27.548067,2,273.03,0.02,3.81,11.51,0.78,16.18,18.62,1.24,23.54,24.25,88.0,1002.0,1.6,264.0,Clouds,overcast clouds
kendujhar,2026-08-11 22:30:39.167369,2,259.85,0.02,3.45,12.62,0.75,15.17,17.23,1.21,23.47,24.14,87.0,1003.0,1.52,265.0,Rain,light rain
kendujhar,2026-08-11 23:28:45.290471,2,259.85,0.02,3.45,12.62,0.75,15.17,17.23,1.21,23.48,24.16,87.0,1003.0,1.52,265.0,Rain,light rain
kendujhar,2026-08-12 00:57:44.306802,2,245.59,0.08,3.26,14.38,0.76,13.09,14.78,1.35,24.25,24.98,86.0,1004.0,1.29,257.0,Clouds,scattered clouds
kendujhar,2026-08-12 03:20:19.988183,2,258.37,0.67,4.23,18.64,1.26,11.72,14.16,2.26,27.23,29.54,73.0,1004.0,1.47,261.0,Clouds,scattered clouds
kendujhar,2026-08-12 05:23:17.379399,1,218.2,0.61,4.37,32.96,3.3,9.12,11.45,2.14,29.19,32.39,66.0,1004.0,1.97,242.0,Rain,light rain
kendujhar,2026-08-12 07:05:13.309593,1,170.47,0.3,2.37,46.6,2.96,7.42,8.65,0.78,29.4,33.02,67.0,1002.0,3.44,244.0,Clouds,overcast clouds
kendujhar,2026-08-12 08:59:29.892948,1,160.16,0.15,2.35,44.99,2.51,6.33,7.46,0.94,28.49,31.97,72.0,1002.0,2.8,244.0,Clouds,overcast clouds
kendujhar,2026-08-12 10:02:40.519307,1,155.89,0.13,2.59,44.1,2.59,5.8,6.82,1.02,28.42,31.98,73.0,1002.0,2.91,242.0,Rain,light rain
kendujhar,2026-08-12 11:38:07.801143,1,159.78,0.04,3.61,39.89,2.76,5.42,6.41,1.1,26.11,26.11,86.0,1002.0,2.32,231.0,Clouds,overcast clouds
kendujhar,2026-08-12 12:41:15.533887,1,172.69,0.01,4.45,35.02,2.62,5.81,7.16,1.29,25.18,26.1,90.0,1003.0,2.24,237.0,Clouds,overcast clouds
kendujhar,2026-08-12 14:12:07.345768,2,231.69,0.01,5.46,24.98,1.6,12.28,14.75,1.61,24.74,25.65,91.0,1004.0,2.3,245.0,Rain,light rain
kendujhar,2026-08-12 15:48:08.505635,2,266.49,0.02,5.29,17.9,1.64,15.58,18.35,1.55,24.42,25.29,91.0,1005.0,1.93,234.0,Rain,light rain
kendujhar,2026-08-12 16:44:45.581739,2,276.04,0.03,5.07,16.24,1.89,16.49,19.01,1.43,24.47,25.35,91.0,1005.0,2.17,262.0,Rain,moderate rain
kendujhar,2026-08-12 17:48:49.852829,2,274.17,0.02,4.73,15.51,1.86,16.2,18.22,1.27,24.41,25.28,91.0,1005.0,1.9,255.0,Rain,moderate rain
kendujhar,2026-08-12 18:45:15.076123,2,259.78,0.01,4.17,15.81,1.63,14.59,16.0,1.07,23.98,24.81,91.0,1004.0,1.45,261.0,Rain,heavy intensity rain
kendujhar,2026-08-12 19:55:10.037531,2,246.56,0.01,3.64,16.3,1.41,12.87,13.9,0.92,23.42,24.27,94.0,1004.0,0.83,283.0,Rain,very heavy rain
kendujhar,2026-08-12 20:31:30.582357,2,235.89,0.01,3.24,17.18,1.23,11.27,12.06,0.81,23.18,24.06,96.0,1004.0,2.0,245.0,Rain,very heavy rain
kendujhar,2026-08-12 21:33:42.635196,1,221.78,0.0,2.89,19.24,0.97,9.38,9.93,0.7,23.11,23.96,95.0,1004.0,2.18,240.0,Rain,very heavy rain
kendujhar,2026-08-12 22:28:39.518122,1,221.78,0.0,2.89,19.24,0.97,9.38,9.93,0.7,23.12,23.97,95.0,1004.0,2.18,240.0,Rain,very heavy rain
kendujhar,2026-08-12 23:29:25.526507,1,213.0,0.0,2.7,19.25,0.78,7.85,8.3,0.67,22.84,23.66,95.0,1004.0,1.93,244.0,Rain,very heavy rain
kendujhar,2026-08-13 00:58:53.239718,1,201.05,0.01,2.84,18.17,0.84,5.69,6.18,0.67,22.78,23.59,95.0,1005.0,2.38,255.0,Rain,very heavy rain
kendujhar,2026-08-13 03:25:12.481228,1,197.69,0.25,3.32,18.68,1.36,5.02,5.89,0.68,23.33,24.2,95.0,1005.0,2.29,296.0,Rain,very heavy rain
kendujhar,2026-08-13 05:27:07.330751,1,181.34,0.41,3.33,24.05,2.07,5.63,6.23,0.47,24.67,25.44,86.0,1004.0,2.6,268.0,Rain,moderate rain
kendujhar,2026-08-13 07:09:08.692182,1,176.25,0.48,3.22,30.64,2.16,8.42,8.88,0.37,23.88,24.78,94.0,1002.0,3.41,263.0,Rain,moderate rain
kendujhar,2026-08-13 09:00:43.536375,2,175.42,0.41,3.41,33.38,1.97,10.38,10.81,0.4,24.3,25.21,93.0,1001.0,2.7,262.0,Rain,light rain
kendujhar,2026-08-13 10:09:06.754376,2,177.09,0.33,3.6,34.39,1.97,10.83,11.27,0.45,23.63,24.56,96.0,1001.0,2.58,261.0,Rain,light rain
kendujhar,2026-08-13 11:38:07.659742,2,184.07,0.09,4.59,33.44,2.12,11.15,11.72,0.64,23.12,23.97,95.0,1001.0,3.08,248.0,Clouds,overcast clouds
kendujhar,2026-08-13 12:42:01.315059,2,197.11,0.01,5.53,28.86,1.99,11.28,12.28,0.96,23.0,23.86,96.0,1002.0,2.31,260.0,Rain,light rain
kendujhar,2026-08-13 14:13:51.158567,2,220.07,0.01,6.2,22.56,1.79,11.85,13.72,1.34,23.24,24.13,96.0,1002.0,1.98,248.0,Clouds,overcast clouds
kendujhar,2026-08-13 15:47:18.221599,2,215.33,0.0,5.43,27.01,1.87,10.03,11.27,0.81,22.92,23.8,97.0,1004.0,1.28,272.0,Rain,light rain
kendujhar,2026-08-13 16:43:44.793138,1,218.41,0.0,5.45,26.03,2.05,9.7,10.95,0.79,22.81,23.68,97.0,1004.0,1.29,289.0,Rain,light rain
kendujhar,2026-08-13 17:48:10.032186,1,220.19,0.0,5.57,24.92,2.15,9.79,10.91,0.72,22.7,23.53,96.0,1003.0,1.5,277.0,Clouds,overcast clouds
kendujhar,2026-08-13 18:45:23.890706,1,217.61,0.0,5.51,24.42,2.18,9.89,10.74,0.62,22.58,23.4,96.0,1002.0,3.5,255.0,Rain,light rain
kendujhar,2026-08-13 19:50:23.955781,1,212.42,0.0,5.22,24.63,2.05,9.91,10.56,0.55,22.44,23.25,96.0,1001.0,3.73,246.0,Clouds,overcast clouds
kendujhar,2026-08-13 20:28:59.088496,1,212.42,0.0,5.22,24.63,2.05,9.91,10.56,0.55,22.48,23.29,96.0,1001.0,3.73,246.0,Clouds,overcast clouds
kendujhar,2026-08-13 21:33:44.581113,2,197.38,0.0,4.46,26.04,1.6,10.07,10.47,0.47,22.44,23.27,97.0,1001.0,3.19,246.0,Rain,heavy intensity rain
kendujhar,2026-08-13 22:29:33.872640,2,197.38,0.0,4.46,26.04,1.6,10.07,10.47,0.47,22.42,23.25,97.0,1001.0,3.19,246.0,Rain,heavy intensity rain
kendujhar,2026-08-13 23:30:08.946153,2,185.53,0.0,3.83,27.0,1.34,10.23,10.62,0.49,22.37,23.22,98.0,1001.0,2.25,230.0,Rain,moderate rain
kendujhar,2026-08-14 00:58:15.141919,1,180.84,0.01,3.62,27.43,1.4,9.81,10.24,0.49,22.44,23.3,98.0,1002.0,2.58,232.0,Rain,heavy intensity rain
kendujhar,2026-08-14 03:22:19.182111,1,174.35,0.19,3.43,29.55,1.48,8.34,8.87,0.46,22.51,23.4,99.0,1003.0,2.14,244.0,Rain,heavy intensity rain
kendujhar,2026-08-14 05:23:20.203195,1,164.94,0.24,3.11,34.71,1.73,7.47,7.92,0.38,22.88,23.76,97.0,1003.0,2.28,233.0,Rain,moderate rain
kendujhar,2026-08-14 07:05:40.286550,1,166.74,0.22,3.16,39.87,1.91,7.67,7.99,0.32,24.45,25.35,92.0,1001.0,2.47,236.0,Rain,light rain
kendujhar,2026-08-14 08:56:38.853806,1,174.44,0.15,3.56,41.71,1.9,7.67,7.96,0.33,25.08,25.97,89.0,1000.0,2.62,257.0,Clouds,overcast clouds
kendujhar,2026-08-14 09:52:33.225010,1,182.47,0.16,3.84,40.96,2.15,8.19,8.53,0.41,24.76,25.64,90.0,1000.0,2.14,252.0,Rain,light rain
kendujhar,2026-08-14 10:47:14.929019,1,192.01,0.12,4.29,37.95,2.22,8.83,9.24,0.51,25.1,26.02,90.0,1000.0,2.17,249.0,Clouds,overcast clouds
kendujhar,2026-08-14 11:35:51.395897,1,199.97,0.07,4.86,35.65,2.03,8.92,9.39,0.56,24.71,25.64,92.0,1000.0,1.87,245.0,Rain,light rain
kendujhar,2026-08-14 12:37:44.833178,1,205.92,0.01,5.37,33.36,1.69,8.68,9.28,0.61,23.87,24.82,96.0,1001.0,2.01,239.0,Clouds,overcast clouds
kendujhar,2026-08-14 14:07:40.737214,1,227.22,0.0,5.58,28.55,1.66,9.46,10.58,0.87,23.49,24.4,96.0,1002.0,2.49,232.0,Clouds,overcast clouds
kendujhar,2026-08-14 15:40:58.183973,1,226.11,0.0,5.24,27.74,1.48,8.83,9.93,0.78,23.38,24.28,96.0,1003.0,2.58,232.0,Clouds,overcast clouds
kendujhar,2026-08-14 16:39:17.419451,1,227.49,0.0,5.22,26.16,1.43,8.55,9.67,0.79,23.32,24.21,96.0,1002.0,2.52,235.0,Rain,light rain
kendujhar,2026-08-14 17:43:30.871016,1,227.05,0.0,5.16,24.24,1.32,8.26,9.27,0.79,23.23,24.14,97.0,1002.0,2.09,240.0,Rain,light rain
kendujhar,2026-08-14 18:39:16.036930,1,221.48,0.0,4.91,22.48,1.2,7.8,8.61,0.76,22.79,23.68,98.0,1002.0,1.68,217.0,Rain,light rain
kendujhar,2026-08-14 19:41:09.879784,1,214.06,0.0,4.54,21.33,1.04,7.26,7.91,0.72,22.72,23.61,98.0,1002.0,1.81,213.0,Rain,light rain
kendujhar,2026-08-14 20:20:27.517492,1,214.06,0.0,4.54,21.33,1.04,7.26,7.91,0.72,22.74,23.63,98.0,1002.0,1.81,213.0,Rain,light rain
kendujhar,2026-08-14 21:14:40.592178,1,205.79,0.0,4.25,20.46,0.95,6.68,7.22,0.68,22.74,23.63,98.0,1001.0,1.7,220.0,Rain,light rain
kendujhar,2026-08-14 22:11:17.421364,1,197.48,0.0,4.04,19.78,1.0,6.03,6.48,0.63,22.66,23.54,98.0,1001.0,1.78,220.0,Rain,light rain
kendujhar,2026-08-14 23:11:24.580392,1,189.85,0.0,3.92,18.82,0.99,5.41,5.8,0.61,22.57,23.44,98.0,1001.0,1.53,217.0,Rain,light rain
kendujhar,2026-08-15 00:34:23.428299,1,178.1,0.01,3.96,16.25,1.02,4.29,4.66,0.59,22.65,23.5,97.0,1002.0,1.7,235.0,Rain,light rain
rourkela,2026-05-21 19:17:06.916504,4,394.06,0.0,7.29,78.8,5.95,62.82,82.79,13.64,,,,,,,,
rourkela,2026-05-21 20:03:40.169455,4,434.31,0.0,8.34,68.44,5.77,64.29,84.83,15.88,,,,,,,,
rourkela,2026-05-21 20:38:23.197453,4,434.31,0.0,8.34,68.44,5.77,64.29,84.83,15.88,,,,,,,,
rourkela,2026-05-24 09:50:36.154569,4,241.56,0.17,2.27,145.81,11.0,69.3,113.12,9.74,,,,,,,,
rourkela,2026-05-24 11:06:56.761253,4,271.99,0.18,3.18,137.44,11.51,74.72,116.84,10.44,,,,,,,,
rourkela,2026-05-24 12:57:05.853473,5,311.4,0.01,5.44,112.05,11.88,78.02,119.76,10.51,,,,,,,,
rourkela,2026-05-24 14:21:54.687874,4,300.72,0.0,5.49,103.86,11.23,71.03,106.96,9.96,,,,,,,,
rourkela,2026-05-24 14:50:53.513530,4,217.58,0.13,1.62,146.99,10.38,64.57,108.96,8.25,,,,,,,,
rourkela,2026-05-24 15:54:20.254059,4,337.33,0.0,6.1,82.03,8.23,70.33,100.41,10.73,,,,,,,,
rourkela,2026-05-24 16:50:55.948607,4,340.46,0.0,6.03,75.54,7.05,68.67,96.06,10.05,,,,,,,,
rourkela,2026-05-24 17:51:18.213691,4,336.67,0.0,5.75,70.94,6.14,66.78,91.83,8.84,,,,,,,,
rourkela,2026-05-24 18:59:27.964695,4,313.75,0.0,4.92,71.52,6.25,64.08,88.25,7.07,,,,,,,,
rourkela,2026-05-24 20:05:39.818916,4,316.83,0.0,4.99,64.76,5.36,63.21,85.8,6.55,,,,,,,,
rourkela,2026-05-24 21:44:55.452613,4,330.5,0.0,5.32,52.38,3.81,62.27,82.73,4.33,,,,,,,,
rourkela,2026-05-24 22:46:02.543744,4,334.44,0.0,5.33,48.42,3.33,61.64,81.4,3.57,,,,,,,,
rourkela,2026-05-24 23:50:52.983344,4,334.21,0.0,5.22,45.94,3.0,60.68,80.05,3.06,,,,,,,,
rourkela,2026-05-25 02:11:17.870914,4,329.43,0.47,4.62,47.63,3.11,58.33,78.63,3.54,,,,,,,,
rourkela,2026-05-25 07:01:24.561527,4,227.4,0.14,1.46,146.17,10.53,66.52,107.75,4.67,,,,,,,,
rourkela,2026-05-25 11:42:06.975774,4,255.15,0.08,3.81,141.46,11.47,67.71,110.62,8.03,,,,,,,,
rourkela,2026-05-25 14:31:13.772095,4,269.2,0.0,4.19,96.06,6.95,59.2,90.09,7.59,,,,,,,,
rourkela,2026-05-25 16:58:16.836085,4,310.19,0.0,5.45,75.04,6.79,63.24,88.2,8.31,,,,,,,,
rourkela,2026-05-25 18:24:11.796164,4,328.16,0.0,5.91,67.49,6.31,65.41,89.03,8.41,,,,,,,,
rourkela,2026-05-25 20:18:31.572863,4,345.19,0.0,6.1,55.81,4.34,67.09,88.25,8.66,29.59,30.18,48.0,1002.0,1.7,144.0,Clouds,few clouds
rourkela,2026-05-25 22:01:06.432346,4,366.73,0.0,6.27,46.06,2.93,68.83,87.51,9.46,28.14,29.9,62.0,1002.0,2.4,157.0,Clouds,scattered clouds
rourkela,2026-05-25 23:55:29.075392,4,378.69,0.0,6.02,41.0,2.1,70.15,86.39,6.24,27.37,29.4,69.0,1003.0,1.87,162.0,Clouds,scattered clouds
rourkela,2026-05-26 00:46:42.254498,4,334.79,0.0,6.02,61.38,5.38,66.11,88.3,8.34,30.49,30.82,44.0,1002.0,2.12,85.0,Clouds,scattered clouds
rourkela,2026-05-26 02:01:43.448420,4,379.82,0.57,5.01,42.19,2.17,69.27,86.44,5.69,33.77,36.08,44.0,1005.0,2.33,209.0,Clouds,scattered clouds
rourkela,2026-05-26 06:36:51.845049,4,229.44,0.11,1.1,135.12,6.34,66.75,103.61,4.63,46.57,43.32,9.0,1001.0,5.33,252.0,Clouds,scattered clouds
rourkela,2026-05-26 10:40:28.131347,3,212.74,0.12,2.37,123.18,5.43,49.93,88.79,8.34,45.68,41.97,8.0,997.0,3.53,283.0,Clouds,broken clouds
rourkela,2026-05-26 13:46:27.334813,4,278.56,0.0,4.39,97.25,5.9,55.12,87.93,8.87,36.74,34.05,12.0,1000.0,2.59,235.0,Clouds,scattered clouds
rourkela,2026-05-26 17:19:55.251480,4,328.75,0.0,5.89,65.51,4.1,52.4,79.68,11.01,31.32,31.33,40.0,1003.0,3.45,165.0,Clouds,broken clouds
rourkela,2026-05-26 19:54:23.855132,4,339.89,0.0,6.01,52.44,2.52,50.25,74.21,11.29,27.62,28.2,52.0,1004.0,0.34,333.0,Clear,clear sky
rourkela,2026-05-26 21:27:40.857534,3,335.38,0.0,5.59,54.84,2.46,49.52,73.26,10.99,27.18,27.79,53.0,1004.0,0.97,122.0,Clear,clear sky
rourkela,2026-05-26 23:00:15.540212,3,340.62,0.0,5.36,57.06,2.47,48.84,71.58,11.71,26.11,26.11,55.0,1004.0,1.6,111.0,Clear,clear sky
rourkela,2026-05-27 00:07:16.541441,3,349.01,0.0,5.52,56.65,2.44,49.05,71.37,12.71,26.02,26.02,55.0,1005.0,0.99,140.0,Clear,clear sky
rourkela,2026-05-27 05:08:42.889264,4,284.58,0.22,1.91,124.42,5.71,55.92,80.48,9.45,42.01,41.95,19.0,1004.0,4.1,184.0,Clouds,broken clouds
rourkela,2026-05-27 08:59:21.968556,4,242.13,0.13,1.69,147.29,7.25,54.63,85.5,8.81,35.75,34.72,25.0,1001.0,6.55,237.0,Clouds,broken clouds
rourkela,2026-05-27 12:20:45.052883,4,288.74,0.09,4.06,128.54,8.76,59.69,89.93,9.57,42.43,40.33,13.0,998.0,2.41,181.0,Rain,light rain
rourkela,2026-05-27 16:32:30.071400,3,239.8,0.0,3.61,97.29,5.89,43.14,59.96,7.16,30.82,30.82,41.0,1003.0,6.13,153.0,Clouds,broken clouds
rourkela,2026-05-27 19:13:23.895837,3,245.2,0.0,3.87,88.75,6.93,42.59,56.94,6.26,29.18,29.53,47.0,1003.0,5.56,158.0,Clouds,broken clouds
rourkela,2026-05-27 21:44:59.211384,3,288.43,0.0,4.39,73.29,6.88,48.5,60.04,5.26,25.94,26.05,56.0,1004.0,1.45,67.0,Clouds,broken clouds
rourkela,2026-05-27 23:08:44.222410,4,305.72,0.0,4.53,68.4,6.0,51.19,62.72,5.41,25.67,25.81,58.0,1005.0,2.17,97.0,Clouds,scattered clouds
rourkela,2026-05-28 01:53:24.929694,4,337.33,0.41,4.57,63.03,4.37,55.92,70.0,6.39,32.37,33.01,41.0,1006.0,3.29,164.0,Clouds,scattered clouds
rourkela,2026-05-28 06:01:28.177585,4,265.16,0.19,1.6,128.51,6.07,60.32,78.17,7.78,44.07,42.31,13.0,1003.0,3.47,311.0,Clear,clear sky
rourkela,2026-05-28 10:44:09.522668,4,267.44,0.15,3.21,150.59,11.09,62.97,89.69,10.09,45.87,41.72,7.0,997.0,1.65,84.0,Clouds,few clouds
rourkela,2026-05-28 14:27:53.595822,4,275.58,0.0,5.18,119.05,10.08,55.69,79.07,9.75,35.45,32.82,12.0,1000.0,2.84,69.0,Clouds,scattered clouds
rourkela,2026-05-28 17:55:49.330024,4,305.07,0.0,5.08,85.24,8.68,58.48,76.62,7.68,29.48,30.17,49.0,1004.0,2.22,104.0,Clouds,scattered clouds
rourkela,2026-05-28 20:04:10.655815,4,301.2,0.0,4.82,71.83,6.49,54.02,71.07,7.01,27.85,29.44,62.0,1004.0,2.43,85.0,Clear,clear sky
rourkela,2026-05-28 22:25:53.944917,4,306.78,0.0,5.08,63.32,4.64,51.12,67.54,7.2,26.5,26.5,71.0,1004.0,1.1,126.0,Clear,clear sky
rourkela,2026-05-29 00:01:32.407762,3,307.02,0.0,5.21,58.25,3.83,47.67,62.6,4.59,25.94,26.57,76.0,1005.0,3.12,143.0,Clear,clear sky
rourkela,2026-05-29 05:04:10.616624,3,256.43,0.31,2.51,118.85,7.8,49.39,66.54,5.59,39.21,41.63,30.0,1004.0,2.99,171.0,Clouds,few clouds
rourkela,2026-05-29 09:32:22.043017,4,270.19,0.14,2.81,160.94,12.78,62.36,79.25,9.56,34.8,33.82,27.0,1001.0,7.05,52.0,Clouds,broken clouds
rourkela,2026-05-29 12:39:59.541706,4,265.01,0.0,4.86,152.56,17.15,68.26,81.86,4.78,30.84,30.71,40.0,1003.0,2.17,68.0,Clouds,overcast clouds
rourkela,2026-05-29 16:34:36.936702,4,385.08,0.0,9.44,69.24,13.64,60.23,67.15,3.36,26.47,26.47,65.0,1006.0,1.69,84.0,Clouds,overcast clouds
rourkela,2026-05-29 19:26:36.515437,4,383.84,0.0,8.19,63.15,10.82,60.93,66.97,2.64,25.97,25.97,64.0,1006.0,1.14,85.0,Clouds,overcast clouds
rourkela,2026-05-29 21:31:21.402493,4,362.54,0.0,5.82,61.91,6.68,58.08,62.8,2.18,24.95,25.3,69.0,1006.0,1.23,60.0,Clouds,overcast clouds
rourkela,2026-05-29 23:02:24.172942,4,359.29,0.0,5.32,61.12,5.62,56.84,61.48,2.2,24.71,25.06,70.0,1006.0,0.92,96.0,Clouds,overcast clouds
rourkela,2026-05-30 01:56:54.762995,4,346.31,0.34,4.54,61.49,4.41,52.67,57.94,2.68,30.38,31.45,49.0,1007.0,1.77,110.0,Clouds,broken clouds
rourkela,2026-05-30 05:43:07.009215,4,276.21,0.2,1.88,123.23,7.46,57.09,63.39,3.15,40.16,41.35,25.0,1004.0,2.77,161.0,Clouds,few clouds
rourkela,2026-05-30 08:14:59.274796,4,287.18,0.15,1.64,131.05,8.01,63.02,68.91,3.97,41.78,44.19,25.0,1002.0,2.69,134.0,Clear,clear sky
rourkela,2026-05-30 10:43:41.254498,4,311.31,0.11,2.49,133.08,8.12,73.93,78.69,3.47,33.18,35.27,45.0,1001.0,3.98,119.0,Clouds,scattered clouds
rourkela,2026-05-30 12:01:14.663812,4,311.21,0.05,3.12,127.91,7.77,72.24,76.8,3.62,30.55,32.45,53.0,1002.0,4.68,43.0,Clouds,scattered clouds
rourkela,2026-05-30 14:23:49.099033,3,282.18,0.0,4.52,106.45,6.92,44.92,53.08,7.6,26.76,28.9,76.0,1005.0,7.55,143.0,Clouds,overcast clouds
rourkela,2026-05-30 15:58:30.224533,3,281.74,0.0,4.05,100.03,7.01,47.23,54.33,4.64,26.4,26.4,76.0,1007.0,4.58,193.0,Clouds,overcast clouds
rourkela,2026-05-30 16:59:58.980712,3,290.7,0.0,4.31,94.74,7.15,49.95,57.3,4.15,25.98,25.98,78.0,1006.0,1.9,206.0,Rain,light rain
rourkela,2026-05-30 18:02:57.684167,4,300.14,0.0,4.59,88.64,7.19,53.15,60.99,3.82,25.8,26.52,80.0,1006.0,1.45,57.0,Clouds,overcast clouds
rourkela,2026-05-30 20:02:08.748595,4,308.64,0.0,4.83,77.14,7.14,58.68,67.6,2.99,25.24,25.73,73.0,1006.0,1.12,37.0,Clouds,overcast clouds
rourkela,2026-05-30 21:49:41.958164,4,316.09,0.0,4.95,68.9,6.97,61.89,71.6,2.29,24.92,25.43,75.0,1006.0,1.16,217.0,Clouds,broken clouds
rourkela,2026-05-30 22:45:45.957392,4,318.91,0.0,4.81,66.12,6.12,60.81,70.28,2.25,24.8,25.32,76.0,1006.0,0.71,154.0,Clouds,broken clouds
rourkela,2026-05-30 23:51:35.686915,4,320.26,0.0,4.56,64.38,5.13,58.23,67.39,2.31,25.04,25.58,76.0,1007.0,1.26,71.0,Clouds,overcast clouds
rourkela,2026-05-31 02:11:46.616421,3,314.57,0.25,4.23,63.53,3.86,49.35,57.13,2.65,29.0,31.03,60.0,1008.0,0.4,80.0,Clouds,broken clouds
rourkela,2026-05-31 06:46:48.763693,3,238.99,0.15,1.48,129.35,7.31,44.78,52.5,2.22,36.23,36.78,31.0,1005.0,3.65,161.0,Clouds,broken clouds
rourkela,2026-05-31 09:41:27.774811,3,218.85,0.12,2.29,128.7,7.61,38.54,46.04,3.5,36.41,35.83,26.0,1002.0,3.92,82.0,Clouds,scattered clouds
rourkela,2026-05-31 11:26:19.792389,3,233.68,0.1,3.21,123.36,8.22,39.89,46.49,4.37,34.34,33.57,29.0,1002.0,3.48,126.0,Clouds,scattered clouds
rourkela,2026-05-31 13:10:32.340268,4,266.22,0.01,5.32,123.8,12.07,52.79,60.39,7.73,33.66,37.66,50.0,1004.0,4.75,108.0,Clear,clear sky
rourkela,2026-05-31 15:10:49.248324,4,308.21,0.0,6.2,99.56,11.1,55.4,63.1,9.05,31.79,34.95,54.0,1005.0,3.4,117.0,Clouds,broken clouds
rourkela,2026-05-31 16:55:12.928882,3,319.75,0.0,5.82,73.96,6.86,46.15,52.7,7.29,29.97,32.02,56.0,1006.0,1.12,124.0,Clouds,broken clouds
rourkela,2026-05-31 17:53:40.135602,3,322.82,0.0,5.7,65.39,5.79,43.24,49.22,6.22,29.61,31.75,58.0,1006.0,2.81,162.0,Clouds,overcast clouds
rourkela,2026-05-31 19:00:47.927713,3,310.65,0.0,5.03,63.07,5.66,40.42,45.85,4.29,29.05,30.96,59.0,1006.0,1.72,179.0,Clouds,overcast clouds
rourkela,2026-05-31 20:13:23.920957,3,314.77,0.0,4.96,59.4,5.09,40.26,45.69,3.69,28.75,30.62,60.0,1006.0,1.2,162.0,Clouds,overcast clouds
rourkela,2026-05-31 21:47:11.963655,3,329.6,0.0,5.11,51.36,4.2,42.33,47.9,3.2,27.6,29.27,64.0,1006.0,1.73,147.0,Clouds,broken clouds
rourkela,2026-05-31 22:47:14.518229,3,338.83,0.0,5.25,47.3,3.87,43.59,49.3,3.2,27.22,28.78,65.0,1006.0,2.14,154.0,Clouds,broken clouds
rourkela,2026-05-31 23:55:47.148443,3,347.74,0.0,5.38,44.0,3.62,44.84,50.77,3.35,27.06,28.62,66.0,1007.0,2.38,169.0,Clouds,scattered clouds
rourkela,2026-06-01 02:35:30.558007,3,372.95,0.92,4.64,52.18,4.37,49.19,56.78,11.25,32.5,34.07,45.0,1008.0,1.77,160.0,Clouds,broken clouds
rourkela,2026-06-01 08:23:47.850003,4,216.53,0.14,1.48,143.52,12.2,60.91,68.46,6.06,41.13,43.47,26.0,1005.0,0.14,356.0,Clear,clear sky
rourkela,2026-06-01 14:48:55.747670,4,416.94,0.0,8.97,89.92,8.58,63.68,74.25,42.65,33.16,34.49,42.0,1005.0,3.08,171.0,Clouds,few clouds
rourkela,2026-06-01 19:51:28.483431,4,513.29,0.0,9.5,52.4,3.95,71.43,80.26,41.52,29.92,31.25,52.0,1006.0,0.54,90.0,Clear,clear sky
rourkela,2026-06-01 22:29:13.363062,4,536.67,0.0,9.72,41.25,3.0,72.67,81.13,39.09,29.14,30.37,54.0,1006.0,1.6,118.0,Clear,clear sky
rourkela,2026-06-02 00:05:37.421208,4,572.46,0.0,10.64,31.91,2.52,73.82,82.4,39.07,28.74,30.06,56.0,1007.0,1.72,151.0,Clouds,few clouds
rourkela,2026-06-02 05:21:43.736258,4,254.87,0.25,2.27,130.37,13.6,56.5,64.68,11.18,38.62,40.92,31.0,1007.0,1.96,208.0,Clear,clear sky
rourkela,2026-06-02 10:00:56.932945,3,226.91,0.16,2.22,133.38,8.34,48.34,55.75,12.12,36.35,37.84,34.0,1003.0,3.56,229.0,Clouds,broken clouds
rourkela,2026-06-02 14:41:44.254048,3,277.97,0.0,4.75,88.23,6.39,44.68,50.96,19.03,33.53,32.67,30.0,1003.0,1.45,199.0,Clear,clear sky
rourkela,2026-06-02 18:30:27.587047,4,348.36,0.0,5.53,61.99,4.4,54.07,59.59,17.92,29.97,31.33,52.0,1004.0,3.85,177.0,Clear,clear sky
rourkela,2026-06-02 21:40:37.632522,4,413.19,0.0,6.72,43.65,2.42,61.7,67.09,18.83,28.22,30.02,62.0,1003.0,1.41,160.0,Clear,clear sky
rourkela,2026-06-02 23:26:30.653647,4,434.77,0.0,7.1,39.03,1.92,63.81,69.16,18.3,27.76,29.52,64.0,1004.0,0.69,149.0,Clear,clear sky
rourkela,2026-06-03 02:38:47.327121,4,460.14,1.14,5.16,51.19,2.39,63.93,70.4,21.39,35.4,37.66,39.0,1005.0,1.9,214.0,Clear,clear sky
rourkela,2026-06-03 07:30:44.940196,4,239.41,0.14,1.34,135.36,8.19,51.93,57.62,15.24,41.5,42.37,22.0,1000.0,4.21,272.0,Clouds,scattered clouds
rourkela,2026-06-03 12:29:38.986415,4,284.07,0.13,4.14,116.72,7.07,52.32,58.8,28.07,38.68,39.26,26.0,998.0,5.61,178.0,Clouds,broken clouds
rourkela,2026-06-03 17:55:52.583340,4,528.28,0.0,12.57,53.79,5.73,58.52,70.05,69.93,33.02,34.49,43.0,1002.0,3.93,165.0,Clouds,broken clouds
rourkela,2026-06-03 20:46:19.198365,3,433.02,0.0,8.15,52.44,3.02,48.3,55.26,35.34,29.72,31.77,57.0,1001.0,1.86,153.0,Clear,clear sky
rourkela,2026-06-03 22:57:52.449579,3,373.87,0.0,6.19,54.79,2.34,40.23,45.44,28.51,29.37,31.85,61.0,1002.0,1.29,134.0,Clouds,few clouds
rourkela,2026-06-04 00:28:19.021193,3,362.99,0.0,5.93,53.84,2.04,37.6,42.33,27.97,29.75,32.36,60.0,1002.0,1.55,133.0,Clouds,scattered clouds
rourkela,2026-06-04 05:49:53.917089,3,214.91,0.16,1.3,120.95,6.57,40.16,45.99,15.35,41.97,43.14,22.0,1001.0,3.4,177.0,Clouds,scattered clouds
rourkela,2026-06-04 09:41:45.243582,3,197.45,0.14,1.54,122.83,6.12,39.69,47.43,16.67,36.21,37.02,32.0,999.0,4.98,274.0,Clouds,broken clouds
rourkela,2026-06-04 12:37:25.656921,3,234.32,0.02,4.67,98.33,6.68,37.18,45.59,22.63,35.69,36.18,32.0,999.0,1.66,74.0,Clouds,overcast clouds
rourkela,2026-06-04 16:16:46.212778,3,260.14,0.0,5.01,70.62,2.95,26.61,30.97,18.7,33.0,33.37,38.0,1001.0,1.22,84.0,Clouds,broken clouds
rourkela,2026-06-04 19:12:48.383530,2,271.33,0.0,5.06,63.67,2.22,22.38,26.03,21.48,31.03,31.74,45.0,1001.0,1.71,183.0,Clouds,broken clouds
rourkela,2026-06-04 21:22:26.666745,2,267.92,0.0,4.63,61.8,1.82,19.8,23.01,22.49,30.04,30.95,49.0,1001.0,1.66,162.0,Clouds,scattered clouds
rourkela,2026-06-04 23:00:32.034810,2,261.01,0.0,4.23,62.12,1.51,17.41,20.32,22.31,29.27,30.15,51.0,1001.0,0.81,186.0,Clouds,scattered clouds
rourkela,2026-06-05 00:11:07.834862,2,255.28,0.0,3.95,63.58,1.42,16.21,18.97,21.38,29.52,30.5,51.0,1002.0,0.48,51.0,Clear,clear sky
rourkela,2026-06-05 05:09:07.839605,3,206.37,0.2,1.43,108.53,4.51,24.02,27.2,15.35,40.69,42.26,25.0,1002.0,3.81,252.0,Clear,clear sky
rourkela,2026-06-05 09:27:18.782104,3,208.28,0.12,1.25,122.4,4.56,29.02,33.49,16.04,40.97,41.52,22.0,998.0,1.19,262.0,Clouds,broken clouds
rourkela,2026-06-05 12:30:53.808697,3,262.51,0.01,4.87,104.1,7.56,31.62,37.03,21.76,35.14,35.8,34.0,998.0,1.6,163.0,Clouds,overcast clouds
rourkela,2026-06-05 15:48:04.024300,3,373.3,0.0,7.56,68.1,3.74,33.69,40.55,40.23,35.23,35.95,34.0,1000.0,1.81,62.0,Clouds,overcast clouds
rourkela,2026-06-05 17:46:27.553500,3,398.15,0.0,7.8,58.61,2.79,32.97,39.32,37.05,33.52,34.62,40.0,1001.0,2.18,171.0,Clouds,overcast clouds
rourkela,2026-06-05 19:29:45.795632,3,385.35,0.0,7.07,57.98,2.39,31.2,36.58,32.42,31.81,32.36,42.0,1001.0,2.27,164.0,Clouds,few clouds
rourkela,2026-06-05 21:16:12.221902,3,378.27,0.0,6.33,54.54,1.8,28.46,32.77,29.54,30.66,31.37,46.0,1000.0,1.43,143.0,Clear,clear sky
rourkela,2026-06-05 22:56:47.772882,3,371.44,0.0,5.81,53.74,1.53,26.34,30.07,28.41,29.61,30.78,52.0,1001.0,1.4,158.0,Clear,clear sky
rourkela,2026-06-06 00:01:01.393109,3,373.03,0.0,5.76,53.97,1.43,25.76,29.41,28.89,30.03,31.42,52.0,1002.0,0.95,107.0,Clouds,few clouds
rourkela,2026-06-06 04:45:30.962185,3,273.61,0.22,1.74,120.15,9.18,41.54,47.39,18.49,40.59,42.93,27.0,1002.0,0.83,210.0,Clouds,scattered clouds
rourkela,2026-06-06 07:40:11.487170,3,237.89,0.13,1.18,132.67,8.58,47.04,52.55,15.68,39.86,41.23,26.0,1000.0,3.57,317.0,Clouds,broken clouds
rourkela,2026-06-06 09:52:31.997073,3,223.74,0.12,1.44,124.9,6.46,41.88,46.81,17.03,40.89,41.4,22.0,999.0,4.09,307.0,Clouds,scattered clouds
rourkela,2026-06-06 11:15:45.291979,3,223.59,0.1,2.02,117.18,6.07,39.48,44.23,18.06,40.65,40.66,21.0,998.0,3.06,299.0,Clouds,scattered clouds
rourkela,2026-06-06 13:05:21.145905,3,235.46,0.01,3.89,96.87,5.46,33.89,38.64,21.92,38.24,37.99,24.0,999.0,1.05,198.0,Clouds,overcast clouds
rourkela,2026-06-06 15:05:16.519878,3,326.01,0.0,4.84,74.79,5.12,40.77,43.93,15.98,35.44,35.55,31.0,1000.0,3.46,164.0,Clouds,overcast clouds
rourkela,2026-06-06 16:58:00.120431,3,361.38,0.0,5.99,57.33,2.88,38.06,41.79,20.07,32.28,35.4,52.0,1003.0,4.75,166.0,Clouds,overcast clouds
rourkela,2026-06-06 18:03:15.161550,3,382.76,0.0,6.71,50.93,2.45,38.06,41.96,23.02,31.28,34.68,57.0,1003.0,4.28,164.0,Clouds,overcast clouds
rourkela,2026-06-06 20:03:30.746306,3,407.31,0.0,7.37,42.63,1.98,37.75,41.32,27.39,30.21,33.45,61.0,1002.0,2.94,162.0,Clouds,overcast clouds
rourkela,2026-06-06 21:55:17.477764,3,428.38,0.0,7.78,36.39,1.53,37.34,40.73,28.34,29.8,33.25,64.0,1002.0,2.18,157.0,Clouds,overcast clouds
rourkela,2026-06-06 22:54:30.345706,3,426.9,0.0,7.58,35.75,1.37,36.46,39.71,26.52,29.69,33.22,65.0,1003.0,2.35,158.0,Clouds,overcast clouds
rourkela,2026-06-06 23:55:46.971357,3,412.44,0.0,7.02,38.62,1.31,34.9,38.01,24.15,29.08,32.35,67.0,1003.0,1.53,152.0,Clouds,overcast clouds
rourkela,2026-06-07 02:28:50.237531,3,377.86,0.5,5.43,48.08,1.58,31.51,35.23,24.17,32.6,36.62,54.0,1004.0,1.01,246.0,Clouds,broken clouds
rourkela,2026-06-07 06:57:43.271661,3,254.79,0.19,2.84,111.25,9.05,43.27,47.44,17.79,42.02,43.68,23.0,1000.0,6.13,282.0,Clouds,overcast clouds
rourkela,2026-06-07 09:57:43.423773,3,270.85,0.15,3.29,132.62,9.97,48.29,52.49,23.72,40.14,41.32,25.0,999.0,4.84,172.0,Clouds,broken clouds
rourkela,2026-06-07 11:44:47.813001,4,292.52,0.03,4.86,131.44,12.38,54.47,59.59,23.11,38.13,40.02,31.0,999.0,5.35,146.0,Clouds,broken clouds
rourkela,2026-06-07 13:17:43.706623,3,302.08,0.0,6.99,94.26,10.54,35.2,38.63,25.21,35.11,36.83,38.0,999.0,3.47,168.0,Clouds,broken clouds
rourkela,2026-06-07 15:17:33.555354,3,367.24,0.0,8.39,70.66,8.17,37.74,42.46,32.97,32.95,35.63,48.0,1001.0,8.29,175.0,Rain,light rain
rourkela,2026-06-07 17:03:44.549880,3,401.3,0.0,8.74,51.42,4.91,37.32,42.28,33.64,30.0,32.44,58.0,1003.0,5.22,169.0,Clouds,overcast clouds
rourkela,2026-06-07 19:04:34.432971,3,408.51,0.0,8.69,42.24,3.01,36.05,40.44,31.03,30.55,31.89,50.0,1002.0,2.48,164.0,Clouds,overcast clouds
rourkela,2026-06-07 20:59:27.096107,3,440.71,0.0,9.49,31.0,2.12,37.28,41.74,27.73,29.93,32.13,57.0,1001.0,1.53,147.0,Clouds,overcast clouds
rourkela,2026-06-07 22:03:13.998342,3,459.36,0.0,9.91,26.67,1.85,38.2,42.72,26.62,29.58,31.87,59.0,1002.0,1.43,161.0,Clouds,overcast clouds
rourkela,2026-06-07 23:57:31.887994,3,484.41,0.01,10.09,24.19,1.48,39.16,43.78,28.25,29.54,31.98,60.0,1002.0,1.54,150.0,Clouds,overcast clouds
rourkela,2026-06-08 02:56:17.352390,3,437.53,1.3,5.75,52.25,2.07,38.44,44.54,27.65,33.76,36.64,46.0,1003.0,2.21,210.0,Clouds,overcast clouds
rourkela,2026-06-08 07:23:50.510209,3,248.56,0.14,1.63,134.1,7.01,49.79,58.75,16.45,41.18,41.86,22.0,1000.0,2.7,279.0,Clouds,overcast clouds
rourkela,2026-06-08 12:20:51.324179,3,256.7,0.06,4.21,120.7,8.78,49.76,60.0,20.92,40.6,40.58,21.0,997.0,4.07,155.0,Clouds,overcast clouds
rourkela,2026-06-08 16:43:38.245007,2,260.56,0.0,4.3,77.65,2.6,19.02,22.6,20.22,31.98,34.33,50.0,1000.0,6.11,166.0,Clouds,broken clouds
rourkela,2026-06-08 19:13:55.150375,2,239.8,0.0,3.78,78.78,2.33,13.84,16.42,19.64,29.6,31.91,59.0,1001.0,2.52,171.0,Clouds,overcast clouds
rourkela,2026-06-08 21:41:41.484326,2,231.94,0.0,3.36,76.44,1.82,12.03,14.15,21.15,29.58,31.7,58.0,1000.0,1.05,175.0,Clouds,overcast clouds
rourkela,2026-06-08 23:06:58.394053,2,234.29,0.0,3.4,74.35,1.7,12.17,14.3,22.07,29.68,31.7,57.0,1001.0,1.19,220.0,Clouds,overcast clouds
rourkela,2026-06-09 01:57:05.545481,2,240.63,0.28,3.51,71.64,1.93,13.46,16.06,23.36,33.4,35.41,44.0,1002.0,2.96,235.0,Clouds,overcast clouds
rourkela,2026-06-09 06:03:38.533139,3,210.73,0.18,1.93,110.99,8.1,32.98,37.51,18.12,42.68,43.4,20.0,1000.0,4.84,262.0,Clouds,scattered clouds
rourkela,2026-06-09 10:26:42.284877,3,180.24,0.13,1.59,118.16,6.45,30.03,36.93,14.28,43.63,42.59,15.0,996.0,5.11,249.0,Clouds,broken clouds
rourkela,2026-06-09 13:36:10.551975,2,302.37,0.0,8.15,67.32,6.17,23.97,30.66,32.57,34.31,33.53,29.0,998.0,3.73,124.0,Clouds,scattered clouds
rourkela,2026-06-09 16:25:11.178670,3,396.13,0.0,10.58,44.68,4.5,26.82,35.36,41.76,32.53,33.26,41.0,1000.0,6.64,163.0,Clouds,broken clouds
rourkela,2026-06-09 19:06:27.702163,2,348.45,0.0,7.47,49.63,2.89,23.25,28.89,30.07,30.26,31.96,53.0,1001.0,3.6,166.0,Clouds,broken clouds
rourkela,2026-06-09 21:29:20.355485,2,300.33,0.0,5.52,55.96,1.9,18.93,22.74,26.25,28.61,30.26,59.0,1001.0,0.44,284.0,Clouds,scattered clouds
rourkela,2026-06-09 23:09:26.740857,2,273.66,0.0,4.58,58.96,1.59,14.81,17.73,24.56,28.05,29.64,61.0,1001.0,0.64,114.0,Clouds,scattered clouds
rourkela,2026-06-10 02:09:46.189204,2,274.2,0.33,4.43,57.24,1.56,11.6,14.65,25.62,33.67,35.37,42.0,1002.0,2.25,184.0,Clouds,scattered clouds
rourkela,2026-06-10 06:57:42.130776,3,234.68,0.14,2.29,121.18,9.58,45.78,59.2,21.97,44.08,43.19,15.0,999.0,4.06,264.0,Clouds,few clouds
rourkela,2026-06-10 10:52:39.708508,4,266.53,0.22,3.98,130.53,10.09,50.86,68.07,37.02,39.69,38.94,20.0,997.0,1.88,215.0,Clouds,broken clouds
rourkela,2026-06-10 14:16:55.116276,3,267.45,0.0,5.97,92.89,7.73,39.18,55.08,26.01,34.94,33.23,22.0,998.0,1.21,185.0,Clouds,scattered clouds
rourkela,2026-06-10 17:50:24.543614,3,377.9,0.0,8.27,63.45,4.37,42.14,56.41,37.72,33.49,32.78,31.0,1000.0,1.7,77.0,Clouds,few clouds
rourkela,2026-06-10 20:08:50.345431,3,360.29,0.0,6.95,61.74,3.0,38.16,49.29,33.08,29.75,29.87,44.0,1001.0,1.08,133.0,Clouds,few clouds
rourkela,2026-06-10 22:46:44.907482,3,335.99,0.0,5.54,61.39,2.37,33.37,41.76,29.76,28.75,29.34,50.0,1001.0,1.78,116.0,Clear,clear sky
rourkela,2026-06-11 00:07:45.275354,3,341.74,0.0,5.62,59.42,2.22,32.8,40.66,29.22,28.86,29.04,46.0,1002.0,1.4,84.0,Clouds,few clouds
rourkela,2026-06-11 05:20:10.124005,3,288.43,0.3,2.25,112.8,7.77,49.94,58.28,23.03,41.48,42.76,23.0,1002.0,5.16,236.0,Clouds,few clouds
rourkela,2026-06-11 10:02:42.486508,3,205.72,0.13,1.64,118.57,5.34,39.54,54.99,16.95,42.21,41.46,17.0,997.0,5.29,319.0,Clouds,broken clouds
rourkela,2026-06-11 14:29:10.901954,3,339.53,0.0,7.46,67.07,4.85,45.21,62.68,33.85,32.03,32.69,42.0,1000.0,4.68,141.0,Clouds,broken clouds
rourkela,2026-06-11 18:01:17.745663,3,342.36,0.0,7.82,66.78,8.95,45.68,58.39,24.94,28.52,29.74,56.0,1005.0,1.68,112.0,Clouds,broken clouds
rourkela,2026-06-11 21:11:23.264821,3,339.62,0.0,6.5,61.77,7.09,46.17,55.5,16.53,27.03,28.82,69.0,1004.0,1.95,78.0,Clouds,overcast clouds
rourkela,2026-06-11 23:13:38.194351,3,368.9,0.0,6.41,53.03,4.47,48.23,56.88,14.89,26.73,28.41,70.0,1004.0,0.85,74.0,Clouds,overcast clouds
rourkela,2026-06-12 02:16:14.656193,4,414.78,0.69,6.19,43.9,3.14,51.46,60.46,16.81,30.42,32.23,53.0,1006.0,1.18,172.0,Clouds,scattered clouds
rourkela,2026-06-12 07:11:31.269502,3,228.46,0.15,1.37,112.07,4.21,45.16,54.21,14.85,40.67,42.64,26.0,1003.0,1.29,126.0,Clear,clear sky
rourkela,2026-06-12 11:33:41.762918,3,285.21,0.07,4.64,98.5,5.77,46.89,53.98,23.58,34.17,34.97,37.0,1001.0,2.85,13.0,Clouds,few clouds
rourkela,2026-06-12 14:31:21.634646,3,292.01,0.0,5.27,70.01,3.86,40.03,45.3,13.23,32.12,33.66,46.0,1005.0,2.91,187.0,Clouds,overcast clouds
rourkela,2026-06-12 17:30:37.261896,3,317.4,0.0,5.54,56.45,2.31,38.89,43.72,13.48,26.97,29.14,74.0,1005.0,4.64,156.0,Clouds,overcast clouds
rourkela,2026-06-12 19:50:48.111889,4,390.24,0.0,6.3,53.36,1.98,58.15,63.17,14.97,27.65,29.78,68.0,1004.0,0.37,147.0,Clouds,overcast clouds
rourkela,2026-06-12 21:23:14.090242,4,406.51,0.0,6.79,47.66,1.59,57.72,62.67,20.08,27.59,29.57,67.0,1004.0,0.66,280.0,Clouds,overcast clouds
rourkela,2026-06-12 23:06:41.234842,4,453.68,0.0,8.05,36.34,1.38,59.78,64.86,26.08,26.89,28.52,68.0,1004.0,1.36,124.0,Clouds,overcast clouds
rourkela,2026-06-13 02:08:46.559884,4,492.91,1.43,6.44,30.51,1.49,58.23,64.27,20.97,30.83,32.73,52.0,1006.0,1.59,143.0,Clouds,broken clouds
rourkela,2026-06-13 06:46:00.168402,3,211.88,0.13,1.02,118.24,4.59,40.35,44.84,11.26,41.35,42.54,23.0,1002.0,4.31,263.0,Clouds,few clouds
rourkela,2026-06-13 09:50:04.224260,3,183.6,0.1,1.33,110.8,3.5,30.19,34.55,12.12,42.17,42.18,19.0,998.0,4.33,245.0,Clouds,broken clouds
rourkela,2026-06-13 11:46:10.457576,3,196.69,0.04,2.71,95.11,4.01,28.2,32.1,14.1,40.79,40.52,20.0,998.0,5.47,281.0,Clouds,scattered clouds
rourkela,2026-06-13 13:22:12.721371,3,203.92,0.01,3.31,86.16,4.64,26.81,30.25,13.58,37.57,37.26,25.0,1000.0,2.96,272.0,Clouds,overcast clouds
rourkela,2026-06-13 15:24:59.862120,3,285.8,0.0,5.84,65.69,3.03,29.85,34.78,25.29,35.34,35.87,33.0,1001.0,2.28,150.0,Clouds,overcast clouds
rourkela,2026-06-13 17:08:53.729252,3,346.09,0.0,7.54,51.28,2.42,31.91,37.28,23.35,32.86,34.22,43.0,1002.0,3.95,170.0,Clouds,overcast clouds
rourkela,2026-06-13 19:06:15.777192,3,376.06,0.0,8.16,42.66,1.82,32.35,37.38,23.89,29.92,31.75,55.0,1003.0,2.75,158.0,Clouds,scattered clouds
rourkela,2026-06-13 21:01:04.965950,3,374.22,0.0,7.5,41.05,1.41,30.36,34.59,22.92,28.98,30.7,58.0,1002.0,1.68,160.0,Clouds,few clouds
rourkela,2026-06-13 22:53:11.557981,3,334.32,0.0,5.8,48.6,1.25,26.02,29.5,22.15,28.13,29.64,60.0,1002.0,1.66,148.0,Clouds,few clouds
rourkela,2026-06-13 23:57:21.420869,2,328.17,0.0,5.58,48.82,1.18,24.62,27.99,23.0,28.0,29.79,63.0,1003.0,1.09,132.0,Clouds,scattered clouds
rourkela,2026-06-14 02:55:53.807651,2,312.21,0.74,3.58,62.14,2.01,24.91,29.11,26.54,34.57,36.72,41.0,1004.0,2.43,212.0,Clear,clear sky
rourkela,2026-06-14 07:15:19.412763,3,201.8,0.16,1.35,112.24,6.28,40.0,45.28,15.14,39.94,41.36,26.0,1001.0,3.94,259.0,Clouds,overcast clouds
rourkela,2026-06-14 10:44:00.061708,3,268.4,0.08,3.89,96.94,6.32,45.33,50.2,26.44,35.25,36.51,36.0,1000.0,10.76,327.0,Clouds,broken clouds
rourkela,2026-06-14 12:56:57.314189,3,255.33,0.0,4.3,81.78,6.43,37.59,41.05,17.09,32.45,33.77,44.0,999.0,2.6,47.0,Clouds,broken clouds
rourkela,2026-06-14 15:05:35.447508,3,311.4,0.0,7.1,63.42,8.76,31.02,35.01,20.21,32.52,33.88,44.0,1001.0,2.51,184.0,Clouds,overcast clouds
rourkela,2026-06-14 17:07:07.087605,3,337.75,0.0,7.16,50.88,4.61,28.82,32.97,19.29,31.1,33.41,53.0,1002.0,6.47,180.0,Clouds,broken clouds
rourkela,2026-06-14 19:06:43.304919,2,311.37,0.0,5.72,53.03,2.57,24.17,27.27,16.7,30.06,31.99,55.0,1003.0,2.14,166.0,Clouds,overcast clouds
rourkela,2026-06-14 20:58:35.339301,2,300.44,0.0,5.27,52.87,1.92,21.25,23.93,16.92,28.24,30.71,67.0,1002.0,2.71,151.0,Clouds,overcast clouds
rourkela,2026-06-14 22:06:52.735792,2,293.47,0.0,5.02,54.39,1.79,20.2,22.83,18.07,27.59,29.89,70.0,1002.0,2.02,146.0,Clouds,overcast clouds
rourkela,2026-06-15 00:00:30.174968,2,311.24,0.0,5.61,49.33,1.53,19.93,22.84,20.52,27.49,29.82,71.0,1003.0,0.61,179.0,Clouds,broken clouds
rourkela,2026-06-15 04:26:26.567899,3,279.16,0.58,3.27,88.33,6.38,28.99,33.32,20.11,36.51,38.77,36.0,1004.0,3.03,291.0,Clouds,few clouds
rourkela,2026-06-15 10:49:42.458183,4,237.46,0.1,3.36,133.71,14.3,53.92,65.07,13.68,41.93,41.07,17.0,999.0,1.12,316.0,Clouds,few clouds
rourkela,2026-06-15 16:12:35.878308,4,309.36,0.0,5.14,77.04,7.01,51.84,59.98,22.03,35.79,34.96,26.0,1002.0,3.32,147.0,Clouds,overcast clouds
rourkela,2026-06-15 20:20:19.208157,3,340.3,0.0,5.93,51.5,2.25,34.09,39.57,22.79,30.16,33.56,62.0,1003.0,1.99,152.0,Clear,clear sky
rourkela,2026-06-15 22:54:33.185939,3,373.72,0.0,6.61,41.37,1.5,32.19,36.75,24.56,29.04,31.75,64.0,1003.0,1.14,173.0,Clear,clear sky
rourkela,2026-06-16 00:22:30.387335,3,384.69,0.0,6.86,38.26,1.35,31.97,36.39,24.38,29.11,31.71,63.0,1004.0,0.26,178.0,Clear,clear sky
rourkela,2026-06-16 06:22:51.633532,3,229.09,0.21,1.79,125.09,10.41,49.55,56.89,14.45,40.58,41.28,23.0,1004.0,0.52,261.0,Clear,clear sky
rourkela,2026-06-16 12:02:06.013885,4,265.17,0.02,3.99,127.73,12.14,68.49,77.13,21.0,39.64,39.17,21.0,1000.0,1.79,207.0,Rain,light rain
rourkela,2026-06-16 17:53:26.944946,4,441.36,0.0,9.1,62.2,6.33,62.42,71.64,44.99,33.08,34.36,42.0,1003.0,1.63,211.0,Clouds,overcast clouds
rourkela,2026-06-16 20:36:07.393827,4,473.74,0.0,8.89,46.79,3.17,61.63,69.82,33.37,30.72,31.14,44.0,1004.0,1.67,113.0,Clouds,broken clouds
rourkela,2026-06-16 22:47:13.860442,4,461.4,0.0,7.97,47.68,2.53,59.09,66.65,33.67,29.56,30.42,50.0,1004.0,1.96,151.0,Clouds,broken clouds
rourkela,2026-06-17 00:08:08.955861,4,467.37,0.0,7.95,45.41,2.16,57.88,65.29,30.86,29.46,30.42,51.0,1005.0,1.72,187.0,Clouds,broken clouds
rourkela,2026-06-17 05:58:50.827927,4,266.01,0.22,1.82,121.92,7.08,55.8,61.96,14.75,41.83,42.49,21.0,1003.0,2.58,290.0,Clear,clear sky
rourkela,2026-06-17 10:50:04.331274,4,229.31,0.1,2.42,124.02,7.47,54.51,60.6,15.53,41.64,42.19,21.0,999.0,4.25,215.0,Clouds,broken clouds
rourkela,2026-06-17 14:23:14.947493,4,305.92,0.0,6.37,81.23,6.41,52.87,58.98,22.49,33.76,34.78,39.0,1001.0,3.37,176.0,Clouds,broken clouds
rourkela,2026-06-17 17:43:59.890464,3,395.91,0.0,7.88,48.01,2.62,47.34,53.33,23.44,31.58,32.77,46.0,1004.0,2.96,176.0,Clouds,scattered clouds
rourkela,2026-06-17 19:57:37.762254,3,353.15,0.0,5.8,53.07,1.65,31.88,35.97,21.61,29.9,30.75,49.0,1004.0,0.63,205.0,Clouds,overcast clouds
rourkela,2026-06-17 21:55:46.132800,2,322.24,0.0,4.97,55.17,1.38,24.68,27.86,20.89,29.31,30.07,50.0,1004.0,0.19,332.0,Clouds,overcast clouds
rourkela,2026-06-17 23:16:15.998669,2,312.76,0.0,4.82,54.93,1.31,21.92,24.9,21.76,29.09,29.9,51.0,1004.0,0.37,213.0,Clouds,overcast clouds
rourkela,2026-06-18 02:33:46.931736,2,307.24,0.71,3.85,63.33,2.23,20.13,23.95,25.57,34.52,35.8,38.0,1006.0,2.86,236.0,Clouds,broken clouds
rourkela,2026-06-18 07:25:50.611132,3,235.55,0.11,1.57,123.91,6.57,37.48,41.0,15.26,41.31,42.9,24.0,1003.0,3.72,209.0,Clouds,scattered clouds
rourkela,2026-06-18 11:43:51.853348,3,272.7,0.05,4.69,100.92,6.12,28.16,31.19,28.33,35.73,37.65,37.0,1000.0,3.89,175.0,Rain,light rain
rourkela,2026-06-18 14:43:01.874443,3,352.88,0.0,7.62,54.19,3.96,29.28,33.25,20.61,29.22,31.25,59.0,1004.0,2.12,149.0,Clouds,overcast clouds
rourkela,2026-06-18 17:53:58.218624,3,410.05,0.0,8.63,39.8,2.25,29.45,34.63,21.38,28.05,29.87,63.0,1005.0,1.76,266.0,Clouds,broken clouds
rourkela,2026-06-18 20:08:53.099214,3,411.87,0.0,8.19,35.77,1.46,26.79,31.07,20.18,27.94,30.42,69.0,1005.0,4.15,261.0,Clouds,overcast clouds
rourkela,2026-06-18 22:51:00.287735,2,382.77,0.0,6.87,38.28,1.12,21.87,25.23,19.46,26.74,28.71,74.0,1004.0,0.65,219.0,Clouds,overcast clouds
rourkela,2026-06-19 00:19:19.301870,2,366.12,0.0,6.37,40.21,1.17,19.9,23.03,18.85,27.03,29.16,73.0,1004.0,1.59,197.0,Clouds,broken clouds
rourkela,2026-06-19 06:07:01.234311,3,254.11,0.19,2.45,99.75,7.24,36.53,39.31,13.97,40.4,42.58,27.0,1003.0,2.91,240.0,Rain,light rain
rourkela,2026-06-19 11:12:37.459273,3,254.15,0.12,2.41,99.82,4.22,35.75,37.28,11.27,37.57,39.71,33.0,1000.0,0.96,237.0,Clouds,broken clouds
rourkela,2026-06-19 14:39:45.019021,2,401.21,0.0,9.38,38.81,2.82,22.26,27.25,30.8,28.5,31.67,70.0,1005.0,2.6,141.0,Clouds,broken clouds
rourkela,2026-06-19 17:10:50.951996,2,428.62,0.0,9.33,30.49,2.16,22.6,28.4,26.8,27.52,30.21,74.0,1005.0,2.86,165.0,Clouds,broken clouds
rourkela,2026-06-19 19:23:37.350503,2,443.46,0.01,9.16,24.67,1.39,22.69,27.85,23.86,27.09,29.94,80.0,1005.0,0.67,278.0,Clouds,overcast clouds
rourkela,2026-06-19 21:00:22.341951,2,445.41,0.01,8.47,22.26,0.99,22.6,26.78,20.11,27.34,30.17,77.0,1004.0,0.74,226.0,Clouds,overcast clouds
rourkela,2026-06-19 22:05:03.689581,2,444.19,0.01,8.18,22.11,0.92,22.66,26.47,18.42,27.36,30.11,76.0,1004.0,0.92,191.0,Clouds,overcast clouds
rourkela,2026-06-19 23:58:43.339278,2,428.62,0.02,7.35,25.83,0.98,21.6,24.77,17.2,27.47,30.22,75.0,1004.0,1.1,164.0,Clouds,overcast clouds
rourkela,2026-06-20 03:24:27.003964,2,408.56,1.29,4.93,42.58,2.3,23.09,26.56,21.62,32.12,35.89,55.0,1006.0,2.62,240.0,Clouds,overcast clouds
rourkela,2026-06-20 07:41:24.600743,3,191.36,0.1,1.5,115.37,6.72,37.21,40.06,11.22,40.58,42.91,27.0,1002.0,3.7,290.0,Clouds,broken clouds
rourkela,2026-06-20 10:25:20.056962,3,197.37,0.06,2.26,108.86,6.17,33.44,36.37,15.81,39.07,40.98,29.0,1001.0,5.49,280.0,Clouds,broken clouds
rourkela,2026-06-20 12:22:57.208148,3,251.09,0.02,4.95,87.58,6.07,35.06,38.77,29.21,38.03,39.5,30.0,1001.0,7.76,314.0,Clouds,overcast clouds
rourkela,2026-06-20 14:58:50.730036,3,330.6,0.0,8.68,57.0,5.51,28.79,33.94,40.19,31.74,32.83,45.0,1003.0,2.5,124.0,Clouds,overcast clouds
rourkela,2026-06-20 16:15:48.725245,3,365.35,0.0,9.45,47.62,4.81,29.55,35.35,43.29,30.57,31.92,50.0,1004.0,3.39,163.0,Clouds,overcast clouds
rourkela,2026-06-20 18:04:11.834295,3,407.97,0.0,9.66,34.22,3.0,30.29,36.09,35.81,30.07,32.97,60.0,1004.0,1.87,228.0,Clouds,overcast clouds
rourkela,2026-06-20 20:10:11.176098,3,386.94,0.01,7.95,32.23,1.69,28.45,32.46,27.53,29.26,31.32,59.0,1004.0,2.16,156.0,Clouds,overcast clouds
rourkela,2026-06-20 21:58:49.281303,2,330.84,0.01,5.66,40.29,1.33,24.71,27.31,19.68,29.15,31.45,61.0,1003.0,1.09,171.0,Clouds,overcast clouds
rourkela,2026-06-20 23:05:38.727686,2,320.91,0.01,5.36,40.28,1.15,23.26,25.58,18.95,29.12,31.24,60.0,1003.0,1.75,223.0,Clouds,overcast clouds
rourkela,2026-06-21 02:33:34.681910,2,282.09,0.36,4.72,50.51,2.65,18.59,21.36,25.21,33.89,36.03,43.0,1005.0,3.36,233.0,Clouds,overcast clouds
rourkela,2026-06-21 07:23:46.558850,2,185.42,0.19,3.74,84.13,8.34,18.28,20.89,16.56,40.24,41.88,26.0,1002.0,7.44,303.0,Clouds,broken clouds
rourkela,2026-06-21 10:58:45.719347,2,148.19,0.1,2.85,83.27,4.84,10.32,11.9,14.11,35.92,37.1,34.0,1000.0,2.75,303.0,Clouds,overcast clouds
rourkela,2026-06-21 13:04:11.865137,2,163.7,0.02,3.59,75.75,3.76,8.98,10.67,16.93,32.77,35.29,48.0,1002.0,5.63,171.0,Clouds,overcast clouds
rourkela,2026-06-21 15:45:18.660728,2,248.55,0.0,5.16,47.2,2.2,15.66,17.66,13.44,29.2,32.05,64.0,1004.0,3.22,170.0,Clouds,overcast clouds
rourkela,2026-06-21 17:17:18.422310,2,272.12,0.0,5.97,42.26,2.02,16.02,18.57,19.71,28.43,31.07,67.0,1004.0,2.48,131.0,Clouds,overcast clouds
rourkela,2026-06-21 19:12:32.152501,2,314.19,0.0,7.79,37.68,1.97,16.88,19.76,34.53,30.13,31.41,51.0,1004.0,0.63,222.0,Clouds,overcast clouds
rourkela,2026-06-21 21:03:37.808724,2,315.41,0.0,7.1,35.41,1.52,15.93,18.57,27.99,29.03,30.49,56.0,1003.0,1.99,244.0,Clouds,broken clouds
rourkela,2026-06-21 22:59:01.841483,2,284.87,0.0,5.68,39.6,1.25,14.08,16.26,16.51,28.0,29.79,63.0,1004.0,1.54,217.0,Clouds,broken clouds
rourkela,2026-06-22 00:10:34.716293,2,275.51,0.0,5.36,42.41,1.3,13.47,15.58,17.17,28.2,30.12,63.0,1004.0,1.95,209.0,Clouds,broken clouds
rourkela,2026-06-22 06:19:25.255453,2,177.8,0.13,2.55,88.53,6.28,19.65,20.78,9.49,38.69,41.44,32.0,1003.0,4.49,265.0,Clouds,broken clouds
rourkela,2026-06-22 12:42:18.335333,2,191.76,0.01,4.45,74.62,4.06,8.85,9.99,12.86,28.09,31.12,72.0,1002.0,2.26,33.0,Rain,light rain
rourkela,2026-06-22 17:24:44.977208,2,212.2,0.0,4.39,62.45,2.67,10.05,11.57,9.25,27.49,30.38,76.0,1004.0,2.47,161.0,Clouds,overcast clouds
rourkela,2026-06-22 20:32:10.229823,2,230.77,0.0,4.43,51.99,1.71,10.09,11.77,10.53,27.03,29.62,78.0,1002.0,1.78,233.0,Clouds,overcast clouds
rourkela,2026-06-22 22:30:23.725403,2,240.14,0.0,4.43,48.3,1.49,10.19,11.96,11.13,26.76,28.98,77.0,1003.0,1.54,224.0,Clouds,overcast clouds
rourkela,2026-06-22 23:59:14.307923,2,246.08,0.0,4.5,46.85,1.46,10.33,12.15,11.29,26.56,26.56,77.0,1003.0,1.61,205.0,Clouds,overcast clouds
rourkela,2026-06-23 03:27:23.752749,2,259.01,0.63,3.59,55.47,2.78,14.42,16.72,14.13,32.35,34.76,49.0,1004.0,5.68,260.0,Clouds,broken clouds
rourkela,2026-06-23 07:37:51.390068,2,183.77,0.09,1.76,95.12,4.14,21.46,22.99,10.42,41.06,42.48,24.0,999.0,3.96,268.0,Clouds,scattered clouds
rourkela,2026-06-23 10:52:56.001866,2,176.11,0.04,2.6,90.54,4.41,13.02,14.21,10.97,37.94,39.01,29.0,998.0,1.37,278.0,Clouds,broken clouds
rourkela,2026-06-23 13:35:23.665212,2,215.6,0.0,4.66,64.09,3.82,11.53,13.14,13.98,32.82,33.93,42.0,1000.0,2.77,217.0,Clouds,broken clouds
rourkela,2026-06-23 16:19:46.851535,2,227.26,0.0,4.72,59.27,3.59,12.41,14.7,15.64,30.94,32.71,51.0,1001.0,2.41,180.0,Clouds,overcast clouds
rourkela,2026-06-23 19:01:18.267442,2,257.36,0.0,5.21,54.62,3.44,18.14,20.97,17.51,30.63,32.02,50.0,1002.0,2.59,211.0,Clouds,overcast clouds
rourkela,2026-06-23 21:22:35.150653,2,274.11,0.0,5.29,51.75,3.09,21.39,24.23,16.84,29.09,31.03,59.0,1001.0,3.96,206.0,Clouds,overcast clouds
rourkela,2026-06-23 22:58:25.084211,2,284.79,0.0,5.2,48.38,2.57,21.83,24.1,13.55,29.17,31.49,61.0,1002.0,3.68,234.0,Clouds,overcast clouds
rourkela,2026-06-23 23:53:53.913068,2,286.53,0.0,5.11,47.73,2.34,21.52,23.48,11.67,28.71,30.84,62.0,1002.0,1.65,194.0,Clouds,overcast clouds
rourkela,2026-06-24 02:05:57.378983,2,278.73,0.36,4.39,49.15,2.48,20.92,22.57,9.4,31.28,33.52,52.0,1003.0,2.92,240.0,Clouds,overcast clouds
rourkela,2026-06-24 06:35:19.899143,3,251.35,0.2,2.18,82.09,3.43,31.81,33.25,9.19,38.11,41.11,34.0,1001.0,4.84,268.0,Clouds,few clouds
rourkela,2026-06-24 10:12:42.154981,3,229.86,0.2,2.88,79.84,4.51,25.19,26.63,11.57,39.01,40.5,28.0,999.0,2.8,242.0,Clouds,scattered clouds
rourkela,2026-06-24 13:10:45.528158,2,224.25,0.03,4.8,60.26,3.16,11.9,13.46,14.62,35.64,36.9,35.0,999.0,2.22,250.0,Clouds,scattered clouds
rourkela,2026-06-24 16:07:24.936520,2,315.89,0.0,7.45,33.86,1.88,14.25,18.33,24.23,32.24,34.09,47.0,1002.0,0.32,198.0,Clouds,scattered clouds
rourkela,2026-06-24 18:27:00.915477,2,356.81,0.01,8.38,24.66,1.44,15.37,20.06,22.87,29.64,31.8,58.0,1003.0,2.07,227.0,Clouds,scattered clouds
rourkela,2026-06-24 20:26:49.467375,2,354.53,0.02,7.87,21.0,1.02,15.0,18.8,19.99,28.38,30.83,66.0,1002.0,1.88,193.0,Clouds,overcast clouds
rourkela,2026-06-24 22:06:35.600276,2,335.62,0.04,7.11,21.39,0.9,14.15,17.22,17.65,27.81,30.06,68.0,1002.0,2.27,217.0,Clouds,overcast clouds
rourkela,2026-06-24 23:57:24.432138,2,343.3,0.02,7.5,18.67,0.85,14.24,17.19,17.04,28.1,30.46,67.0,1004.0,1.4,229.0,Clouds,overcast clouds
rourkela,2026-06-25 02:39:09.566781,2,314.71,1.51,4.1,39.6,2.44,18.33,21.81,20.35,33.22,36.44,49.0,1004.0,2.92,243.0,Clouds,overcast clouds
rourkela,2026-06-25 06:39:25.565565,3,174.74,0.16,1.1,92.08,4.42,25.18,26.59,7.46,39.67,42.08,29.0,1001.0,2.55,215.0,Clouds,few clouds
rourkela,2026-06-25 10:10:27.058780,2,176.44,0.22,1.72,87.67,4.45,23.62,25.19,11.24,39.65,41.64,28.0,999.0,4.82,194.0,Clouds,broken clouds
rourkela,2026-06-25 13:09:36.024623,2,258.28,0.07,7.35,67.58,5.29,24.06,27.25,32.4,35.16,37.52,40.0,1000.0,2.93,152.0,Clouds,overcast clouds
rourkela,2026-06-25 16:14:40.940048,3,362.13,0.01,9.32,28.68,3.26,27.02,32.48,26.37,30.41,33.41,59.0,1003.0,2.89,163.0,Clouds,overcast clouds
rourkela,2026-06-25 19:00:39.542577,3,446.38,0.04,11.33,17.79,2.74,33.09,39.06,41.75,29.3,32.61,66.0,1003.0,2.26,154.0,Clouds,broken clouds
rourkela,2026-06-25 20:59:21.053874,3,468.76,0.07,11.44,15.24,2.58,35.43,40.97,50.95,28.22,30.02,62.0,1003.0,1.86,108.0,Clouds,few clouds
rourkela,2026-06-25 22:20:39.240614,3,479.72,0.08,11.76,14.18,2.59,36.38,41.76,56.87,28.03,29.84,63.0,1003.0,1.27,126.0,Clouds,few clouds
rourkela,2026-06-26 00:03:38.318528,3,518.68,0.14,12.7,10.05,2.46,39.32,44.67,66.02,28.43,30.78,65.0,1004.0,1.28,139.0,Clouds,scattered clouds
rourkela,2026-06-26 05:02:25.806882,2,193.28,0.47,2.79,77.8,8.21,24.14,25.93,7.93,37.95,42.0,37.0,1004.0,1.54,222.0,Clouds,few clouds
rourkela,2026-06-26 08:47:58.531421,3,178.4,0.2,2.53,98.44,8.88,25.67,26.96,5.96,40.32,42.44,27.0,1000.0,3.53,97.0,Rain,light rain
rourkela,2026-06-26 11:37:57.576894,3,232.12,0.23,4.5,98.79,9.2,30.25,32.31,17.25,32.45,35.74,52.0,1001.0,1.97,177.0,Clouds,broken clouds
rourkela,2026-06-26 13:59:15.081503,3,239.69,0.0,7.84,79.16,12.12,32.23,34.57,13.2,30.9,34.63,60.0,1003.0,3.21,187.0,Clouds,overcast clouds
rourkela,2026-06-26 16:15:46.189493,3,276.83,0.0,8.47,62.83,10.24,33.1,36.25,15.9,28.96,32.28,68.0,1004.0,2.4,190.0,Clouds,broken clouds
rourkela,2026-06-26 18:21:39.712645,3,334.03,0.0,9.51,46.39,7.65,35.65,39.57,13.7,27.3,29.88,75.0,1005.0,1.3,253.0,Clouds,overcast clouds
rourkela,2026-06-26 20:26:02.870474,3,374.49,0.01,9.68,32.6,4.89,37.38,41.06,15.77,27.96,31.27,75.0,1003.0,2.56,285.0,Clouds,scattered clouds
rourkela,2026-06-26 22:01:09.206910,3,411.89,0.01,9.81,26.08,3.64,40.7,43.99,21.13,27.3,29.98,76.0,1003.0,1.51,235.0,Clouds,broken clouds
rourkela,2026-06-26 23:53:27.913764,3,441.1,0.01,10.12,21.18,2.81,44.88,47.89,28.9,26.53,26.53,80.0,1005.0,0.65,157.0,Clouds,overcast clouds
rourkela,2026-06-27 02:02:47.117938,3,465.98,1.99,7.31,20.37,2.18,44.93,48.79,22.37,29.04,32.63,69.0,1005.0,0.83,178.0,Clouds,scattered clouds
rourkela,2026-06-27 06:20:00.146587,2,209.05,0.32,2.03,80.54,5.84,22.89,23.96,5.19,37.4,41.66,39.0,1003.0,1.36,235.0,Clouds,few clouds
rourkela,2026-06-27 09:21:41.090699,2,210.03,0.07,1.87,80.77,3.76,21.19,22.22,10.55,40.07,42.83,29.0,1000.0,3.22,294.0,Clouds,scattered clouds
rourkela,2026-06-27 11:18:49.110215,2,218.84,0.07,2.71,78.43,4.67,20.06,21.12,12.27,35.05,38.26,43.0,1000.0,7.01,155.0,Clouds,broken clouds
rourkela,2026-06-27 13:05:28.636037,2,219.47,0.03,4.23,76.43,7.18,19.88,21.02,10.23,29.73,33.52,66.0,1001.0,4.74,188.0,Clouds,overcast clouds
rourkela,2026-06-27 15:07:28.111772,2,273.52,0.0,5.12,51.1,3.65,22.94,24.65,13.8,28.02,31.12,73.0,1002.0,3.85,153.0,Clouds,overcast clouds
rourkela,2026-06-27 16:54:35.657068,3,319.87,0.0,6.13,40.49,2.94,27.48,30.1,17.45,28.35,31.36,70.0,1003.0,2.61,167.0,Clouds,overcast clouds
rourkela,2026-06-27 17:54:29.231611,3,341.31,0.0,6.59,36.41,2.66,29.61,32.46,17.75,27.61,30.28,73.0,1003.0,2.83,165.0,Clouds,broken clouds
rourkela,2026-06-27 19:02:06.908958,3,355.5,0.0,6.81,32.79,2.14,31.07,33.84,17.63,27.05,29.29,74.0,1002.0,2.87,174.0,Clouds,few clouds
rourkela,2026-06-27 20:48:08.681844,3,385.25,0.0,7.13,26.72,1.4,33.8,36.53,17.98,25.95,25.95,81.0,1002.0,1.07,164.0,Clouds,scattered clouds
rourkela,2026-06-27 21:52:45.923363,3,395.48,0.01,7.19,25.39,1.21,34.73,37.42,18.04,25.79,26.62,84.0,1002.0,1.96,156.0,Clouds,scattered clouds
rourkela,2026-06-27 22:53:02.118460,3,396.92,0.01,6.98,26.56,1.06,34.7,37.23,17.38,25.98,25.98,84.0,1003.0,0.89,208.0,Clouds,scattered clouds
rourkela,2026-06-27 23:52:37.085927,3,387.51,0.01,6.47,30.79,1.02,33.39,35.67,16.16,26.4,26.4,82.0,1003.0,1.19,185.0,Clouds,scattered clouds
rourkela,2026-06-28 02:13:36.184967,3,363.6,0.99,4.33,40.6,1.82,28.28,30.53,14.08,30.45,33.71,60.0,1004.0,1.01,189.0,Clouds,overcast clouds
rourkela,2026-06-28 06:53:10.779130,2,260.4,0.12,1.22,86.02,2.07,17.1,17.96,9.24,38.4,42.52,36.0,1001.0,4.77,277.0,Clear,clear sky
rourkela,2026-06-28 09:51:51.137638,2,257.41,0.13,2.14,80.3,2.48,15.16,16.05,10.83,38.95,42.8,34.0,998.0,3.3,244.0,Clouds,scattered clouds
rourkela,2026-06-28 11:40:22.697660,2,312.69,0.07,4.91,62.36,2.47,16.44,18.31,25.37,37.37,41.19,38.0,998.0,4.33,289.0,Rain,light rain
rourkela,2026-06-28 13:11:39.278288,2,375.06,0.05,8.17,45.03,3.38,15.57,17.97,31.42,30.45,33.07,57.0,1001.0,5.35,332.0,Clouds,overcast clouds
rourkela,2026-06-28 15:10:28.456035,2,378.65,0.0,6.97,37.99,2.01,14.97,17.54,20.5,28.84,31.86,67.0,1002.0,2.32,164.0,Clouds,overcast clouds
rourkela,2026-06-28 16:57:03.221392,2,344.87,0.0,5.49,36.48,1.88,12.63,14.82,11.29,27.78,31.01,76.0,1003.0,1.56,157.0,Clouds,overcast clouds
rourkela,2026-06-28 18:00:25.772435,2,339.1,0.0,5.22,35.09,1.6,12.09,14.14,10.96,28.05,31.61,76.0,1002.0,1.43,148.0,Clouds,overcast clouds
rourkela,2026-06-28 19:23:07.069182,2,330.25,0.0,4.91,34.71,1.36,11.4,13.15,10.77,30.18,32.97,59.0,1002.0,1.83,180.0,Clouds,overcast clouds
rourkela,2026-06-28 20:51:00.970185,2,322.99,0.0,4.71,34.27,1.27,10.26,11.81,10.82,28.3,30.97,68.0,1001.0,1.02,248.0,Clouds,overcast clouds
rourkela,2026-06-28 21:52:56.950803,1,318.14,0.0,4.64,35.43,1.37,9.56,11.05,11.14,27.64,30.22,72.0,1001.0,1.09,207.0,Clouds,overcast clouds
rourkela,2026-06-28 22:53:08.918150,1,314.95,0.0,4.61,36.01,1.4,9.17,10.63,11.2,26.58,26.58,78.0,1002.0,2.26,245.0,Clouds,overcast clouds
rourkela,2026-06-28 23:59:02.508040,1,311.19,0.0,4.59,36.7,1.46,8.9,10.36,11.08,26.91,29.45,79.0,1002.0,1.47,222.0,Clouds,overcast clouds
rourkela,2026-06-29 03:40:22.638227,1,279.01,0.14,4.21,44.43,2.31,7.93,8.74,4.81,34.62,38.37,46.0,1002.0,3.41,249.0,Clouds,overcast clouds
rourkela,2026-06-29 08:48:39.620503,2,235.38,0.11,2.95,72.18,3.68,10.29,10.98,5.6,38.24,42.61,37.0,999.0,5.35,245.0,Clouds,overcast clouds
rourkela,2026-06-29 12:55:58.642961,1,259.01,0.01,5.13,57.1,3.22,7.96,9.74,15.4,34.62,38.71,47.0,999.0,5.01,234.0,Clouds,overcast clouds
rourkela,2026-06-29 16:33:22.276826,1,337.6,0.0,6.26,35.72,1.65,8.61,11.47,11.66,31.57,35.54,58.0,1001.0,1.68,162.0,Rain,moderate rain
rourkela,2026-06-29 18:57:49.397937,1,331.22,0.0,5.89,32.12,1.21,8.4,10.75,10.68,28.13,32.11,78.0,1001.0,1.77,134.0,Rain,very heavy rain
rourkela,2026-06-29 20:47:51.080012,1,316.58,0.0,5.22,31.87,1.0,7.99,9.92,9.57,28.02,31.99,79.0,1001.0,0.9,125.0,Rain,heavy intensity rain
rourkela,2026-06-29 22:03:25.066808,1,305.07,0.0,4.86,33.57,1.03,7.73,9.4,8.98,27.54,31.11,81.0,1001.0,0.98,131.0,Clouds,overcast clouds
rourkela,2026-06-29 23:52:35.913013,1,297.72,0.0,4.83,34.55,1.14,7.81,9.09,8.36,27.43,30.96,82.0,1002.0,1.29,141.0,Clouds,overcast clouds
rourkela,2026-06-30 02:08:07.144593,1,294.52,0.19,4.92,35.21,1.74,7.68,8.75,6.82,27.56,31.03,80.0,1003.0,1.53,218.0,Clouds,overcast clouds
rourkela,2026-06-30 06:44:35.473534,2,232.2,0.28,4.03,60.16,3.84,7.59,8.41,5.96,33.3,37.84,53.0,1002.0,4.02,231.0,Clouds,overcast clouds
rourkela,2026-06-30 10:23:47.802414,2,216.52,0.08,3.63,64.34,3.11,7.96,8.82,9.69,34.16,38.4,49.0,1000.0,4.19,234.0,Clouds,overcast clouds
rourkela,2026-06-30 13:03:05.820664,2,292.37,0.0,7.25,45.47,4.22,11.46,13.48,20.88,29.18,33.73,73.0,1001.0,2.8,201.0,Clouds,overcast clouds
rourkela,2026-06-30 16:15:04.167520,2,344.11,0.0,7.4,39.38,2.93,23.15,27.28,16.79,27.73,31.3,79.0,1002.0,1.77,186.0,Clouds,overcast clouds
rourkela,2026-06-30 18:27:31.303807,2,327.95,0.0,6.27,39.19,2.71,19.92,22.77,11.81,27.0,30.03,83.0,1002.0,1.15,169.0,Clouds,overcast clouds
rourkela,2026-06-30 20:50:11.952860,2,293.39,0.0,4.93,35.28,1.78,13.97,15.39,8.81,26.7,29.48,85.0,1001.0,0.7,166.0,Clouds,overcast clouds
rourkela,2026-06-30 22:07:52.887442,2,288.24,0.0,4.77,34.03,1.7,12.56,13.7,7.99,26.47,26.47,86.0,1001.0,0.55,163.0,Clouds,overcast clouds
rourkela,2026-06-30 23:57:15.252135,2,289.17,0.0,4.95,31.11,1.76,11.12,11.93,7.72,26.41,26.41,86.0,1001.0,0.83,145.0,Clouds,overcast clouds
rourkela,2026-07-01 02:49:12.047333,2,296.62,0.14,5.62,26.17,2.99,10.15,11.18,2.91,29.08,33.09,71.0,1003.0,0.85,207.0,Clouds,overcast clouds
rourkela,2026-07-01 07:02:47.514658,2,305.12,0.47,5.05,39.23,3.57,17.02,18.3,2.97,29.97,34.04,66.0,1001.0,2.1,51.0,Clouds,overcast clouds
rourkela,2026-07-01 11:15:50.138490,2,289.27,0.19,5.8,54.57,5.85,22.14,23.28,3.05,30.21,34.34,65.0,999.0,1.29,82.0,Clouds,overcast clouds
rourkela,2026-07-01 14:04:13.696014,2,278.48,0.0,5.18,49.26,3.29,21.4,22.94,4.21,29.11,33.36,72.0,1000.0,1.68,156.0,Clouds,broken clouds
rourkela,2026-07-01 17:04:58.166837,2,287.72,0.0,5.36,40.21,2.96,19.78,21.42,3.69,26.56,26.56,85.0,1001.0,1.14,166.0,Clouds,overcast clouds
rourkela,2026-07-01 19:28:21.274589,2,296.16,0.0,5.45,34.4,2.81,18.52,19.74,4.49,27.7,30.58,74.0,1001.0,0.75,115.0,Clouds,overcast clouds
rourkela,2026-07-01 21:15:43.383394,2,288.61,0.0,4.87,31.24,2.16,15.99,16.79,3.35,27.04,29.64,78.0,1000.0,0.44,62.0,Clouds,overcast clouds
rourkela,2026-07-01 23:01:07.571095,2,278.83,0.0,4.67,28.78,1.72,13.72,14.34,2.96,26.68,29.05,80.0,1000.0,1.03,55.0,Clouds,overcast clouds
rourkela,2026-07-02 02:05:21.035262,2,284.07,0.06,5.64,22.04,2.29,12.7,13.66,2.97,28.26,32.1,76.0,1001.0,1.49,28.0,Clouds,overcast clouds
rourkela,2026-07-02 06:29:01.736455,2,284.61,0.69,8.06,23.39,5.46,14.5,15.67,3.2,32.69,36.52,53.0,1000.0,1.28,67.0,Clouds,overcast clouds
rourkela,2026-07-02 09:51:06.836812,2,284.06,0.44,8.11,36.1,6.15,16.97,18.09,3.22,34.58,38.63,47.0,997.0,2.59,20.0,Rain,moderate rain
rourkela,2026-07-02 12:01:06.570956,2,302.23,0.2,9.45,32.97,6.12,18.32,19.89,3.86,30.91,35.15,62.0,998.0,1.18,47.0,Rain,moderate rain
rourkela,2026-07-02 15:04:07.769577,2,386.33,0.44,17.57,17.21,7.92,21.9,23.25,2.22,29.44,33.71,70.0,999.0,1.53,102.0,Clouds,overcast clouds
rourkela,2026-07-02 17:25:08.963747,2,396.42,0.44,19.82,15.5,8.36,22.91,24.05,1.92,28.81,33.04,74.0,1000.0,0.64,147.0,Clouds,overcast clouds
rourkela,2026-07-02 19:06:59.451918,2,402.53,0.27,21.26,12.64,8.31,24.57,25.37,1.82,27.89,31.68,79.0,1000.0,0.41,154.0,Clouds,overcast clouds
rourkela,2026-07-02 20:52:08.111099,3,407.6,0.1,20.46,9.91,7.74,25.28,25.96,2.05,27.06,30.27,84.0,999.0,0.37,218.0,Clouds,overcast clouds
rourkela,2026-07-02 21:57:43.236225,3,412.82,0.08,19.48,9.03,7.38,25.35,26.02,2.33,26.76,29.71,86.0,999.0,0.31,53.0,Clouds,overcast clouds
rourkela,2026-07-02 22:59:51.017939,3,420.03,0.08,18.29,8.35,6.9,25.19,25.84,2.69,26.57,26.57,87.0,999.0,0.31,117.0,Clouds,overcast clouds
rourkela,2026-07-03 00:05:38.227479,2,427.13,0.1,17.29,7.71,6.55,24.87,25.53,3.02,26.69,29.54,86.0,999.0,0.84,125.0,Clouds,overcast clouds
rourkela,2026-07-03 04:35:03.556138,3,502.42,2.38,15.66,7.39,7.03,26.26,28.43,5.89,33.09,38.35,56.0,1000.0,4.41,78.0,Clouds,overcast clouds
rourkela,2026-07-03 07:54:33.921560,2,455.47,3.08,20.43,12.72,8.17,23.56,24.71,2.28,33.76,38.88,53.0,998.0,4.29,105.0,Clouds,overcast clouds
rourkela,2026-07-03 10:25:18.634946,2,445.59,2.31,17.55,14.05,6.42,21.55,22.56,2.53,32.29,37.76,60.0,997.0,3.98,109.0,Clouds,overcast clouds
rourkela,2026-07-03 12:51:47.717952,2,432.12,0.52,17.01,10.1,4.06,18.59,19.59,2.46,29.37,34.41,74.0,997.0,2.7,146.0,Rain,moderate rain
rourkela,2026-07-03 15:00:54.470615,2,473.61,0.08,17.38,9.39,6.02,23.37,24.96,2.9,28.57,32.83,76.0,999.0,1.67,179.0,Rain,moderate rain
rourkela,2026-07-03 17:11:04.485046,2,465.12,0.06,16.34,7.45,4.68,22.81,24.22,2.77,28.11,32.38,80.0,999.0,1.27,233.0,Clouds,overcast clouds
rourkela,2026-07-03 18:59:27.732484,2,471.92,0.07,15.97,5.46,3.92,22.43,23.52,3.0,27.08,30.32,84.0,999.0,0.6,344.0,Clouds,broken clouds
rourkela,2026-07-03 20:13:48.676040,2,481.41,0.1,15.05,4.53,3.71,22.48,23.53,3.7,26.86,29.87,85.0,998.0,0.91,347.0,Clouds,overcast clouds
rourkela,2026-07-03 21:55:32.535404,2,513.1,0.21,14.26,3.65,4.4,24.25,25.26,5.53,26.74,29.66,86.0,998.0,0.91,23.0,Clouds,overcast clouds
rourkela,2026-07-03 22:53:32.053877,3,530.57,0.26,14.32,3.41,4.66,25.56,26.58,5.73,26.62,26.62,86.0,998.0,1.1,19.0,Clouds,overcast clouds
rourkela,2026-07-03 23:55:29.468700,3,545.76,0.31,14.54,3.15,4.82,26.79,27.85,5.66,26.67,29.57,87.0,998.0,0.74,2.0,Clouds,overcast clouds
rourkela,2026-07-04 01:48:46.314057,3,566.62,0.9,13.84,3.5,4.97,28.09,29.53,4.03,28.6,32.91,76.0,999.0,3.54,61.0,Clouds,overcast clouds
rourkela,2026-07-04 05:35:58.927140,2,513.26,1.3,12.65,12.65,5.15,22.78,24.09,2.47,34.42,39.33,50.0,997.0,4.82,67.0,Clouds,overcast clouds
rourkela,2026-07-04 08:20:56.690589,2,476.52,1.34,11.01,19.88,5.5,20.75,21.84,2.31,33.13,37.78,54.0,994.0,4.95,50.0,Clouds,overcast clouds
rourkela,2026-07-04 10:48:08.060102,2,465.6,0.62,10.45,20.57,4.77,20.78,21.93,2.68,31.14,37.37,68.0,994.0,4.35,69.0,Rain,heavy intensity rain
rourkela,2026-07-04 12:00:56.087586,2,478.69,0.28,10.84,17.4,4.36,21.14,22.46,3.34,28.93,34.34,79.0,994.0,5.1,66.0,Rain,moderate rain
rourkela,2026-07-04 14:22:48.814539,2,451.21,0.0,10.23,22.85,4.58,23.03,24.26,3.1,28.84,33.69,77.0,995.0,3.09,56.0,Clouds,overcast clouds
rourkela,2026-07-04 15:53:23.348824,2,468.6,0.0,10.22,19.52,4.36,24.44,25.75,2.99,28.33,32.77,79.0,996.0,2.86,47.0,Clouds,overcast clouds
rourkela,2026-07-04 16:51:18.709943,2,462.51,0.0,10.24,18.2,4.7,23.34,24.47,2.61,28.03,32.33,81.0,996.0,2.5,47.0,Clouds,overcast clouds
rourkela,2026-07-04 17:55:00.722635,2,445.32,0.0,10.37,17.29,5.15,21.81,22.68,2.24,27.98,32.2,81.0,996.0,3.1,52.0,Clouds,overcast clouds
rourkela,2026-07-04 18:53:59.473425,2,414.43,0.0,11.02,17.03,5.56,20.46,21.04,1.86,27.35,30.88,83.0,996.0,3.71,53.0,Clouds,overcast clouds
rourkela,2026-07-04 20:04:07.523053,2,389.79,0.0,12.03,16.4,5.78,20.04,20.5,1.73,27.13,30.45,84.0,995.0,3.0,39.0,Clouds,broken clouds
rourkela,2026-07-04 21:46:09.328937,2,369.48,0.0,13.23,15.38,5.46,19.35,19.73,1.68,27.04,30.33,85.0,994.0,2.61,39.0,Clouds,overcast clouds
rourkela,2026-07-04 22:45:31.361080,2,369.57,0.01,13.31,15.29,5.16,18.87,19.24,1.68,27.05,30.25,84.0,994.0,3.43,37.0,Clouds,overcast clouds
rourkela,2026-07-04 23:52:15.508178,2,370.9,0.01,13.26,15.36,4.96,18.55,18.91,1.67,27.44,30.99,82.0,994.0,3.25,39.0,Clouds,overcast clouds
rourkela,2026-07-05 01:54:18.186073,2,380.03,0.24,12.25,16.01,4.91,17.51,18.09,1.73,27.7,31.64,82.0,995.0,7.15,43.0,Clouds,overcast clouds
rourkela,2026-07-05 05:54:05.758645,2,368.14,1.42,9.84,27.5,6.26,15.0,15.74,1.76,32.82,38.72,59.0,994.0,6.55,62.0,Rain,light rain
rourkela,2026-07-05 08:38:38.235198,2,337.19,0.46,8.89,39.44,6.22,18.6,19.26,1.86,32.76,39.26,61.0,992.0,5.79,48.0,Rain,moderate rain
rourkela,2026-07-05 10:57:26.644729,2,333.34,0.16,9.32,40.06,6.16,19.34,19.95,1.78,31.01,37.33,69.0,992.0,5.23,47.0,Rain,light rain
rourkela,2026-07-05 12:11:16.616829,2,335.69,0.07,9.86,39.49,6.15,19.4,19.98,1.65,29.46,35.33,77.0,992.0,4.42,51.0,Clouds,overcast clouds
rourkela,2026-07-05 14:24:45.149597,2,353.43,0.0,9.67,37.92,6.76,20.57,21.18,1.56,27.45,31.65,87.0,994.0,4.22,61.0,Clouds,overcast clouds
rourkela,2026-07-05 15:59:57.597421,2,348.32,0.0,11.14,33.5,7.32,20.32,20.82,1.33,27.02,30.79,90.0,995.0,3.91,57.0,Clouds,overcast clouds
rourkela,2026-07-05 17:11:35.557404,2,339.77,0.0,11.17,30.87,7.06,19.4,19.85,1.29,26.72,30.03,91.0,995.0,2.87,60.0,Clouds,overcast clouds
rourkela,2026-07-05 18:59:11.665603,2,300.01,0.0,10.32,26.88,5.79,15.74,16.0,1.16,26.67,29.81,90.0,995.0,1.51,108.0,Clouds,overcast clouds
rourkela,2026-07-05 20:12:49.446078,2,277.33,0.0,9.68,26.63,5.27,13.91,14.14,1.09,26.52,26.52,90.0,994.0,1.29,126.0,Clouds,overcast clouds
rourkela,2026-07-05 21:49:14.185605,2,245.64,0.0,8.62,27.45,4.91,11.45,11.64,1.02,26.59,26.59,90.0,993.0,0.78,208.0,Clouds,overcast clouds
rourkela,2026-07-05 22:49:33.929949,2,235.08,0.0,8.31,27.46,4.83,10.44,10.62,1.0,26.0,26.0,92.0,993.0,2.08,229.0,Clouds,overcast clouds
rourkela,2026-07-05 23:55:36.917930,1,227.02,0.0,8.12,27.05,4.73,9.56,9.74,0.98,26.33,26.33,91.0,994.0,1.61,223.0,Clouds,overcast clouds
rourkela,2026-07-06 02:01:18.528985,1,223.43,0.06,8.47,24.09,4.61,8.78,9.12,0.99,25.7,26.75,93.0,996.0,4.26,232.0,Clouds,overcast clouds
rourkela,2026-07-06 06:59:28.376727,1,191.44,0.89,6.3,24.06,3.88,7.66,8.09,1.11,26.58,26.58,87.0,996.0,5.05,202.0,Clouds,overcast clouds
rourkela,2026-07-06 11:26:58.013610,2,138.64,0.11,3.29,40.88,2.08,10.24,10.73,1.89,25.31,26.27,91.0,996.0,4.7,205.0,Rain,light rain
rourkela,2026-07-06 14:54:49.130421,1,131.01,0.0,3.13,45.34,1.89,9.68,10.58,2.91,25.23,26.13,89.0,999.0,5.34,207.0,Clouds,overcast clouds
rourkela,2026-07-06 17:33:45.846360,1,135.07,0.0,3.13,39.97,1.52,7.63,8.29,2.31,25.35,26.21,87.0,1000.0,5.47,204.0,Clouds,overcast clouds
rourkela,2026-07-06 19:33:16.368660,1,136.58,0.0,3.02,36.82,1.15,5.85,6.2,1.72,25.4,26.24,86.0,1000.0,4.54,203.0,Clouds,overcast clouds
rourkela,2026-07-06 21:19:27.191863,1,136.02,0.0,2.9,36.36,1.01,4.93,5.21,1.54,25.21,26.06,87.0,999.0,3.93,195.0,Clouds,overcast clouds
rourkela,2026-07-06 22:55:56.831393,1,136.74,0.0,2.69,35.05,0.89,3.71,3.99,1.55,25.31,26.17,87.0,999.0,4.14,192.0,Clouds,overcast clouds
rourkela,2026-07-06 23:57:57.180823,1,139.06,0.0,2.64,34.1,0.9,3.48,3.8,1.65,25.16,26.08,90.0,1000.0,4.41,184.0,Clouds,overcast clouds
rourkela,2026-07-07 02:37:32.668798,1,148.36,0.27,2.66,32.71,1.32,3.82,4.56,2.0,26.5,26.5,85.0,1002.0,3.34,183.0,Clouds,overcast clouds
rourkela,2026-07-07 06:35:22.487170,1,122.32,0.2,1.12,55.31,2.0,9.03,9.68,2.92,31.44,36.07,61.0,1000.0,6.3,230.0,Clouds,overcast clouds
rourkela,2026-07-07 10:17:38.783972,1,118.5,0.14,1.23,56.3,1.91,8.66,9.41,3.67,32.18,37.5,60.0,998.0,5.9,214.0,Clouds,overcast clouds
rourkela,2026-07-07 13:10:43.726115,1,133.98,0.02,2.7,43.43,2.21,7.78,8.9,4.18,28.85,33.52,76.0,1000.0,2.93,194.0,Clouds,scattered clouds
rourkela,2026-07-07 16:16:55.234754,1,156.94,0.01,3.62,30.57,1.55,5.26,7.3,5.35,27.51,31.16,82.0,1002.0,2.78,182.0,Clouds,few clouds
rourkela,2026-07-07 18:54:09.792138,1,165.24,0.0,3.8,30.82,1.83,5.3,6.69,4.37,27.33,30.15,77.0,1002.0,2.82,191.0,Clouds,overcast clouds
rourkela,2026-07-07 20:44:32.644509,1,159.71,0.0,3.51,33.58,1.68,4.54,5.45,4.07,27.06,29.68,78.0,1001.0,2.04,196.0,Clouds,overcast clouds
rourkela,2026-07-07 22:04:16.282787,1,153.73,0.0,3.24,36.56,1.61,3.84,4.55,3.79,27.11,29.79,78.0,1001.0,2.59,205.0,Clouds,overcast clouds
rourkela,2026-07-07 23:44:49.997601,1,150.62,0.0,3.01,38.6,1.45,2.96,3.56,3.61,27.13,29.83,78.0,1001.0,3.17,204.0,Clouds,overcast clouds
rourkela,2026-07-08 01:26:36.271280,1,149.88,0.06,2.93,38.6,1.52,2.76,3.43,3.73,27.41,30.33,77.0,1002.0,2.61,205.0,Clouds,overcast clouds
rourkela,2026-07-08 04:57:27.559650,1,128.7,0.22,1.42,56.26,2.1,6.61,7.46,3.97,32.65,37.34,56.0,1002.0,6.1,235.0,Clouds,overcast clouds
rourkela,2026-07-08 07:25:05.913140,1,123.64,0.11,1.52,55.74,2.23,7.51,8.32,4.42,32.82,37.41,55.0,1001.0,6.15,232.0,Clouds,overcast clouds
rourkela,2026-07-08 10:05:42.806872,1,115.78,0.09,1.54,53.57,2.0,7.11,7.8,4.02,33.43,38.13,53.0,999.0,6.01,227.0,Clouds,overcast clouds
rourkela,2026-07-08 12:13:03.551275,1,119.86,0.04,2.16,50.03,2.17,6.71,7.61,4.7,31.88,36.5,59.0,999.0,4.81,216.0,Clouds,overcast clouds
rourkela,2026-07-08 15:07:42.224750,1,139.3,0.0,3.24,36.63,2.14,3.58,4.93,5.67,28.91,32.53,70.0,1001.0,2.27,191.0,Clouds,overcast clouds
rourkela,2026-07-08 17:17:30.752362,1,157.24,0.0,3.76,31.74,1.99,4.21,5.56,5.03,28.37,31.71,72.0,1002.0,2.08,160.0,Clouds,overcast clouds
rourkela,2026-07-08 19:04:14.956122,1,161.68,0.0,3.84,29.24,1.48,3.91,4.86,3.43,28.0,31.21,74.0,1002.0,1.87,177.0,Clouds,overcast clouds
rourkela,2026-07-08 20:55:09.021260,1,161.07,0.0,3.59,28.79,1.18,3.59,4.42,3.79,27.68,30.79,76.0,1001.0,1.8,185.0,Clouds,overcast clouds
rourkela,2026-07-08 21:57:52.412634,1,156.84,0.0,3.34,30.34,1.19,3.45,4.19,4.13,28.02,31.26,74.0,1001.0,3.21,209.0,Clouds,overcast clouds
rourkela,2026-07-08 22:59:50.733887,1,153.37,0.0,3.17,30.8,1.13,3.34,4.04,4.4,27.43,30.37,77.0,1001.0,2.98,209.0,Clouds,overcast clouds
rourkela,2026-07-09 00:09:21.701590,1,150.23,0.0,3.06,30.91,1.1,3.17,3.85,4.59,27.0,29.83,81.0,1001.0,2.84,216.0,Clouds,overcast clouds
rourkela,2026-07-09 04:46:09.584864,1,166.42,0.27,3.66,39.33,2.08,3.5,4.07,3.08,30.97,36.08,65.0,1002.0,4.28,217.0,Clouds,overcast clouds
rourkela,2026-07-09 08:18:33.405018,1,188.3,0.17,3.23,56.26,2.62,6.97,7.47,3.07,30.34,35.88,70.0,1001.0,5.69,210.0,Clouds,overcast clouds
rourkela,2026-07-09 11:44:15.352671,1,191.23,0.04,3.43,56.13,2.52,6.78,7.31,3.1,29.24,34.51,76.0,1000.0,3.26,208.0,Clouds,overcast clouds
rourkela,2026-07-09 14:27:19.700736,1,211.08,0.0,5.07,32.38,1.92,5.56,6.41,2.27,27.23,30.81,85.0,1002.0,2.47,214.0,Clouds,overcast clouds
rourkela,2026-07-09 17:11:20.772032,1,221.02,0.0,4.9,28.43,1.56,6.64,8.01,2.96,26.63,26.63,89.0,1003.0,3.34,228.0,Rain,light rain
rourkela,2026-07-09 19:19:21.411068,1,221.31,0.0,4.75,26.43,1.37,7.59,8.83,3.32,26.63,26.63,87.0,1002.0,2.2,248.0,Clouds,overcast clouds
rourkela,2026-07-09 21:10:19.270771,1,214.8,0.0,4.62,24.74,1.32,8.01,8.95,3.21,26.42,26.42,88.0,1001.0,2.05,276.0,Clouds,overcast clouds
rourkela,2026-07-09 23:01:43.135980,1,200.31,0.0,4.83,23.44,1.9,7.54,8.36,2.96,25.85,26.89,92.0,1001.0,1.8,296.0,Clouds,overcast clouds
rourkela,2026-07-10 01:47:07.240710,1,188.62,0.21,5.01,21.24,2.32,6.67,7.58,2.67,26.75,29.6,85.0,1003.0,1.56,222.0,Clouds,overcast clouds
rourkela,2026-07-10 05:52:41.222487,1,163.17,0.38,3.82,38.23,3.23,8.03,9.05,3.16,32.48,38.89,62.0,1002.0,4.79,247.0,Clouds,overcast clouds
rourkela,2026-07-10 08:58:46.869665,1,160.53,0.17,3.54,54.03,3.23,9.28,10.3,4.29,33.04,39.26,59.0,1000.0,5.25,243.0,Clouds,overcast clouds
rourkela,2026-07-10 11:48:52.951354,1,179.45,0.07,4.26,48.13,3.32,9.67,10.49,3.33,30.09,36.02,73.0,1000.0,1.8,245.0,Clouds,overcast clouds
rourkela,2026-07-10 13:54:11.246710,1,177.33,0.0,5.09,32.61,2.1,5.62,6.58,2.96,26.55,26.55,90.0,1003.0,2.03,195.0,Rain,heavy intensity rain
rourkela,2026-07-10 16:13:13.991452,1,202.18,0.0,5.36,28.8,2.16,6.82,8.38,4.58,25.59,26.66,94.0,1004.0,3.98,315.0,Rain,light rain
rourkela,2026-07-10 18:16:19.611646,1,214.63,0.0,5.4,26.73,1.93,7.36,9.09,5.64,24.8,25.82,95.0,1003.0,2.1,269.0,Clouds,overcast clouds
rourkela,2026-07-10 20:12:07.472104,1,210.87,0.0,4.97,27.16,1.57,7.08,8.78,6.71,25.11,26.16,95.0,1002.0,3.74,260.0,Clouds,overcast clouds
rourkela,2026-07-10 21:50:25.184317,1,203.13,0.0,4.49,28.98,1.56,6.96,8.73,7.57,24.84,25.86,95.0,1002.0,3.23,253.0,Clouds,overcast clouds
rourkela,2026-07-10 22:48:46.006467,1,199.07,0.0,4.32,30.14,1.69,7.01,8.76,7.94,24.94,25.94,94.0,1002.0,3.0,252.0,Clouds,overcast clouds
rourkela,2026-07-10 23:46:18.898981,1,194.9,0.0,4.22,31.18,1.87,7.08,8.76,8.21,24.88,25.88,94.0,1002.0,3.4,242.0,Clouds,overcast clouds
rourkela,2026-07-11 01:26:19.075107,1,190.39,0.02,4.15,31.81,2.15,7.22,8.78,8.16,25.59,26.55,90.0,1002.0,2.11,212.0,Clouds,overcast clouds
rourkela,2026-07-11 04:52:33.103880,2,157.15,0.45,3.42,50.87,4.81,10.63,11.91,5.3,27.76,31.37,79.0,1002.0,3.23,235.0,Clouds,overcast clouds
rourkela,2026-07-11 07:04:56.950526,2,156.46,0.28,2.73,65.5,4.79,14.32,16.08,5.09,31.3,36.31,63.0,1001.0,6.07,241.0,Clouds,overcast clouds
rourkela,2026-07-11 09:15:22.991229,2,150.76,0.11,2.77,71.12,4.94,13.82,15.81,5.08,31.79,36.88,61.0,1000.0,5.59,240.0,Clouds,overcast clouds
rourkela,2026-07-11 10:53:09.742854,2,151.73,0.05,2.97,72.38,4.76,12.73,14.51,5.24,31.82,36.95,61.0,999.0,5.05,231.0,Clouds,overcast clouds
rourkela,2026-07-11 11:43:22.779257,2,154.13,0.04,3.16,71.88,4.54,11.87,13.43,5.27,31.01,36.18,65.0,999.0,3.74,214.0,Clouds,overcast clouds
rourkela,2026-07-11 12:51:34.060258,2,158.29,0.01,3.38,69.63,4.15,11.0,12.45,5.45,29.66,34.0,69.0,999.0,2.24,209.0,Clouds,overcast clouds
rourkela,2026-07-11 14:17:23.901876,2,167.09,0.0,3.53,65.62,3.79,10.74,12.3,6.23,29.0,32.73,70.0,1000.0,1.91,213.0,Clouds,overcast clouds
rourkela,2026-07-11 15:43:45.177616,2,182.79,0.0,3.76,58.92,3.16,10.99,12.78,8.16,28.64,32.12,71.0,1001.0,1.91,207.0,Clouds,overcast clouds
rourkela,2026-07-11 16:41:38.890184,2,188.06,0.0,3.83,56.79,3.0,11.34,13.21,9.05,28.23,31.41,72.0,1001.0,2.03,227.0,Clouds,overcast clouds
rourkela,2026-07-11 17:44:47.533178,2,189.85,0.0,3.85,55.05,2.87,11.62,13.48,9.92,28.02,31.12,73.0,1000.0,1.76,225.0,Clouds,overcast clouds
rourkela,2026-07-11 18:42:58.976318,2,186.7,0.0,3.75,53.11,2.74,11.44,13.17,10.66,26.3,26.3,75.0,1001.0,1.55,209.0,Clouds,broken clouds
rourkela,2026-07-11 19:58:10.591235,2,183.96,0.0,3.67,50.72,2.64,11.04,12.65,11.11,26.1,26.1,77.0,1000.0,1.94,205.0,Clouds,broken clouds
rourkela,2026-07-11 20:42:26.078126,2,180.93,0.0,3.58,48.55,2.59,10.75,12.23,11.0,25.89,26.57,78.0,1000.0,1.87,197.0,Clouds,broken clouds
rourkela,2026-07-11 21:38:45.607772,2,177.3,0.0,3.49,47.22,2.65,10.82,12.24,10.52,25.65,26.36,80.0,1000.0,1.85,200.0,Clouds,broken clouds
rourkela,2026-07-11 22:36:08.602224,2,174.85,0.0,3.44,46.2,2.75,11.46,12.91,10.28,25.61,26.34,81.0,1000.0,1.96,206.0,Clouds,broken clouds
rourkela,2026-07-11 23:42:01.311455,2,173.93,0.0,3.45,45.29,2.9,12.31,13.87,10.36,25.45,26.19,82.0,1000.0,2.03,215.0,Clouds,broken clouds
rourkela,2026-07-12 01:28:11.158887,2,173.4,0.03,3.53,44.0,3.1,13.05,14.78,10.48,26.53,26.53,83.0,1000.0,2.04,223.0,Clouds,broken clouds
rourkela,2026-07-12 05:14:58.487400,2,158.33,0.49,3.46,49.8,6.49,16.26,18.63,8.42,33.38,37.38,51.0,1001.0,4.0,273.0,Clouds,scattered clouds
rourkela,2026-07-12 07:56:31.689688,2,146.3,0.15,3.58,59.75,6.67,13.07,16.35,6.22,35.95,39.76,42.0,998.0,4.83,270.0,Clouds,broken clouds
rourkela,2026-07-12 09:43:38.798002,2,144.45,0.1,3.86,60.01,6.62,11.64,15.57,5.93,36.41,39.61,39.0,996.0,5.78,259.0,Clouds,broken clouds
rourkela,2026-07-12 11:03:40.204396,2,143.46,0.09,3.86,59.91,6.36,11.56,15.75,6.09,34.96,38.75,45.0,997.0,6.57,263.0,Clouds,broken clouds
rourkela,2026-07-12 12:52:24.921231,2,144.19,0.01,3.65,58.65,4.82,10.49,14.53,6.9,31.46,35.05,57.0,998.0,3.89,248.0,Clouds,overcast clouds
rourkela,2026-07-12 14:22:03.160792,1,150.26,0.0,3.36,58.97,3.24,5.96,7.28,6.83,30.88,34.12,58.0,999.0,3.69,221.0,Clouds,overcast clouds
rourkela,2026-07-12 15:48:05.485951,1,160.24,0.0,3.96,51.39,3.95,7.06,8.92,9.19,29.91,33.27,63.0,1000.0,2.49,218.0,Clouds,overcast clouds
rourkela,2026-07-12 16:43:36.281884,1,162.76,0.0,4.08,49.65,4.38,8.02,10.08,10.02,29.4,32.63,65.0,1000.0,2.57,217.0,Clouds,overcast clouds
rourkela,2026-07-12 17:50:00.748378,1,162.98,0.0,4.05,49.29,4.74,9.07,11.26,10.69,29.07,32.33,67.0,1000.0,2.81,242.0,Clouds,overcast clouds
rourkela,2026-07-12 18:46:39.841431,1,159.31,0.0,3.85,50.02,4.94,10.0,12.28,11.13,28.63,31.61,68.0,1000.0,2.25,249.0,Clouds,overcast clouds
rourkela,2026-07-12 20:00:18.180245,2,157.05,0.0,3.7,50.76,5.04,10.58,12.94,11.46,28.24,31.14,70.0,999.0,2.25,245.0,Clouds,overcast clouds
rourkela,2026-07-12 20:51:01.948869,2,155.63,0.0,3.6,51.08,5.1,10.87,13.23,11.75,27.92,30.77,72.0,999.0,2.39,228.0,Clouds,overcast clouds
rourkela,2026-07-12 21:38:26.573702,2,155.6,0.0,3.62,50.89,5.32,11.13,13.47,12.08,27.55,30.27,74.0,999.0,2.17,218.0,Clouds,overcast clouds
rourkela,2026-07-12 22:37:11.430976,2,158.09,0.0,3.76,49.71,5.54,11.49,13.81,12.45,27.15,29.67,76.0,999.0,1.86,216.0,Clouds,overcast clouds
rourkela,2026-07-12 23:41:37.437846,2,162.28,0.0,4.03,47.79,5.86,12.07,14.42,12.7,26.89,29.32,78.0,1000.0,1.56,199.0,Clouds,overcast clouds
rourkela,2026-07-13 01:29:01.533236,2,167.67,0.01,4.58,44.96,6.43,13.02,15.52,12.72,28.1,31.58,75.0,1001.0,1.47,222.0,Clouds,overcast clouds
rourkela,2026-07-13 05:24:15.418460,2,170.39,0.49,6.86,48.45,10.06,16.28,19.37,8.28,34.46,38.71,48.0,1001.0,3.32,291.0,Clouds,overcast clouds
rourkela,2026-07-13 08:44:27.491426,2,150.88,0.23,6.12,66.78,11.53,11.62,14.59,4.81,36.55,39.89,39.0,998.0,2.77,277.0,Clouds,overcast clouds
rourkela,2026-07-13 11:49:52.146555,2,172.06,0.06,6.82,63.7,10.73,14.51,18.68,6.71,35.16,38.82,44.0,998.0,2.08,256.0,Clouds,overcast clouds
rourkela,2026-07-13 14:00:23.240891,2,194.91,0.0,6.97,50.22,6.72,13.13,16.33,8.24,32.75,35.26,48.0,1000.0,1.58,162.0,Rain,light rain
rourkela,2026-07-13 16:35:36.115016,2,222.65,0.0,5.57,40.82,3.35,10.88,14.5,11.29,30.8,33.73,57.0,1001.0,2.14,145.0,Clouds,overcast clouds
rourkela,2026-07-13 18:25:58.257984,2,223.47,0.0,5.36,39.0,3.07,10.1,13.52,12.2,30.85,34.29,59.0,1001.0,1.75,136.0,Clouds,overcast clouds
rourkela,2026-07-13 20:07:02.661011,1,216.72,0.0,5.36,35.07,3.98,9.21,12.27,13.41,30.4,33.61,60.0,1000.0,0.22,170.0,Clouds,overcast clouds
rourkela,2026-07-13 21:43:19.897554,2,214.26,0.0,6.81,31.42,7.15,11.03,14.15,13.24,29.5,32.64,64.0,1000.0,1.42,213.0,Clouds,overcast clouds
rourkela,2026-07-13 22:43:29.400673,2,218.73,0.0,7.41,29.79,7.65,12.44,15.39,12.26,29.48,32.79,65.0,1000.0,0.98,283.0,Clouds,overcast clouds
rourkela,2026-07-13 23:41:59.472343,2,224.68,0.0,7.86,28.65,7.73,13.97,16.86,11.25,29.35,32.72,66.0,1001.0,0.76,114.0,Clouds,overcast clouds
rourkela,2026-07-14 01:18:17.066550,2,230.8,0.02,8.22,27.42,8.22,15.58,18.53,10.28,29.08,32.9,70.0,1001.0,1.31,152.0,Clouds,overcast clouds
rourkela,2026-07-14 04:39:26.184118,2,235.17,1.22,9.44,36.36,11.28,24.69,29.19,8.42,32.74,37.54,56.0,1002.0,0.71,43.0,Clouds,overcast clouds
rourkela,2026-07-14 07:02:23.572396,3,199.87,0.57,8.54,52.57,13.62,26.32,32.67,6.14,33.83,38.7,52.0,1000.0,4.74,72.0,Clouds,overcast clouds
rourkela,2026-07-14 09:44:43.663789,3,201.04,0.16,7.67,48.42,13.15,26.02,32.86,5.53,32.88,37.54,55.0,999.0,4.07,183.0,Rain,moderate rain
rourkela,2026-07-14 11:16:28.701883,3,234.89,0.13,8.24,34.95,12.97,27.63,34.56,6.63,32.9,38.24,57.0,998.0,4.14,170.0,Clouds,overcast clouds
rourkela,2026-07-14 13:03:28.747119,3,303.16,0.07,10.73,20.37,11.95,31.95,38.96,7.1,30.73,36.05,67.0,1000.0,2.3,121.0,Clouds,overcast clouds
rourkela,2026-07-14 15:15:30.868793,3,322.43,0.01,9.64,36.97,6.76,33.09,41.93,15.79,29.17,33.3,71.0,1001.0,1.79,148.0,Clouds,overcast clouds
rourkela,2026-07-14 17:00:59.384298,3,341.88,0.01,9.01,32.88,5.2,33.6,43.05,15.09,29.02,32.96,71.0,1002.0,1.68,132.0,Clouds,overcast clouds
rourkela,2026-07-14 18:59:39.574078,3,256.1,0.0,7.1,48.32,7.86,28.46,35.18,9.75,26.1,26.1,86.0,1002.0,1.74,67.0,Clouds,overcast clouds
rourkela,2026-07-14 20:11:08.349062,3,242.3,0.0,7.0,47.68,8.24,26.71,32.62,9.29,25.8,26.71,87.0,1002.0,1.69,67.0,Clouds,overcast clouds
rourkela,2026-07-14 21:45:30.785712,3,239.73,0.0,7.51,42.01,8.77,25.04,29.61,8.07,25.97,25.97,87.0,1001.0,0.54,133.0,Clouds,overcast clouds
rourkela,2026-07-14 22:45:21.342803,2,242.48,0.0,7.49,39.51,8.32,24.25,28.1,6.97,26.39,26.39,85.0,1001.0,0.85,136.0,Clouds,overcast clouds
rourkela,2026-07-14 23:41:19.338250,2,246.54,0.0,7.17,37.76,7.41,23.09,26.24,5.84,26.6,26.6,85.0,1002.0,0.58,146.0,Clouds,overcast clouds
rourkela,2026-07-15 01:15:42.298439,2,249.86,0.01,6.87,36.0,7.05,21.7,24.19,4.74,27.07,30.2,83.0,1002.0,0.92,219.0,Clouds,overcast clouds
rourkela,2026-07-15 04:39:15.179447,2,257.32,0.39,9.06,34.43,7.88,20.53,22.66,3.51,34.84,39.55,48.0,1002.0,2.99,40.0,Clouds,overcast clouds
rourkela,2026-07-15 07:05:41.106365,2,242.81,0.36,9.88,39.33,9.75,18.84,20.87,3.61,35.66,40.25,45.0,1001.0,2.52,29.0,Clouds,overcast clouds
rourkela,2026-07-15 09:48:29.342002,2,224.89,0.2,8.24,47.18,10.37,16.65,18.18,4.33,30.93,35.46,63.0,1000.0,6.09,343.0,Clouds,overcast clouds
rourkela,2026-07-15 11:20:18.428854,2,231.7,0.15,7.65,45.02,11.53,16.99,18.48,4.3,28.01,31.24,74.0,1000.0,1.36,310.0,Clouds,overcast clouds
rourkela,2026-07-15 13:07:03.786121,2,246.82,0.05,7.65,42.06,9.89,18.61,20.31,4.11,28.31,32.38,77.0,1001.0,1.71,187.0,Clouds,overcast clouds
rourkela,2026-07-15 15:16:54.854937,2,223.89,0.0,7.14,53.31,7.98,21.15,23.2,3.32,27.27,30.8,84.0,1003.0,2.0,236.0,Clouds,overcast clouds
rourkela,2026-07-15 17:03:37.105167,2,240.42,0.0,7.09,46.31,11.31,20.63,22.73,3.31,27.24,30.84,85.0,1003.0,1.05,232.0,Clouds,overcast clouds
rourkela,2026-07-15 18:53:08.142606,2,251.36,0.0,6.98,40.13,11.17,21.01,22.61,3.49,26.49,26.49,88.0,1002.0,2.23,265.0,Clouds,overcast clouds
rourkela,2026-07-15 20:01:00.138540,2,249.76,0.0,6.81,39.31,10.36,21.39,22.8,3.16,26.04,26.04,89.0,1002.0,2.47,263.0,Clouds,overcast clouds
rourkela,2026-07-15 21:45:36.438917,2,244.68,0.0,7.7,37.36,10.35,23.46,24.67,2.23,25.91,26.88,89.0,1001.0,1.77,249.0,Clouds,overcast clouds
rourkela,2026-07-15 22:46:39.075526,2,252.45,0.0,7.19,34.78,9.95,23.44,24.59,2.43,25.84,26.8,89.0,1001.0,1.61,247.0,Clouds,overcast clouds
rourkela,2026-07-15 23:48:10.830970,2,261.49,0.0,6.71,32.73,9.37,23.19,24.26,2.58,25.89,26.86,89.0,1002.0,1.44,253.0,Clouds,overcast clouds
rourkela,2026-07-16 01:25:09.488681,2,270.86,0.0,6.39,30.72,8.82,22.71,23.72,2.6,26.68,29.43,85.0,1003.0,1.1,253.0,Clouds,overcast clouds
rourkela,2026-07-16 04:49:11.827278,2,283.64,0.38,7.91,31.71,7.05,21.32,22.35,1.96,32.02,37.43,61.0,1003.0,2.24,16.0,Clouds,overcast clouds
rourkela,2026-07-16 07:14:09.387656,2,281.15,0.35,7.96,39.68,7.33,23.07,23.92,2.02,33.63,39.28,55.0,1001.0,1.91,337.0,Clouds,overcast clouds
rourkela,2026-07-16 09:54:34.899545,3,279.78,0.3,6.97,49.2,7.36,30.05,30.85,2.7,29.7,35.25,74.0,999.0,4.11,217.0,Clouds,overcast clouds
rourkela,2026-07-16 11:25:57.014225,3,281.85,0.19,7.3,48.3,7.07,31.48,32.29,2.66,29.82,35.81,75.0,999.0,2.75,203.0,Clouds,overcast clouds
rourkela,2026-07-16 13:15:51.960453,3,287.08,0.01,9.05,47.27,7.62,31.46,32.15,1.76,29.87,35.44,73.0,1000.0,2.39,250.0,Clouds,overcast clouds
rourkela,2026-07-16 15:24:51.661423,3,315.23,0.0,8.52,44.64,7.42,32.89,33.82,2.15,29.38,34.65,75.0,1001.0,0.96,261.0,Clouds,overcast clouds
rourkela,2026-07-16 17:01:29.299624,3,326.63,0.0,8.83,38.46,8.48,28.37,29.19,1.97,26.93,30.14,86.0,1002.0,3.13,248.0,Clouds,overcast clouds
rourkela,2026-07-16 18:53:58.076164,2,309.24,0.0,8.73,36.41,8.12,21.61,22.02,1.55,25.74,26.77,92.0,1002.0,1.9,250.0,Clouds,overcast clouds
rourkela,2026-07-16 19:55:10.399274,2,295.77,0.0,8.25,36.41,7.72,19.04,19.36,1.5,25.58,26.6,92.0,1002.0,2.11,247.0,Rain,light rain
rourkela,2026-07-16 20:44:12.901075,2,283.1,0.0,7.78,36.43,7.3,17.13,17.42,1.46,25.38,26.4,93.0,1001.0,1.72,238.0,Rain,light rain
rourkela,2026-07-16 21:54:27.248880,2,272.5,0.0,7.55,36.19,6.76,15.71,16.0,1.44,25.28,26.29,93.0,1001.0,1.39,230.0,Clouds,overcast clouds
rourkela,2026-07-16 22:46:55.850917,2,266.24,0.0,7.32,35.27,6.28,14.79,15.07,1.48,25.34,26.33,92.0,1001.0,1.45,230.0,Clouds,overcast clouds
rourkela,2026-07-16 23:47:32.708014,2,263.28,0.0,7.34,33.88,5.95,14.33,14.62,1.5,25.4,26.4,92.0,1002.0,1.32,224.0,Clouds,overcast clouds
rourkela,2026-07-17 01:28:03.033091,2,263.25,0.01,7.65,31.74,5.81,14.3,14.66,1.52,25.97,25.97,89.0,1003.0,2.29,235.0,Clouds,overcast clouds
rourkela,2026-07-17 04:52:15.498134,2,272.03,0.74,10.17,26.85,6.98,14.55,15.27,1.45,30.9,37.04,69.0,1003.0,4.05,250.0,Clouds,overcast clouds
rourkela,2026-07-17 07:09:04.604343,2,274.1,1.1,10.45,29.36,7.21,15.29,15.96,1.51,30.79,36.47,68.0,1002.0,5.51,247.0,Clouds,overcast clouds
rourkela,2026-07-17 09:45:02.977199,2,268.73,0.68,10.52,35.54,7.6,17.04,17.7,1.99,31.23,37.0,66.0,1000.0,5.87,236.0,Clouds,overcast clouds
rourkela,2026-07-17 11:13:30.886502,2,271.27,0.32,11.01,35.24,7.81,17.3,17.96,2.02,30.67,36.17,68.0,1000.0,5.56,235.0,Rain,heavy intensity rain
rourkela,2026-07-17 13:00:29.205209,2,280.26,0.01,10.62,34.31,6.46,17.31,18.01,1.91,28.73,33.61,78.0,1000.0,3.19,202.0,Clouds,overcast clouds
rourkela,2026-07-17 14:44:54.833049,2,272.22,0.0,7.61,36.47,4.01,15.34,16.15,1.95,26.56,26.56,91.0,1002.0,2.7,185.0,Clouds,overcast clouds
rourkela,2026-07-17 16:07:25.666003,2,281.89,0.0,7.32,34.7,4.01,14.18,14.95,1.9,26.2,26.2,92.0,1003.0,2.23,193.0,Clouds,overcast clouds
rourkela,2026-07-17 17:56:55.091728,2,305.49,0.0,7.4,31.23,4.35,14.01,14.68,1.91,26.53,26.53,90.0,1002.0,1.19,168.0,Clouds,overcast clouds
rourkela,2026-07-17 18:55:57.910414,2,313.89,0.0,7.46,29.88,4.6,14.72,15.24,1.92,25.88,26.9,91.0,1002.0,1.34,193.0,Rain,heavy intensity rain
rourkela,2026-07-17 19:57:29.257744,2,319.44,0.0,7.22,29.37,4.34,15.36,15.75,1.85,25.6,26.62,92.0,1002.0,1.25,184.0,Clouds,broken clouds
rourkela,2026-07-17 20:45:57.115674,2,320.53,0.0,6.85,29.8,3.94,15.92,16.22,1.74,25.36,26.38,93.0,1002.0,0.88,188.0,Rain,light rain
rourkela,2026-07-17 21:40:35.624611,2,316.24,0.0,6.44,31.53,3.46,16.5,16.74,1.58,25.13,26.15,94.0,1001.0,1.35,213.0,Clouds,broken clouds
rourkela,2026-07-17 22:37:39.817321,2,309.08,0.0,6.24,32.22,3.15,16.72,16.95,1.57,24.85,25.85,94.0,1002.0,1.64,214.0,Clouds,broken clouds
rourkela,2026-07-17 23:41:35.704560,2,300.54,0.0,6.14,32.31,2.95,16.48,16.72,1.59,24.97,25.98,94.0,1002.0,1.23,220.0,Clouds,overcast clouds
rourkela,2026-07-18 01:19:55.643595,2,291.43,0.0,6.11,31.71,2.94,15.76,16.04,1.57,26.07,26.07,89.0,1003.0,1.71,218.0,Clouds,overcast clouds
rourkela,2026-07-18 04:37:38.840665,2,253.55,0.28,6.26,29.52,3.87,11.71,12.25,1.49,30.15,35.92,72.0,1003.0,2.69,250.0,Clouds,overcast clouds
rourkela,2026-07-18 06:52:22.370963,2,248.9,0.98,6.62,31.64,4.61,12.26,12.83,1.81,31.4,38.37,69.0,1001.0,3.1,238.0,Clouds,overcast clouds
rourkela,2026-07-18 08:30:36.401276,2,247.76,0.94,7.81,32.77,4.62,14.57,15.27,2.59,31.75,38.66,67.0,1000.0,3.42,238.0,Clouds,overcast clouds
rourkela,2026-07-18 10:08:23.075085,2,252.38,0.83,8.35,32.75,5.15,15.8,16.53,2.87,31.22,38.2,70.0,999.0,3.53,236.0,Clouds,overcast clouds
rourkela,2026-07-18 11:43:24.207294,2,258.81,0.26,9.03,27.76,4.9,16.24,16.95,2.55,29.61,36.24,79.0,1000.0,3.14,210.0,Clouds,overcast clouds
rourkela,2026-07-18 12:46:13.872443,2,258.39,0.03,8.87,24.97,4.13,15.7,16.4,2.33,26.55,26.55,94.0,999.0,2.32,162.0,Rain,moderate rain
rourkela,2026-07-18 14:14:43.224546,2,255.41,0.0,7.05,24.7,2.96,14.38,15.59,3.25,25.87,27.05,97.0,1000.0,1.04,306.0,Rain,very heavy rain
rourkela,2026-07-18 15:43:26.924360,2,252.18,0.0,6.26,25.4,2.56,13.07,14.18,2.92,25.98,25.98,95.0,1003.0,1.21,221.0,Clouds,overcast clouds
rourkela,2026-07-18 16:42:49.234692,2,253.32,0.0,5.99,24.58,2.56,12.41,13.45,2.79,25.91,27.04,95.0,1003.0,2.45,225.0,Clouds,overcast clouds
rourkela,2026-07-18 17:45:30.906511,2,254.23,0.0,5.87,23.82,2.48,11.83,12.71,2.77,25.74,26.85,95.0,1003.0,1.82,250.0,Clouds,overcast clouds
rourkela,2026-07-18 18:43:59.101063,2,252.62,0.0,5.81,23.13,2.34,11.36,12.04,2.73,25.88,27.06,97.0,1002.0,2.54,253.0,Clouds,overcast clouds
rourkela,2026-07-18 19:58:12.685345,2,252.42,0.0,5.74,22.24,2.14,11.15,11.69,2.61,25.95,25.95,96.0,1002.0,2.24,237.0,Clouds,overcast clouds
rourkela,2026-07-18 20:41:39.372311,2,251.71,0.0,5.73,20.99,1.9,10.93,11.37,2.49,25.96,25.96,95.0,1002.0,1.73,235.0,Clouds,overcast clouds
rourkela,2026-07-18 21:39:11.958109,2,252.04,0.0,5.88,19.36,1.6,10.75,11.15,2.54,25.98,25.98,94.0,1002.0,1.65,204.0,Clouds,overcast clouds
rourkela,2026-07-18 22:37:27.469627,2,255.12,0.0,6.2,17.36,1.43,10.66,11.06,2.71,25.88,26.95,93.0,1002.0,1.87,206.0,Clouds,overcast clouds
rourkela,2026-07-18 23:41:30.880740,2,259.45,0.01,6.62,15.78,1.4,10.62,11.04,2.88,25.54,26.58,93.0,1002.0,2.35,206.0,Clouds,overcast clouds
rourkela,2026-07-19 01:25:51.167431,2,264.44,0.03,7.02,14.91,1.42,10.57,11.07,3.03,26.03,26.03,88.0,1003.0,2.36,227.0,Clouds,overcast clouds
rourkela,2026-07-19 04:59:28.776751,1,262.0,0.95,6.77,22.3,3.04,9.25,9.99,2.81,29.15,34.28,76.0,1004.0,2.83,206.0,Clouds,overcast clouds
rourkela,2026-07-19 07:26:15.320551,1,243.29,0.94,6.21,33.26,3.43,9.27,9.85,2.64,31.43,37.21,65.0,1002.0,3.16,203.0,Clouds,overcast clouds
rourkela,2026-07-19 09:43:06.179917,2,222.58,0.32,5.17,40.57,3.08,10.9,11.39,2.66,32.01,37.4,61.0,1000.0,2.5,218.0,Clouds,overcast clouds
rourkela,2026-07-19 11:03:12.101250,2,227.36,0.24,5.26,38.22,3.07,11.81,12.36,2.93,31.64,37.43,64.0,1000.0,2.42,215.0,Clouds,overcast clouds
rourkela,2026-07-19 12:49:25.777646,2,237.22,0.01,5.77,32.16,2.83,12.75,13.47,2.7,29.01,34.55,79.0,1001.0,2.55,190.0,Clouds,overcast clouds
rourkela,2026-07-19 14:19:08.565986,1,260.07,0.01,6.24,21.89,2.06,9.54,11.19,4.85,28.69,33.7,79.0,1002.0,2.32,189.0,Rain,light rain
rourkela,2026-07-19 15:44:40.386692,2,283.67,0.02,5.88,16.52,1.67,11.26,13.38,4.64,28.12,32.73,82.0,1003.0,1.88,158.0,Clouds,overcast clouds
rourkela,2026-07-19 16:42:49.212867,2,291.46,0.04,5.74,14.65,1.61,11.89,14.01,4.41,27.67,31.7,83.0,1003.0,1.85,154.0,Clouds,overcast clouds
rourkela,2026-07-19 17:47:04.353459,2,294.36,0.05,5.61,13.54,1.5,12.29,14.19,4.18,27.41,31.28,85.0,1003.0,1.36,184.0,Clouds,overcast clouds
rourkela,2026-07-19 18:46:57.452921,2,288.59,0.04,5.48,13.52,1.55,12.3,13.77,3.78,27.02,30.38,86.0,1003.0,1.31,175.0,Clouds,overcast clouds
rourkela,2026-07-19 20:01:10.877993,2,282.32,0.03,5.32,13.85,1.59,12.2,13.32,3.35,26.77,29.82,87.0,1002.0,1.52,185.0,Clouds,overcast clouds
rourkela,2026-07-19 21:40:23.703473,2,259.9,0.01,4.74,16.19,1.41,11.21,11.84,2.75,26.6,26.6,87.0,1002.0,1.16,209.0,Clouds,overcast clouds
rourkela,2026-07-19 22:40:08.143964,2,253.89,0.01,4.55,16.26,1.25,10.75,11.31,2.72,26.37,26.37,88.0,1002.0,1.14,211.0,Rain,heavy intensity rain
rourkela,2026-07-19 23:45:31.620688,2,248.96,0.01,4.48,16.19,1.18,10.21,10.74,2.71,26.34,26.34,88.0,1003.0,1.12,218.0,Rain,light rain
rourkela,2026-07-20 01:55:29.253248,1,244.88,0.13,4.7,15.27,1.56,8.89,9.68,2.57,27.94,31.95,80.0,1004.0,1.79,227.0,Clouds,overcast clouds
rourkela,2026-07-20 05:28:28.006761,1,227.01,0.72,4.8,21.29,2.59,7.98,8.86,2.49,30.84,36.32,67.0,1004.0,3.06,226.0,Clouds,overcast clouds
rourkela,2026-07-20 08:36:22.824144,2,222.09,0.44,4.95,37.77,3.49,11.91,13.0,5.26,31.75,37.09,62.0,1001.0,3.19,250.0,Clouds,overcast clouds
rourkela,2026-07-20 11:34:37.681588,2,233.85,0.11,5.11,34.53,3.64,14.05,15.34,4.65,29.01,34.55,79.0,1001.0,1.57,218.0,Clouds,overcast clouds
rourkela,2026-07-20 13:45:19.866945,2,254.22,0.01,6.5,17.54,2.9,13.7,15.57,3.79,28.02,32.31,81.0,1003.0,1.16,155.0,Rain,heavy intensity rain
rourkela,2026-07-20 15:43:49.153182,2,277.32,0.03,6.77,13.3,2.78,14.32,16.38,3.54,27.85,32.02,82.0,1004.0,1.4,143.0,Clouds,overcast clouds
rourkela,2026-07-20 17:18:44.355634,2,284.18,0.04,6.71,12.15,2.59,14.31,16.2,3.23,27.23,30.7,84.0,1004.0,1.56,132.0,Clouds,overcast clouds
rourkela,2026-07-20 19:22:54.277090,2,275.37,0.04,6.14,13.67,1.97,13.23,14.14,2.53,27.31,30.67,82.0,1003.0,1.05,101.0,Clouds,overcast clouds
rourkela,2026-07-20 20:59:33.052973,2,264.89,0.01,5.81,14.87,1.63,11.91,12.37,2.08,26.84,29.82,85.0,1002.0,1.46,82.0,Clouds,overcast clouds
rourkela,2026-07-20 21:59:09.661259,2,260.16,0.01,5.85,15.91,1.49,11.31,11.68,2.05,26.47,26.47,87.0,1002.0,1.42,95.0,Rain,light rain
rourkela,2026-07-20 22:58:54.422643,2,261.16,0.01,5.89,15.05,1.39,11.03,11.4,2.15,26.25,26.25,88.0,1002.0,1.03,145.0,Clouds,overcast clouds
rourkela,2026-07-20 23:55:14.725124,2,260.68,0.01,5.86,13.98,1.37,10.64,11.02,2.24,26.09,26.09,89.0,1003.0,1.04,183.0,Clouds,overcast clouds
rourkela,2026-07-21 01:25:29.351029,2,259.56,0.02,5.85,12.85,1.63,10.19,10.66,2.33,26.09,26.09,90.0,1003.0,0.75,199.0,Clouds,overcast clouds
rourkela,2026-07-21 04:57:19.888082,2,252.59,1.07,6.34,14.38,3.31,10.01,10.88,2.56,26.05,26.05,90.0,1004.0,1.0,207.0,Rain,moderate rain
rourkela,2026-07-21 07:29:08.891988,2,260.3,1.45,6.97,16.1,3.75,11.37,12.32,2.89,25.13,26.18,95.0,1003.0,1.72,142.0,Rain,moderate rain
rourkela,2026-07-21 10:13:03.860676,2,292.4,1.37,7.92,15.4,3.83,14.44,16.1,5.11,25.33,26.37,94.0,1002.0,1.05,155.0,Clouds,overcast clouds
rourkela,2026-07-21 12:18:15.484684,2,276.12,0.63,8.56,15.83,3.53,14.35,15.63,2.95,25.26,26.3,94.0,1002.0,0.41,233.0,Rain,light rain
rourkela,2026-07-21 14:54:11.065357,2,267.42,0.32,9.23,17.83,2.42,12.75,13.44,1.65,25.29,26.3,93.0,1004.0,1.42,245.0,Rain,heavy intensity rain
rourkela,2026-07-21 16:14:00.939615,2,265.31,0.16,8.83,18.36,2.14,12.28,12.91,1.62,25.02,26.01,93.0,1004.0,1.93,254.0,Rain,light rain
rourkela,2026-07-21 18:07:58.231971,2,255.16,0.03,8.37,17.02,1.94,11.27,11.74,1.56,24.49,25.48,95.0,1004.0,1.43,225.0,Rain,light rain
rourkela,2026-07-21 20:12:17.431773,2,236.84,0.01,7.78,15.75,1.73,10.11,10.4,1.51,24.12,25.15,98.0,1002.0,1.04,243.0,Rain,heavy intensity rain
rourkela,2026-07-21 21:53:11.364923,1,213.97,0.01,6.64,17.22,1.54,9.36,9.6,1.49,24.15,25.18,98.0,1001.0,1.12,232.0,Rain,moderate rain
rourkela,2026-07-21 22:43:43.316116,1,202.52,0.0,5.88,18.68,1.44,9.15,9.4,1.54,24.14,25.17,98.0,1001.0,1.87,222.0,Rain,light rain
rourkela,2026-07-21 23:47:02.549793,1,190.84,0.0,5.11,20.46,1.36,8.92,9.17,1.57,24.25,25.29,98.0,1001.0,0.95,193.0,Rain,light rain
rourkela,2026-07-22 01:24:07.163981,1,179.6,0.01,4.47,22.07,1.33,8.66,8.98,1.55,24.28,25.32,98.0,1002.0,1.23,162.0,Rain,light rain
rourkela,2026-07-22 04:56:56.695964,1,152.28,0.28,3.26,26.45,1.94,7.78,8.48,1.61,24.56,25.55,95.0,1003.0,4.14,236.0,Rain,light rain
rourkela,2026-07-22 07:30:29.816519,1,136.84,0.27,2.67,31.5,2.07,6.31,6.72,1.4,24.84,25.76,91.0,1002.0,3.87,233.0,Rain,light rain
rourkela,2026-07-22 10:12:55.863800,1,129.81,0.16,2.34,33.97,1.66,6.09,6.45,1.31,25.45,26.37,89.0,1002.0,3.34,219.0,Clouds,overcast clouds
rourkela,2026-07-22 12:20:37.528516,1,128.26,0.04,2.76,33.36,1.58,5.69,6.11,1.55,25.08,25.97,89.0,1002.0,3.72,205.0,Clouds,overcast clouds
rourkela,2026-07-22 14:54:24.800788,1,138.2,0.0,3.53,27.95,1.47,4.7,5.52,2.56,24.68,25.63,93.0,1004.0,2.68,201.0,Rain,light rain
rourkela,2026-07-22 16:13:19.911841,1,142.16,0.0,3.59,26.78,1.42,4.81,5.78,2.94,24.88,25.8,91.0,1005.0,2.89,210.0,Clouds,overcast clouds
rourkela,2026-07-22 18:00:53.323027,1,145.39,0.0,3.57,25.87,1.33,5.09,6.12,3.22,24.73,25.63,91.0,1004.0,2.73,201.0,Rain,light rain
rourkela,2026-07-22 20:05:19.867795,1,142.1,0.0,3.31,26.49,1.21,5.34,5.91,2.41,24.45,25.38,93.0,1003.0,3.22,193.0,Rain,light rain
rourkela,2026-07-22 21:55:42.047276,1,140.63,0.0,3.08,27.61,1.17,5.37,5.76,1.86,24.45,25.35,92.0,1002.0,3.59,201.0,Rain,light rain
rourkela,2026-07-22 22:52:27.444977,1,140.62,0.0,2.97,27.91,1.13,5.28,5.68,1.91,24.3,25.21,93.0,1002.0,4.09,211.0,Rain,light rain
rourkela,2026-07-22 23:53:32.667782,1,140.51,0.0,2.89,27.85,1.11,5.3,5.73,2.03,24.38,25.28,92.0,1003.0,3.45,211.0,Rain,light rain
rourkela,2026-07-23 01:44:01.309677,1,141.97,0.09,3.01,26.42,1.35,5.6,6.35,2.6,24.27,25.18,93.0,1004.0,3.07,193.0,Rain,light rain
rourkela,2026-07-23 05:14:38.880658,1,131.69,0.27,2.87,29.86,1.97,5.42,6.29,3.01,25.36,26.22,87.0,1005.0,2.65,213.0,Rain,light rain
rourkela,2026-07-23 08:08:43.862834,1,123.95,0.26,2.02,39.73,2.11,6.37,7.19,3.47,28.88,32.65,71.0,1003.0,6.73,243.0,Clouds,overcast clouds
rourkela,2026-07-23 10:58:05.044076,1,122.23,0.14,2.17,45.0,2.03,7.53,8.24,3.55,27.41,30.21,76.0,1003.0,5.75,260.0,Rain,light rain
rourkela,2026-07-23 12:21:17.148986,1,123.24,0.06,2.58,44.2,2.13,7.17,7.87,3.72,26.17,26.17,80.0,1003.0,4.3,273.0,Rain,light rain
rourkela,2026-07-23 14:59:53.521307,1,160.56,0.0,3.85,28.71,1.25,5.64,7.18,3.3,24.7,25.5,87.0,1005.0,3.07,239.0,Clouds,overcast clouds
rourkela,2026-07-23 16:26:18.930732,1,171.73,0.0,4.06,25.52,1.17,5.82,7.76,3.47,24.66,25.45,87.0,1005.0,2.48,234.0,Clouds,overcast clouds
rourkela,2026-07-23 18:06:32.127973,1,189.93,0.01,4.37,20.89,1.05,6.2,8.62,3.82,24.29,25.1,89.0,1005.0,1.49,204.0,Clouds,overcast clouds
rourkela,2026-07-23 20:07:06.775474,1,186.38,0.0,3.98,21.23,0.82,5.94,7.94,4.26,24.47,25.27,88.0,1003.0,0.9,192.0,Clouds,overcast clouds
rourkela,2026-07-23 21:55:24.777326,1,176.44,0.0,3.41,26.87,0.83,5.57,7.2,5.27,24.41,25.2,88.0,1003.0,1.9,226.0,Clouds,overcast clouds
rourkela,2026-07-23 22:45:28.177095,1,173.25,0.0,3.26,29.85,0.9,5.52,7.01,5.61,24.28,25.09,89.0,1003.0,1.39,227.0,Clouds,overcast clouds
rourkela,2026-07-23 23:48:39.072409,1,168.65,0.0,3.13,33.67,1.11,5.43,6.76,5.85,24.27,25.08,89.0,1003.0,1.18,222.0,Clouds,overcast clouds
rourkela,2026-07-24 01:28:16.102300,1,161.63,0.01,3.09,37.7,1.81,5.22,6.31,5.48,25.01,25.89,89.0,1004.0,1.62,221.0,Clouds,overcast clouds
rourkela,2026-07-24 04:59:11.910363,1,134.47,0.37,2.36,41.74,2.87,5.02,6.02,4.1,27.87,30.94,74.0,1004.0,5.27,264.0,Rain,light rain
rourkela,2026-07-24 07:29:40.194849,1,122.93,0.29,1.78,45.79,3.12,7.37,8.62,4.6,25.15,26.04,89.0,1003.0,3.37,232.0,Clouds,overcast clouds
rourkela,2026-07-24 10:05:40.380680,1,118.26,0.16,1.73,52.65,3.04,9.03,10.04,4.21,29.8,34.33,69.0,1000.0,4.86,248.0,Clouds,broken clouds
rourkela,2026-07-24 12:11:27.702207,1,129.63,0.05,3.07,50.69,3.45,9.26,10.34,4.78,28.81,33.42,76.0,1000.0,3.59,236.0,Rain,light rain
rourkela,2026-07-24 14:42:54.203117,1,163.12,0.0,3.88,39.7,2.34,9.09,10.45,3.17,26.39,26.39,86.0,1002.0,2.45,215.0,Clouds,overcast clouds
rourkela,2026-07-24 18:10:00.387096,1,194.27,0.0,4.39,28.9,2.63,8.94,10.51,3.1,25.6,26.49,87.0,1003.0,1.59,213.0,Clouds,overcast clouds
rourkela,2026-07-24 20:09:26.401317,1,201.38,0.0,4.43,25.02,2.55,9.27,10.43,3.42,25.19,26.09,89.0,1002.0,1.79,237.0,Clouds,overcast clouds
rourkela,2026-07-24 21:54:06.744531,1,203.75,0.0,4.4,22.95,2.19,9.59,10.31,3.33,24.8,25.74,92.0,1002.0,1.81,231.0,Rain,heavy intensity rain
rourkela,2026-07-24 22:51:41.627368,1,203.9,0.0,4.39,22.17,1.96,9.77,10.37,2.99,24.6,25.54,93.0,1002.0,1.47,233.0,Clouds,overcast clouds
rourkela,2026-07-24 23:54:59.628581,1,201.3,0.0,4.34,22.15,1.81,9.72,10.23,2.67,24.65,25.63,94.0,1002.0,1.87,251.0,Clouds,overcast clouds
rourkela,2026-07-25 01:28:38.274206,1,198.45,0.01,4.3,22.15,1.93,9.49,9.98,2.44,25.7,26.62,88.0,1003.0,2.11,247.0,Clouds,few clouds
rourkela,2026-07-25 04:55:04.398908,2,203.09,0.77,6.21,21.51,4.3,12.68,13.4,1.99,31.61,37.35,64.0,1002.0,1.85,267.0,Clouds,scattered clouds
rourkela,2026-07-25 07:09:10.609534,2,212.76,0.93,7.76,21.97,5.44,16.34,17.03,2.03,32.75,38.55,59.0,1000.0,2.25,316.0,Rain,light rain
rourkela,2026-07-25 09:26:06.019195,2,216.43,0.89,8.92,21.85,6.17,17.02,17.63,1.88,31.87,37.37,62.0,999.0,2.11,315.0,Rain,heavy intensity rain
rourkela,2026-07-25 11:00:39.935784,2,223.86,0.56,10.15,22.09,6.9,17.02,17.59,1.86,29.51,35.22,76.0,999.0,1.75,350.0,Rain,light rain
rourkela,2026-07-25 12:03:54.420465,2,229.7,0.32,11.07,22.3,7.25,17.35,17.92,1.89,29.04,34.63,79.0,999.0,1.91,308.0,Rain,moderate rain
rourkela,2026-07-25 14:27:04.725521,2,241.15,0.01,8.57,20.12,6.37,14.43,16.12,4.45,27.66,31.54,82.0,1001.0,1.5,293.0,Rain,light rain
rourkela,2026-07-25 15:56:47.112055,2,247.69,0.0,9.13,20.16,8.19,16.72,18.27,3.41,27.02,30.17,84.0,1001.0,0.43,19.0,Rain,moderate rain
rourkela,2026-07-25 16:43:38.872033,2,258.28,0.01,9.82,18.08,9.14,18.36,19.9,3.41,26.79,29.7,85.0,1001.0,0.61,45.0,Rain,moderate rain
rourkela,2026-07-25 17:48:26.134602,2,265.93,0.01,10.51,16.42,9.73,20.02,21.43,3.54,26.3,26.3,87.0,1001.0,1.8,54.0,Rain,moderate rain
rourkela,2026-07-25 18:49:17.941495,2,266.57,0.01,11.05,15.42,10.01,21.27,22.38,3.5,26.76,29.54,84.0,1001.0,1.5,36.0,Clouds,overcast clouds
rourkela,2026-07-25 20:04:29.615060,2,265.94,0.01,11.47,14.95,10.3,22.15,23.07,3.16,26.22,26.22,86.0,1000.0,1.74,35.0,Clouds,overcast clouds
rourkela,2026-07-25 21:43:10.354802,2,263.79,0.01,12.27,14.09,9.76,22.92,23.53,2.51,25.8,26.71,87.0,1000.0,1.11,49.0,Clouds,overcast clouds
rourkela,2026-07-25 22:42:54.185896,2,267.44,0.01,11.97,12.97,8.38,22.24,22.74,2.29,25.6,26.51,88.0,1000.0,1.56,40.0,Clouds,overcast clouds
rourkela,2026-07-25 23:49:56.629502,2,267.67,0.01,11.42,12.62,6.72,20.74,21.14,1.99,25.39,26.28,88.0,1000.0,1.6,30.0,Clouds,overcast clouds
rourkela,2026-07-26 01:42:29.940747,2,265.7,0.17,10.68,13.59,4.42,18.37,18.86,1.73,27.74,31.32,79.0,1002.0,2.21,77.0,Rain,light rain
rourkela,2026-07-26 05:20:14.139883,2,255.3,1.0,10.52,19.92,5.27,17.05,17.83,1.79,31.43,36.91,64.0,1001.0,4.02,53.0,Clouds,overcast clouds
rourkela,2026-07-26 08:05:01.991130,2,256.44,0.72,11.27,35.94,6.81,17.51,18.29,1.64,32.44,37.17,57.0,998.0,3.1,53.0,Clouds,overcast clouds
rourkela,2026-07-26 10:27:17.975780,2,262.34,0.43,11.52,40.23,7.79,18.92,19.77,1.82,32.05,37.5,61.0,998.0,1.9,70.0,Clouds,overcast clouds
rourkela,2026-07-26 11:54:04.087882,2,268.91,0.1,11.65,33.18,6.38,19.25,20.22,2.55,32.03,38.08,63.0,997.0,1.11,21.0,Clouds,overcast clouds
rourkela,2026-07-26 12:54:42.509141,2,271.51,0.02,11.31,28.98,5.77,18.3,19.2,2.58,29.4,34.04,72.0,998.0,1.59,61.0,Clouds,broken clouds
rourkela,2026-07-26 14:22:59.492435,2,252.79,0.0,10.29,29.92,6.12,18.38,19.4,2.93,28.39,32.4,76.0,999.0,1.59,90.0,Clouds,scattered clouds
rourkela,2026-07-26 15:53:41.667838,2,263.32,0.0,10.63,26.23,6.76,19.16,20.21,2.68,27.54,30.73,78.0,1000.0,0.22,77.0,Clouds,broken clouds
rourkela,2026-07-26 16:44:44.051490,2,269.31,0.0,10.98,24.11,6.54,19.6,20.69,2.68,27.32,30.35,79.0,1000.0,0.27,20.0,Clouds,scattered clouds
rourkela,2026-07-26 17:54:18.754141,2,272.69,0.0,11.12,22.35,6.54,19.81,20.8,2.68,27.09,29.94,80.0,1000.0,0.8,277.0,Clouds,scattered clouds
rourkela,2026-07-26 18:54:01.283746,2,272.2,0.0,11.2,21.16,6.55,19.79,20.66,2.51,26.8,29.39,81.0,1000.0,0.86,290.0,Clear,clear sky
rourkela,2026-07-26 20:04:07.569019,2,272.16,0.0,11.0,20.29,6.7,19.88,20.7,2.29,26.44,26.44,83.0,999.0,1.27,292.0,Clear,clear sky
rourkela,2026-07-26 21:47:25.221543,2,278.34,0.0,10.12,18.98,6.83,19.89,20.6,2.09,25.81,26.69,86.0,998.0,0.93,289.0,Rain,light rain
rourkela,2026-07-26 22:48:40.931620,2,284.59,0.0,9.59,18.4,5.89,19.67,20.29,2.19,25.71,26.58,86.0,999.0,0.58,328.0,Rain,light rain
rourkela,2026-07-26 23:51:13.247236,2,290.05,0.0,9.12,18.3,5.18,20.08,20.62,2.19,25.57,26.4,85.0,999.0,0.46,30.0,Rain,light rain
rourkela,2026-07-27 01:49:30.233162,2,289.76,0.1,8.36,19.05,5.74,18.0,18.64,1.84,28.03,31.42,75.0,1001.0,0.8,33.0,Clouds,few clouds
rourkela,2026-07-27 05:38:16.387428,2,272.29,1.46,11.2,28.56,9.03,17.69,18.69,2.16,28.73,32.67,73.0,1000.0,0.94,339.0,Clouds,broken clouds
rourkela,2026-07-27 09:25:36.671314,2,250.77,0.75,10.02,51.77,7.5,17.63,18.93,3.17,33.44,38.15,53.0,997.0,1.44,347.0,Rain,moderate rain
rourkela,2026-07-27 12:49:00.224469,2,271.32,0.01,9.7,47.31,8.16,18.05,19.02,2.38,29.37,33.97,72.0,997.0,1.9,354.0,Rain,moderate rain
rourkela,2026-07-27 15:36:08.298328,2,333.76,0.0,11.39,20.43,6.02,23.96,25.32,2.69,27.52,31.06,81.0,999.0,1.38,313.0,Rain,moderate rain
rourkela,2026-07-27 17:28:22.744650,2,335.92,0.0,10.15,20.37,5.43,22.9,24.07,2.54,27.23,30.48,82.0,999.0,1.11,265.0,Clouds,overcast clouds
rourkela,2026-07-27 19:09:06.544820,2,324.13,0.0,9.12,21.05,4.99,18.52,19.11,2.02,26.68,29.35,84.0,998.0,1.71,349.0,Rain,light rain
rourkela,2026-07-27 21:00:46.230206,2,308.64,0.0,9.01,20.02,5.04,15.63,15.99,1.69,25.91,26.83,87.0,997.0,1.75,3.0,Rain,moderate rain
rourkela,2026-07-27 22:09:42.165014,2,303.41,0.0,9.59,18.66,5.08,15.46,15.78,1.63,25.88,26.82,88.0,997.0,1.42,343.0,Clouds,overcast clouds
rourkela,2026-07-27 23:54:22.978598,2,301.87,0.0,11.24,15.96,5.18,16.19,16.49,1.51,25.62,26.56,89.0,997.0,1.9,314.0,Clouds,overcast clouds
rourkela,2026-07-28 01:23:41.262702,2,302.05,0.02,12.18,15.12,5.36,16.7,17.04,1.43,26.18,26.18,88.0,998.0,1.22,310.0,Clouds,overcast clouds
rourkela,2026-07-28 04:52:45.167716,2,299.92,0.55,12.5,14.17,6.13,17.79,18.52,1.57,30.38,35.21,67.0,998.0,4.28,29.0,Clouds,overcast clouds
rourkela,2026-07-28 07:30:46.323046,2,292.94,0.66,13.5,16.78,6.37,19.55,20.26,1.6,31.32,37.23,66.0,994.0,5.14,347.0,Clouds,overcast clouds
rourkela,2026-07-28 10:22:04.813944,2,285.32,0.77,12.63,22.59,6.24,18.8,19.44,1.6,27.65,31.79,84.0,993.0,3.38,47.0,Rain,moderate rain
rourkela,2026-07-28 12:29:34.741750,2,285.25,0.26,11.95,24.38,4.87,17.12,17.69,1.66,25.77,26.86,94.0,994.0,2.56,335.0,Rain,heavy intensity rain
rourkela,2026-07-28 15:10:27.027524,2,319.73,0.0,14.37,32.25,9.13,18.11,18.56,1.04,26.44,26.44,85.0,994.0,5.61,24.0,Clouds,overcast clouds
rourkela,2026-07-28 17:16:43.998060,2,313.12,0.0,13.2,31.26,8.34,16.81,17.18,0.95,25.9,26.87,89.0,995.0,6.28,30.0,Rain,light rain
rourkela,2026-07-28 19:04:21.097703,2,312.36,0.0,12.23,26.33,6.74,15.54,15.75,0.98,25.28,26.27,92.0,995.0,6.02,49.0,Rain,light rain
rourkela,2026-07-28 20:57:18.875938,2,307.46,0.0,11.77,21.0,5.38,12.6,12.76,1.0,25.19,26.14,91.0,994.0,6.18,66.0,Rain,light rain
rourkela,2026-07-28 21:57:05.515525,2,305.13,0.0,11.4,19.82,5.35,11.48,11.63,1.04,24.96,25.91,92.0,994.0,5.97,65.0,Rain,light rain
rourkela,2026-07-28 22:52:20.262985,2,304.04,0.0,10.87,19.31,5.23,10.56,10.72,1.1,24.94,25.87,91.0,994.0,6.04,77.0,Clouds,overcast clouds
rourkela,2026-07-28 23:49:41.478865,2,301.47,0.0,10.35,19.17,5.03,10.1,10.27,1.14,24.85,25.74,90.0,995.0,6.51,79.0,Clouds,overcast clouds
rourkela,2026-07-29 01:24:17.002582,1,298.88,0.01,9.82,18.51,4.62,9.78,10.03,1.2,24.86,25.75,90.0,996.0,7.01,85.0,Clouds,overcast clouds
rourkela,2026-07-29 04:57:42.925909,1,304.28,0.59,8.82,15.82,4.27,9.78,10.41,1.5,26.25,26.25,86.0,997.0,3.9,113.0,Rain,light rain
rourkela,2026-07-29 07:39:16.813874,1,315.02,0.69,8.87,21.64,4.8,9.73,10.18,1.42,29.85,35.15,72.0,995.0,4.49,130.0,Rain,light rain
rourkela,2026-07-29 10:27:53.470257,1,311.89,0.52,7.82,26.07,3.54,9.4,9.77,1.48,30.29,36.28,72.0,994.0,5.18,134.0,Rain,light rain
rourkela,2026-07-29 12:54:32.109682,2,283.43,0.02,8.03,24.82,2.07,10.81,11.31,1.73,26.91,30.0,85.0,996.0,2.92,141.0,Rain,moderate rain
rourkela,2026-07-29 15:03:39.607190,2,220.53,0.0,6.35,30.53,3.7,11.88,12.93,1.41,25.74,26.69,89.0,998.0,1.48,196.0,Rain,light rain
rourkela,2026-07-29 17:02:47.840492,2,244.5,0.0,7.18,27.18,4.23,16.55,17.8,1.33,25.14,26.11,92.0,999.0,0.76,198.0,Clouds,scattered clouds
rourkela,2026-07-29 18:53:33.765137,2,259.16,0.0,7.69,25.45,4.74,20.88,22.02,1.15,25.21,26.16,91.0,997.0,0.88,60.0,Clouds,overcast clouds
rourkela,2026-07-29 20:07:07.541647,2,262.23,0.0,7.59,24.93,4.35,21.3,22.35,1.07,24.96,25.91,92.0,997.0,0.6,79.0,Clouds,overcast clouds
rourkela,2026-07-29 21:45:52.681046,2,261.98,0.0,7.08,24.92,3.67,20.48,21.41,0.96,24.6,25.54,93.0,997.0,1.28,81.0,Clouds,broken clouds
rourkela,2026-07-29 22:47:02.985890,2,259.22,0.0,6.81,24.61,3.35,19.45,20.22,0.94,24.46,25.39,93.0,996.0,1.59,67.0,Clouds,broken clouds
rourkela,2026-07-29 23:52:30.129842,2,254.77,0.0,6.65,24.1,3.09,18.23,18.86,0.95,24.35,25.3,94.0,997.0,1.59,67.0,Clouds,broken clouds
rourkela,2026-07-30 01:17:28.066505,2,251.47,0.01,6.71,22.99,3.03,17.32,17.95,1.0,25.46,26.41,90.0,997.0,1.93,74.0,Clouds,broken clouds
rourkela,2026-07-30 04:46:09.767305,2,235.0,1.14,6.13,27.45,4.98,16.69,17.7,1.17,30.84,36.32,67.0,998.0,4.06,124.0,Rain,light rain
rourkela,2026-07-30 07:26:18.171006,2,220.52,0.7,4.81,40.5,5.16,19.86,20.86,1.62,31.91,37.47,62.0,997.0,4.23,154.0,Rain,light rain
rourkela,2026-07-30 10:10:54.186487,2,216.91,0.31,3.78,51.31,4.07,21.74,22.79,3.08,31.56,37.84,66.0,996.0,5.23,150.0,Rain,moderate rain
rourkela,2026-07-30 12:22:32.286727,2,222.11,0.11,4.48,46.74,3.99,21.86,22.85,2.24,28.68,34.06,81.0,996.0,4.28,159.0,Rain,moderate rain
rourkela,2026-07-30 15:00:34.763133,2,195.84,0.0,5.61,43.91,4.96,12.41,13.86,1.58,26.67,29.73,89.0,998.0,3.4,157.0,Rain,light rain
rourkela,2026-07-30 16:27:59.984396,2,195.91,0.0,5.43,42.35,4.88,12.16,13.9,1.6,26.41,26.41,90.0,999.0,4.12,143.0,Rain,light rain
rourkela,2026-07-30 18:08:41.349852,2,197.57,0.0,5.32,39.59,4.48,12.22,14.53,1.7,25.89,26.94,92.0,1000.0,3.65,146.0,Rain,light rain
rourkela,2026-07-30 20:11:06.540438,2,195.64,0.0,4.96,35.96,4.06,12.91,15.64,1.79,25.72,26.75,92.0,999.0,2.98,139.0,Rain,light rain
rourkela,2026-07-30 21:57:52.065413,2,195.38,0.0,4.76,31.55,3.75,13.79,16.85,1.87,25.37,26.39,93.0,999.0,2.35,127.0,Rain,light rain
rourkela,2026-07-30 22:59:52.464245,2,195.45,0.0,4.68,29.31,3.48,14.0,17.09,1.86,25.04,26.05,94.0,999.0,2.08,118.0,Rain,light rain
rourkela,2026-07-31 00:01:43.590463,2,195.75,0.0,4.63,27.25,3.22,14.03,17.08,1.83,24.77,25.81,96.0,1000.0,1.67,96.0,Rain,light rain
rourkela,2026-07-31 04:15:49.221440,2,168.66,0.65,2.87,44.96,4.14,11.92,13.85,1.66,29.92,35.83,74.0,1001.0,3.39,165.0,Rain,moderate rain
rourkela,2026-07-31 07:44:10.702918,2,168.05,0.23,1.99,57.73,3.43,19.27,20.42,2.26,32.13,38.67,64.0,999.0,4.01,170.0,Rain,moderate rain
rourkela,2026-07-31 10:26:59.520040,2,178.35,0.21,2.27,53.89,3.33,20.48,21.6,2.51,31.85,37.95,64.0,998.0,2.63,165.0,Rain,light rain
rourkela,2026-07-31 12:50:08.352780,2,179.67,0.02,4.2,47.13,3.67,14.71,15.79,2.3,28.55,33.33,79.0,999.0,2.12,156.0,Rain,moderate rain
rourkela,2026-07-31 15:12:22.818898,2,196.71,0.0,5.27,36.75,3.89,13.4,15.43,2.97,27.71,31.8,83.0,1001.0,1.96,144.0,Clouds,overcast clouds
rourkela,2026-07-31 17:17:11.982963,2,217.6,0.0,5.52,34.64,3.98,17.54,20.26,2.51,27.18,30.91,87.0,1002.0,2.25,165.0,Rain,light rain
rourkela,2026-07-31 19:05:33.414451,2,230.98,0.0,5.65,29.87,3.56,20.7,23.44,2.33,26.36,26.36,89.0,1002.0,2.72,169.0,Rain,light rain
rourkela,2026-07-31 20:51:43.200737,2,249.92,0.01,5.5,21.5,2.42,21.93,24.55,3.4,25.99,25.99,92.0,1001.0,2.05,142.0,Rain,light rain
rourkela,2026-07-31 21:55:56.658892,2,258.24,0.02,5.47,18.26,1.93,21.63,24.16,4.21,25.81,26.85,92.0,1000.0,1.88,135.0,Rain,light rain
rourkela,2026-07-31 22:50:23.799635,2,263.68,0.02,5.44,15.57,1.53,20.85,23.23,4.36,25.81,26.82,91.0,1001.0,1.73,137.0,Rain,light rain
rourkela,2026-07-31 23:52:12.755126,2,266.06,0.03,5.46,13.75,1.38,19.86,22.09,4.32,25.97,25.97,89.0,1001.0,1.64,141.0,Clouds,overcast clouds
rourkela,2026-08-01 01:45:34.868600,2,259.6,0.89,4.28,13.82,1.74,16.93,19.48,2.57,28.07,32.43,81.0,1003.0,1.67,157.0,Rain,light rain
rourkela,2026-08-01 05:16:59.914233,2,180.57,0.49,2.55,43.58,2.76,13.33,14.38,2.42,31.41,37.16,65.0,1002.0,3.89,236.0,Rain,light rain
rourkela,2026-08-01 08:00:29.971358,2,161.16,0.16,1.58,56.88,2.38,15.04,15.71,1.7,33.01,39.19,59.0,1000.0,2.98,218.0,Rain,light rain
rourkela,2026-08-01 10:03:21.593334,2,161.89,0.1,2.01,54.3,2.8,14.09,14.79,1.69,33.11,39.44,59.0,999.0,2.43,215.0,Rain,light rain
rourkela,2026-08-01 11:54:38.178308,2,172.51,0.05,2.81,44.21,2.88,13.81,14.64,1.42,30.72,37.44,72.0,999.0,2.3,195.0,Rain,light rain
rourkela,2026-08-01 12:53:05.914689,2,179.31,0.01,3.34,37.87,2.62,13.41,14.38,1.39,29.39,34.91,76.0,1000.0,1.86,191.0,Clouds,overcast clouds
rourkela,2026-08-01 14:20:44.038537,2,213.76,0.01,5.04,17.9,2.01,10.35,12.45,2.7,28.86,33.94,78.0,1001.0,2.01,190.0,Rain,light rain
rourkela,2026-08-01 15:51:24.228766,2,241.73,0.04,4.9,12.21,1.5,12.42,14.93,2.51,28.34,32.97,80.0,1002.0,1.47,196.0,Rain,moderate rain
rourkela,2026-08-01 16:45:43.744646,2,253.57,0.06,4.82,10.05,1.3,13.61,16.22,2.52,27.87,32.22,83.0,1003.0,0.71,171.0,Rain,light rain
rourkela,2026-08-01 17:50:44.763607,2,261.39,0.09,4.72,8.32,1.08,14.47,16.95,2.5,27.8,32.04,83.0,1002.0,1.57,206.0,Rain,light rain
rourkela,2026-08-01 18:52:01.251102,2,262.5,0.1,4.44,7.18,0.91,14.82,16.99,2.46,27.09,30.45,85.0,1003.0,1.27,219.0,Clouds,overcast clouds
rourkela,2026-08-01 20:04:16.753271,2,261.39,0.11,4.12,6.7,0.83,15.08,17.14,2.45,26.93,30.05,85.0,1002.0,1.21,230.0,Rain,light rain
rourkela,2026-08-01 21:43:09.277241,2,251.58,0.13,3.72,7.85,0.91,15.04,16.7,2.2,26.51,26.51,86.0,1001.0,1.01,260.0,Clouds,overcast clouds
rourkela,2026-08-01 22:43:09.549621,2,243.91,0.11,3.58,8.71,0.85,14.03,15.39,1.76,26.36,26.36,87.0,1002.0,0.87,255.0,Clouds,overcast clouds
rourkela,2026-08-01 23:46:41.700433,2,233.94,0.08,3.51,9.82,0.77,12.51,13.58,1.43,26.14,26.14,88.0,1002.0,1.08,233.0,Clouds,overcast clouds
rourkela,2026-08-02 01:30:56.362224,1,214.4,0.18,3.26,12.5,1.26,9.59,10.45,1.02,28.01,31.97,79.0,1004.0,2.04,242.0,Clouds,overcast clouds
rourkela,2026-08-02 05:15:35.686807,1,185.7,0.52,2.81,24.91,2.21,7.23,7.98,0.94,31.2,36.64,65.0,1004.0,3.6,239.0,Clouds,overcast clouds
rourkela,2026-08-02 08:02:09.104996,1,139.92,0.17,1.83,49.73,2.92,9.49,10.04,0.66,32.38,37.66,59.0,1001.0,2.77,263.0,Clouds,overcast clouds
rourkela,2026-08-02 10:24:08.697412,1,133.33,0.13,1.94,52.01,2.95,7.93,8.46,0.83,32.93,38.31,57.0,1000.0,2.35,260.0,Clouds,overcast clouds
rourkela,2026-08-02 11:52:46.623131,1,138.25,0.06,2.65,47.69,2.68,6.58,7.27,1.37,31.77,38.72,67.0,1000.0,2.39,261.0,Clouds,overcast clouds
rourkela,2026-08-02 12:54:30.792504,1,146.39,0.01,3.11,42.69,2.24,6.36,7.31,1.79,29.84,35.12,72.0,1001.0,2.37,244.0,Clouds,overcast clouds
rourkela,2026-08-02 14:22:51.033504,1,181.5,0.0,4.38,26.73,2.32,7.19,8.94,2.03,29.25,33.69,72.0,1002.0,2.21,220.0,Clouds,overcast clouds
rourkela,2026-08-02 15:51:46.046397,1,214.78,0.02,4.6,18.4,1.7,8.28,11.16,2.8,28.5,32.49,75.0,1003.0,1.31,233.0,Clouds,overcast clouds
rourkela,2026-08-02 16:44:32.062479,1,227.36,0.03,4.54,15.65,1.35,8.82,12.1,2.79,27.89,31.68,79.0,1003.0,1.36,252.0,Rain,light rain
rourkela,2026-08-02 17:51:50.713144,1,232.65,0.05,4.42,13.98,1.05,9.05,12.35,2.64,27.72,31.41,80.0,1003.0,0.8,241.0,Rain,light rain
rourkela,2026-08-02 18:52:10.853783,1,230.87,0.05,4.14,13.52,0.88,8.87,11.72,2.41,27.52,31.06,81.0,1002.0,0.73,233.0,Clouds,overcast clouds
rourkela,2026-08-02 20:04:31.092462,1,229.64,0.06,3.86,13.77,0.83,8.74,11.21,2.17,27.14,30.16,81.0,1002.0,0.82,199.0,Clouds,overcast clouds
rourkela,2026-08-02 21:43:39.876704,1,227.14,0.05,3.51,14.48,1.23,8.69,10.33,1.69,26.8,29.55,83.0,1002.0,0.84,195.0,Rain,light rain
rourkela,2026-08-02 22:44:04.296944,1,229.27,0.03,3.46,13.38,1.49,8.6,9.87,1.53,26.5,26.5,85.0,1002.0,0.88,219.0,Rain,light rain
rourkela,2026-08-02 23:48:44.020296,1,228.28,0.02,3.42,12.91,1.57,8.22,9.27,1.48,26.18,26.18,87.0,1003.0,0.92,224.0,Rain,light rain
rourkela,2026-08-03 01:31:07.831433,1,220.03,0.29,3.15,14.57,1.37,7.06,8.44,1.45,28.75,33.27,76.0,1004.0,1.11,239.0,Clouds,overcast clouds
rourkela,2026-08-03 05:29:43.318223,1,199.4,0.43,3.12,30.23,2.85,9.83,11.38,1.31,32.55,39.07,62.0,1004.0,2.69,244.0,Clouds,overcast clouds
rourkela,2026-08-03 08:59:07.827623,2,184.19,0.22,2.98,39.11,3.21,12.45,13.45,0.96,33.81,39.72,55.0,1001.0,3.2,221.0,Clouds,overcast clouds
rourkela,2026-08-03 12:19:16.078756,2,177.96,0.08,3.99,38.45,3.32,13.67,14.56,0.86,31.11,38.11,71.0,1002.0,2.1,248.0,Rain,moderate rain
rourkela,2026-08-03 15:36:21.438158,2,266.57,0.02,6.65,16.45,2.34,11.01,14.35,4.2,29.02,34.16,77.0,1004.0,0.93,222.0,Clouds,overcast clouds
rourkela,2026-08-03 17:45:28.585489,2,275.15,0.04,5.67,12.75,1.85,11.02,13.67,2.7,28.02,32.15,80.0,1004.0,0.95,142.0,Rain,light rain
rourkela,2026-08-03 19:16:33.565420,2,262.61,0.04,4.99,13.32,2.01,10.27,12.13,2.04,27.88,31.66,79.0,1004.0,1.03,153.0,Clouds,overcast clouds
rourkela,2026-08-03 20:53:28.827375,1,240.72,0.02,4.05,13.65,1.97,8.73,9.63,1.28,27.75,31.48,80.0,1003.0,0.79,202.0,Clouds,overcast clouds
rourkela,2026-08-03 21:57:20.381313,1,206.91,0.0,3.61,19.07,1.75,6.85,7.41,0.97,27.81,31.49,79.0,1003.0,0.87,179.0,Clouds,overcast clouds
rourkela,2026-08-03 22:55:02.821922,1,196.59,0.0,3.5,19.7,1.57,6.02,6.48,0.99,27.8,31.46,79.0,1003.0,0.78,205.0,Clouds,overcast clouds
rourkela,2026-08-03 23:59:05.073383,1,194.37,0.0,3.49,18.89,1.48,5.65,6.11,1.07,27.7,31.36,80.0,1003.0,1.09,207.0,Clouds,overcast clouds
rourkela,2026-08-04 02:12:16.706158,1,198.96,0.18,3.66,17.27,1.46,5.52,6.42,1.21,28.56,32.99,77.0,1005.0,0.83,207.0,Clouds,overcast clouds
rourkela,2026-08-04 05:37:29.280433,1,185.82,0.74,4.46,27.92,4.55,5.29,6.21,0.91,33.56,40.56,59.0,1004.0,3.78,250.0,Rain,light rain
rourkela,2026-08-04 08:15:25.810346,1,166.85,0.3,4.15,38.25,4.17,6.06,6.74,0.71,34.66,41.04,53.0,1002.0,3.68,248.0,Clouds,overcast clouds
rourkela,2026-08-04 11:14:33.391444,1,176.1,0.16,4.56,34.49,4.18,7.49,8.4,1.22,33.6,40.6,60.0,1000.0,3.37,283.0,Rain,light rain
rourkela,2026-08-04 13:43:02.237979,2,251.41,0.0,7.28,23.95,3.74,11.84,14.47,3.84,30.09,36.28,74.0,1002.0,1.65,201.0,Rain,light rain
rourkela,2026-08-04 16:05:09.142114,2,266.94,0.01,5.92,19.14,2.9,11.83,14.51,2.54,29.4,35.16,77.0,1003.0,1.57,177.0,Rain,light rain
rourkela,2026-08-04 18:21:52.356754,2,284.12,0.02,5.58,14.82,2.65,11.65,13.96,2.86,28.81,33.81,78.0,1002.0,1.18,231.0,Rain,moderate rain
rourkela,2026-08-04 20:17:17.483582,2,270.3,0.01,4.79,14.4,2.18,10.37,11.63,2.67,27.95,32.44,83.0,1001.0,1.58,271.0,Rain,moderate rain
rourkela,2026-08-04 22:02:42.708487,1,245.47,0.0,4.01,17.02,1.68,9.02,9.73,1.6,27.54,31.36,83.0,1001.0,0.5,245.0,Rain,moderate rain
rourkela,2026-08-04 23:53:35.573338,1,236.04,0.01,3.81,15.68,1.16,8.2,8.8,1.34,27.15,30.72,86.0,1001.0,1.63,195.0,Clouds,overcast clouds
rourkela,2026-08-05 01:25:28.539020,1,234.22,0.02,3.87,14.72,1.23,7.87,8.57,1.27,27.77,32.26,85.0,1002.0,1.36,188.0,Clouds,overcast clouds
rourkela,2026-08-05 04:53:40.600074,1,227.73,0.66,4.2,21.11,2.83,8.55,9.59,1.03,31.7,38.7,68.0,1002.0,3.97,246.0,Rain,moderate rain
rourkela,2026-08-05 07:31:13.112345,2,214.22,0.36,3.44,40.93,2.65,12.97,13.77,0.99,32.5,39.29,63.0,1000.0,3.92,217.0,Rain,moderate rain
rourkela,2026-08-05 10:23:21.252684,2,210.8,0.15,4.18,43.28,3.38,13.32,14.03,0.93,31.44,38.16,68.0,999.0,2.57,222.0,Rain,moderate rain
rourkela,2026-08-05 12:46:17.532850,2,223.09,0.0,5.24,34.32,3.56,13.69,14.58,1.06,27.87,32.38,84.0,1001.0,0.53,242.0,Rain,moderate rain
rourkela,2026-08-05 15:06:48.632080,2,277.88,0.01,6.86,16.32,2.14,14.59,16.58,1.86,27.54,31.9,87.0,1002.0,0.31,38.0,Rain,moderate rain
rourkela,2026-08-05 17:17:41.996010,2,279.44,0.01,6.51,13.8,2.38,15.11,17.18,1.64,27.42,31.57,87.0,1003.0,0.88,175.0,Rain,light rain
rourkela,2026-08-05 19:11:29.394444,2,278.06,0.01,6.06,12.3,2.2,15.47,16.95,1.33,26.56,26.56,91.0,1002.0,0.96,170.0,Rain,light rain
rourkela,2026-08-05 20:55:32.042874,2,278.96,0.02,5.13,11.17,1.51,15.18,16.22,1.53,26.26,26.26,92.0,1001.0,1.24,217.0,Rain,light rain
rourkela,2026-08-05 22:04:42.761236,2,277.21,0.02,4.8,11.26,1.49,14.77,15.66,1.58,26.01,26.01,92.0,1001.0,1.33,233.0,Rain,moderate rain
rourkela,2026-08-05 23:45:59.064403,2,275.59,0.01,4.43,12.73,1.52,14.0,14.65,1.23,25.37,26.39,93.0,1001.0,1.07,267.0,Rain,moderate rain
rourkela,2026-08-06 01:22:44.981274,2,276.35,0.02,4.42,13.63,1.7,13.35,14.0,1.1,25.65,26.67,92.0,1002.0,0.26,4.0,Rain,moderate rain
rourkela,2026-08-06 04:53:55.562418,2,270.34,0.84,4.72,21.12,3.04,12.62,13.59,0.88,26.95,30.19,86.0,1003.0,1.54,93.0,Clouds,overcast clouds
rourkela,2026-08-06 07:31:34.947780,2,277.46,0.66,6.5,22.72,4.41,15.82,17.14,1.48,28.17,32.36,79.0,1002.0,2.39,214.0,Clouds,overcast clouds
rourkela,2026-08-06 10:25:23.520379,2,292.63,0.44,7.13,20.63,4.38,17.32,18.93,2.13,27.08,30.64,87.0,1000.0,0.97,187.0,Rain,light rain
rourkela,2026-08-06 12:50:22.537400,2,279.52,0.04,6.73,22.9,3.65,17.96,19.04,1.08,26.76,29.88,88.0,1000.0,1.85,158.0,Clouds,overcast clouds
rourkela,2026-08-06 15:05:12.369390,2,285.8,0.0,6.15,20.88,3.73,17.11,18.83,1.33,26.53,26.53,89.0,1002.0,1.51,177.0,Clouds,overcast clouds
rourkela,2026-08-06 23:48:09.356476,1,237.48,0.0,4.31,18.27,2.0,9.35,9.79,0.88,25.03,26.04,94.0,1000.0,1.88,187.0,Clouds,overcast clouds
rourkela,2026-08-07 02:02:03.789969,1,238.77,0.09,4.36,17.68,2.44,8.3,8.96,0.86,25.71,26.74,92.0,1000.0,1.71,185.0,Rain,moderate rain
rourkela,2026-08-07 04:46:31.274751,1,232.76,0.47,4.4,22.41,3.65,8.08,8.99,0.79,28.08,32.46,81.0,1001.0,3.85,223.0,Rain,light rain
rourkela,2026-08-07 06:03:47.336081,1,234.55,0.52,4.45,23.97,3.99,8.77,9.71,0.78,29.4,34.48,74.0,1001.0,4.2,218.0,Rain,light rain
rourkela,2026-08-07 08:05:06.963984,2,245.09,0.4,4.3,27.38,3.27,10.81,11.83,1.03,30.51,36.31,70.0,999.0,5.09,235.0,Rain,light rain
rourkela,2026-08-07 09:48:51.743404,2,255.59,0.23,4.59,28.6,2.75,12.07,13.2,1.37,29.82,35.32,73.0,998.0,5.67,239.0,Clouds,overcast clouds
rourkela,2026-08-07 10:41:10.798069,2,259.76,0.14,5.13,27.3,2.7,12.63,13.9,1.5,29.12,34.2,76.0,998.0,5.07,239.0,Rain,moderate rain
rourkela,2026-08-07 11:37:05.274110,2,262.0,0.07,5.9,26.38,2.91,12.88,14.26,1.58,28.27,32.78,80.0,998.0,4.76,235.0,Rain,light rain
rourkela,2026-08-07 12:37:13.017226,2,266.61,0.01,6.62,24.74,3.38,13.25,14.94,1.77,27.15,30.39,83.0,999.0,3.72,219.0,Clouds,scattered clouds
rourkela,2026-08-07 14:04:22.314059,2,278.6,0.0,8.03,25.58,4.54,19.71,20.83,0.93,26.48,26.48,85.0,1000.0,3.43,215.0,Rain,light rain
rourkela,2026-08-07 15:42:42.919060,2,280.05,0.0,7.51,24.27,4.63,19.83,21.03,0.96,25.08,26.07,93.0,1001.0,1.83,206.0,Rain,moderate rain
rourkela,2026-08-07 16:40:04.620170,2,283.39,0.0,7.18,22.7,4.57,19.45,20.62,1.05,24.72,25.73,95.0,1001.0,1.47,187.0,Clouds,broken clouds
rourkela,2026-08-07 17:39:14.557288,2,285.72,0.0,6.9,21.27,4.49,18.96,19.99,1.15,24.56,25.58,96.0,1001.0,1.27,162.0,Rain,light rain
rourkela,2026-08-07 18:37:40.213639,2,282.93,0.0,6.53,20.27,4.22,18.14,18.94,1.19,24.45,25.46,96.0,1001.0,1.24,164.0,Rain,light rain
rourkela,2026-08-07 19:42:49.411176,2,277.87,0.0,6.12,19.54,3.71,17.08,17.7,1.12,24.47,25.48,96.0,1001.0,1.24,177.0,Clouds,overcast clouds
rourkela,2026-08-07 20:27:49.187831,2,277.87,0.0,6.12,19.54,3.71,17.08,17.7,1.12,24.47,25.48,96.0,1001.0,1.24,177.0,Rain,light rain
rourkela,2026-08-07 21:27:36.058296,2,272.7,0.0,5.82,18.87,3.17,15.94,16.45,1.02,24.29,25.31,97.0,1000.0,1.12,175.0,Rain,light rain
rourkela,2026-08-07 22:23:52.910010,2,269.88,0.0,5.68,18.04,2.7,15.13,15.57,0.97,24.42,25.45,97.0,1000.0,1.1,175.0,Rain,light rain
rourkela,2026-08-07 23:23:51.218105,2,269.54,0.0,5.5,16.95,2.35,14.56,14.97,1.01,24.45,25.46,96.0,1001.0,0.92,176.0,Rain,moderate rain
rourkela,2026-08-08 00:45:32.755189,2,269.87,0.01,5.28,14.66,2.09,13.69,14.13,1.06,25.66,26.66,91.0,1001.0,1.46,90.0,Rain,heavy intensity rain
rourkela,2026-08-08 02:48:54.263349,2,275.11,0.12,5.51,12.47,2.17,13.24,13.93,1.0,27.97,32.02,80.0,1002.0,0.91,169.0,Clouds,overcast clouds
rourkela,2026-08-08 04:02:55.925255,2,273.53,0.43,5.48,13.21,2.16,13.02,13.71,0.93,29.31,34.26,74.0,1002.0,2.03,189.0,Clouds,overcast clouds
rourkela,2026-08-08 05:34:23.318698,2,271.32,0.95,5.67,16.05,2.56,13.27,13.96,0.88,29.92,35.57,73.0,1001.0,2.69,177.0,Rain,light rain
rourkela,2026-08-08 06:32:13.681520,2,276.19,1.13,6.21,18.56,3.11,13.96,14.64,0.82,29.53,34.81,74.0,1000.0,1.02,206.0,Rain,light rain
rourkela,2026-08-08 07:39:55.686958,2,279.0,1.15,6.18,20.54,3.14,14.79,15.51,0.91,29.34,34.55,75.0,1000.0,0.92,227.0,Rain,light rain
rourkela,2026-08-08 08:26:29.716779,2,279.0,1.15,6.18,20.54,3.14,14.79,15.51,0.91,29.34,34.55,75.0,1000.0,0.92,227.0,Rain,light rain
rourkela,2026-08-08 09:26:07.286017,2,279.78,1.03,5.82,22.81,2.98,16.21,16.97,1.06,29.15,34.28,76.0,999.0,0.67,194.0,Rain,light rain
rourkela,2026-08-08 10:19:43.113390,2,280.95,0.8,5.58,26.64,2.91,18.8,19.56,1.14,28.98,34.26,78.0,999.0,0.61,142.0,Clouds,overcast clouds
rourkela,2026-08-08 11:19:18.486734,2,277.36,0.47,5.5,31.33,2.77,21.26,21.99,1.1,28.3,33.39,83.0,999.0,0.98,143.0,Clouds,overcast clouds
rourkela,2026-08-08 12:22:48.474619,2,269.49,0.19,5.45,35.34,2.57,21.7,22.38,1.01,27.53,31.74,86.0,999.0,0.21,284.0,Rain,moderate rain
rourkela,2026-08-08 13:37:00.881146,2,295.96,0.02,6.08,21.82,2.75,18.01,18.87,1.07,26.45,26.45,89.0,1001.0,0.28,226.0,Rain,moderate rain
rourkela,2026-08-08 14:22:08.136977,2,295.96,0.02,6.08,21.82,2.75,18.01,18.87,1.07,26.45,26.45,89.0,1001.0,0.28,226.0,Rain,moderate rain
rourkela,2026-08-08 15:18:12.658853,2,290.61,0.01,5.56,22.18,2.33,17.28,18.14,1.05,26.27,26.27,89.0,1002.0,0.26,180.0,Rain,moderate rain
rourkela,2026-08-08 16:18:51.574794,2,286.02,0.01,5.23,21.96,2.07,16.57,17.4,1.02,26.22,26.22,89.0,1003.0,0.51,168.0,Rain,light rain
rourkela,2026-08-08 17:19:44.956365,2,287.35,0.01,5.16,20.65,2.05,16.14,16.95,1.05,26.13,26.13,90.0,1003.0,0.78,168.0,Rain,light rain
rourkela,2026-08-08 18:20:59.705605,2,290.04,0.01,5.32,18.86,2.13,15.72,16.43,1.04,25.9,26.9,90.0,1003.0,1.56,149.0,Rain,light rain
rourkela,2026-08-08 19:20:43.765788,2,292.37,0.01,5.5,17.03,2.13,15.23,15.79,1.0,25.68,26.71,92.0,1002.0,1.43,150.0,Rain,light rain
rourkela,2026-08-08 20:15:56.683659,2,294.1,0.0,5.54,15.55,1.99,14.86,15.33,0.98,25.54,26.55,92.0,1002.0,1.22,144.0,Rain,light rain
rourkela,2026-08-08 21:19:03.550144,2,294.46,0.0,5.52,14.7,1.83,14.52,14.92,0.96,25.35,26.37,93.0,1001.0,1.45,138.0,Clouds,overcast clouds
rourkela,2026-08-08 22:16:14.271318,2,294.64,0.01,5.49,14.22,1.53,14.34,14.71,0.99,25.08,26.1,94.0,1001.0,1.64,124.0,Rain,light rain
rourkela,2026-08-08 23:17:13.745822,2,292.8,0.01,5.43,13.45,1.32,14.23,14.62,1.06,24.83,25.85,95.0,1002.0,1.84,128.0,Rain,light rain
rourkela,2026-08-09 00:49:16.007193,2,282.41,0.02,5.2,12.87,1.32,13.78,14.27,1.15,25.77,26.78,91.0,1002.0,1.42,121.0,Clouds,overcast clouds
rourkela,2026-08-09 02:56:07.490890,2,274.12,0.26,5.25,13.05,1.79,13.59,14.38,1.09,28.32,32.74,79.0,1003.0,2.01,145.0,Rain,light rain
rourkela,2026-08-09 04:10:01.857138,2,266.32,0.5,5.4,15.09,2.2,13.68,14.48,0.96,29.26,34.35,75.0,1003.0,2.64,136.0,Rain,light rain
rourkela,2026-08-09 05:40:06.367115,2,249.99,0.46,6.02,19.09,3.37,14.14,14.92,0.9,31.37,37.36,66.0,1002.0,2.43,166.0,Rain,light rain
rourkela,2026-08-09 06:36:06.142303,2,240.67,0.64,5.6,23.69,3.42,13.44,14.11,0.79,31.84,38.25,65.0,1001.0,3.49,175.0,Rain,light rain
rourkela,2026-08-09 07:43:59.701328,2,228.72,0.54,4.93,28.15,2.98,12.14,12.69,0.71,31.28,37.73,68.0,1000.0,3.69,185.0,Rain,moderate rain
rourkela,2026-08-09 08:29:00.700238,2,228.72,0.54,4.93,28.15,2.98,12.14,12.69,0.71,31.28,37.73,68.0,1000.0,3.69,185.0,Clouds,broken clouds
rourkela,2026-08-09 09:28:04.162183,2,220.29,0.46,4.41,31.6,2.81,11.52,12.0,0.68,31.29,38.07,69.0,1000.0,3.02,172.0,Rain,moderate rain
rourkela,2026-08-09 10:21:19.858542,2,219.7,0.36,4.06,32.29,2.54,12.0,12.52,0.87,30.96,37.49,70.0,999.0,2.82,160.0,Rain,moderate rain
rourkela,2026-08-09 11:19:58.044311,2,223.52,0.27,3.91,29.91,2.17,13.35,14.0,1.16,30.33,36.66,73.0,999.0,2.61,170.0,Clouds,scattered clouds
rourkela,2026-08-09 12:25:11.498323,2,227.8,0.16,4.13,27.14,1.98,14.01,14.79,1.31,29.08,35.19,81.0,1000.0,1.97,128.0,Rain,light rain
rourkela,2026-08-09 13:40:32.425825,2,200.16,0.0,3.75,27.02,1.48,12.17,13.01,1.07,27.61,31.54,83.0,1001.0,1.18,100.0,Rain,light rain
rourkela,2026-08-09 14:23:27.211186,2,200.16,0.0,3.75,27.02,1.48,12.17,13.01,1.07,27.61,31.54,83.0,1001.0,1.18,100.0,Rain,light rain
rourkela,2026-08-09 15:20:00.126983,2,202.9,0.0,3.76,24.28,1.38,11.48,12.45,1.17,26.57,26.57,88.0,1002.0,1.32,143.0,Rain,moderate rain
rourkela,2026-08-09 16:20:35.461806,2,204.51,0.0,3.77,22.29,1.19,11.02,12.08,1.26,26.24,26.24,90.0,1002.0,1.72,175.0,Rain,moderate rain
rourkela,2026-08-09 17:20:51.101556,2,206.81,0.0,3.8,21.04,1.08,10.68,11.8,1.28,26.52,26.52,88.0,1002.0,1.58,190.0,Rain,moderate rain
rourkela,2026-08-09 18:22:51.770279,2,208.49,0.0,3.84,20.38,1.01,10.27,11.29,1.25,25.95,25.95,90.0,1003.0,1.68,205.0,Rain,light rain
rourkela,2026-08-09 19:24:45.122887,1,208.51,0.0,3.89,20.27,0.95,9.76,10.66,1.2,25.82,26.83,91.0,1002.0,1.77,218.0,Rain,light rain
rourkela,2026-08-09 20:18:48.551446,1,210.44,0.0,4.03,19.79,0.98,9.5,10.37,1.16,25.81,26.82,91.0,1002.0,1.66,227.0,Rain,light rain
rourkela,2026-08-09 21:20:34.673816,1,210.73,0.0,4.2,19.71,1.11,9.29,10.16,1.09,25.93,26.95,91.0,1002.0,1.75,233.0,Clouds,overcast clouds
rourkela,2026-08-09 22:18:12.714774,1,208.71,0.0,4.45,19.91,1.4,9.13,10.03,1.03,25.8,26.81,91.0,1001.0,1.41,219.0,Clouds,overcast clouds
rourkela,2026-08-09 23:19:08.241057,1,204.73,0.0,4.48,19.64,1.47,8.88,9.78,1.03,25.64,26.66,92.0,1002.0,1.41,203.0,Clouds,overcast clouds
rourkela,2026-08-10 00:51:51.117097,1,192.16,0.03,4.32,19.08,1.67,7.99,8.95,1.04,26.36,26.36,89.0,1003.0,1.07,207.0,Clouds,broken clouds
rourkela,2026-08-10 03:05:31.263147,1,180.38,0.58,3.94,21.6,2.45,7.5,8.6,1.0,28.6,33.27,78.0,1003.0,2.26,209.0,Clouds,broken clouds
rourkela,2026-08-10 05:14:38.803740,1,159.63,0.65,4.1,31.27,3.4,8.31,9.14,0.75,30.73,36.6,69.0,1003.0,2.09,227.0,Rain,light rain
rourkela,2026-08-10 07:06:21.214510,2,158.81,0.48,4.12,37.58,3.68,11.06,11.75,0.74,31.77,38.39,66.0,1001.0,3.31,223.0,Rain,moderate rain
rourkela,2026-08-10 09:05:39.678375,2,164.93,0.23,3.43,42.44,3.07,14.05,14.72,0.81,32.18,38.8,64.0,1000.0,2.96,230.0,Rain,moderate rain
rourkela,2026-08-10 10:56:14.104723,2,176.37,0.09,3.48,40.87,2.57,15.36,16.27,1.3,30.57,37.31,73.0,999.0,3.82,224.0,Rain,light rain
rourkela,2026-08-10 11:41:56.129698,2,183.98,0.05,3.93,38.56,2.44,15.33,16.43,1.64,28.56,33.73,81.0,1000.0,3.08,203.0,Rain,moderate rain
rourkela,2026-08-10 12:41:11.334166,2,195.54,0.01,4.51,34.4,2.67,15.2,16.65,1.98,27.4,31.13,84.0,1000.0,3.05,206.0,Rain,light rain
rourkela,2026-08-10 14:11:38.298503,2,191.83,0.0,3.98,38.03,3.01,15.22,16.48,1.18,26.67,29.65,88.0,1001.0,3.62,170.0,Rain,moderate rain
rourkela,2026-08-10 15:48:10.802605,2,210.38,0.0,4.13,30.58,2.52,14.82,16.73,1.65,25.92,26.97,92.0,1003.0,3.06,188.0,Rain,light rain
rourkela,2026-08-10 16:41:30.898691,2,214.98,0.0,4.08,28.04,2.05,14.71,16.84,1.69,25.89,26.91,91.0,1003.0,2.81,208.0,Rain,light rain
rourkela,2026-08-10 17:42:20.154204,2,213.55,0.0,3.95,26.42,1.71,14.27,16.34,1.6,25.75,26.76,91.0,1002.0,2.35,217.0,Clouds,overcast clouds
rourkela,2026-08-10 18:40:41.277222,2,207.11,0.0,3.69,25.53,1.45,13.52,15.33,1.49,25.62,26.64,92.0,1002.0,2.06,240.0,Clouds,overcast clouds
rourkela,2026-08-10 19:46:43.201028,2,204.12,0.0,3.43,24.26,1.25,12.84,14.52,1.47,25.61,26.63,92.0,1001.0,0.87,205.0,Clouds,overcast clouds
rourkela,2026-08-10 20:30:19.523323,2,203.17,0.0,3.27,22.97,1.13,12.21,13.81,1.49,25.31,26.32,93.0,1001.0,1.44,208.0,Clouds,overcast clouds
rourkela,2026-08-10 21:30:46.144637,2,204.86,0.0,3.21,21.83,1.38,11.65,13.08,1.47,25.11,26.13,94.0,1001.0,1.27,240.0,Clouds,broken clouds
rourkela,2026-08-10 22:25:15.441606,2,204.86,0.0,3.21,21.83,1.38,11.65,13.08,1.47,25.11,26.13,94.0,1001.0,1.27,240.0,Clouds,broken clouds
rourkela,2026-08-10 23:24:30.378272,2,208.33,0.0,3.21,20.8,1.64,11.28,12.57,1.36,24.88,25.9,95.0,1001.0,0.64,228.0,Clouds,broken clouds
rourkela,2026-08-11 00:51:26.811108,2,217.75,0.03,3.43,20.21,2.1,11.49,12.73,1.16,25.56,26.57,92.0,1002.0,0.82,208.0,Clouds,broken clouds
rourkela,2026-08-11 02:58:42.254377,2,235.39,0.55,3.68,21.78,2.89,13.6,15.22,1.14,28.25,32.73,80.0,1003.0,2.16,227.0,Clouds,scattered clouds
rourkela,2026-08-11 04:17:00.133597,2,213.36,0.57,3.92,32.46,3.84,14.46,15.72,0.64,29.61,35.25,75.0,1003.0,2.51,236.0,Clouds,broken clouds
rourkela,2026-08-11 05:45:38.729572,2,194.58,0.72,3.65,45.89,4.84,17.97,19.04,0.44,31.29,37.45,67.0,1002.0,3.41,258.0,Rain,moderate rain
rourkela,2026-08-11 06:44:36.276726,2,182.37,0.76,3.22,55.35,5.03,20.62,21.69,0.3,31.82,38.2,65.0,1001.0,2.74,238.0,Rain,moderate rain
rourkela,2026-08-11 08:01:49.899748,2,171.75,0.47,2.63,61.98,4.76,22.23,23.34,0.32,32.01,38.36,64.0,1000.0,2.9,235.0,Rain,moderate rain
rourkela,2026-08-11 09:48:42.518810,2,160.23,0.22,1.93,67.0,3.99,20.32,21.5,0.65,31.54,38.11,67.0,999.0,3.43,241.0,Rain,moderate rain
rourkela,2026-08-11 10:40:43.183424,2,161.78,0.18,2.23,62.94,3.69,18.84,20.2,1.04,30.01,36.33,75.0,999.0,3.24,231.0,Rain,moderate rain
rourkela,2026-08-11 11:35:54.251777,2,168.3,0.12,2.98,59.02,3.71,17.99,19.6,1.38,28.87,34.59,81.0,999.0,2.2,203.0,Clouds,overcast clouds
rourkela,2026-08-11 12:38:27.579863,2,184.96,0.02,3.91,49.7,3.17,18.08,20.26,2.15,28.22,33.0,82.0,1000.0,1.94,186.0,Rain,light rain
rourkela,2026-08-11 14:11:03.967540,2,257.55,0.0,6.91,33.68,4.66,24.74,28.49,5.72,27.59,31.63,84.0,1001.0,2.02,182.0,Rain,light rain
rourkela,2026-08-11 15:48:25.681297,3,296.0,0.01,6.86,24.53,3.81,27.09,32.33,5.57,27.27,30.69,83.0,1003.0,1.15,165.0,Clouds,overcast clouds
rourkela,2026-08-11 16:44:38.279544,3,307.26,0.01,6.5,20.9,3.43,27.54,32.85,4.64,26.92,29.84,83.0,1003.0,1.39,198.0,Rain,light rain
rourkela,2026-08-11 17:47:08.734298,3,311.18,0.01,6.1,18.37,2.95,28.06,32.91,3.47,26.56,26.56,84.0,1002.0,1.23,210.0,Rain,light rain
rourkela,2026-08-11 18:44:23.216277,3,305.92,0.01,5.57,16.79,2.54,28.01,31.87,2.56,26.16,26.16,88.0,1002.0,0.51,215.0,Rain,moderate rain
rourkela,2026-08-11 19:53:19.980635,3,301.59,0.01,5.02,15.45,2.16,27.55,30.67,2.28,25.51,26.47,90.0,1002.0,0.13,293.0,Rain,moderate rain
rourkela,2026-08-11 20:32:53.746530,3,289.4,0.01,4.5,16.43,1.94,26.05,28.45,2.23,25.61,26.58,90.0,1001.0,0.58,231.0,Rain,light rain
rourkela,2026-08-11 21:34:26.608295,2,262.77,0.01,3.94,21.77,2.03,23.14,24.83,2.25,25.65,26.59,89.0,1001.0,0.61,228.0,Clouds,overcast clouds
rourkela,2026-08-11 22:30:38.482394,2,253.34,0.01,3.72,21.65,2.06,21.01,22.46,2.13,25.61,26.55,89.0,1002.0,0.66,192.0,Rain,light rain
rourkela,2026-08-11 23:28:44.478026,2,253.34,0.01,3.72,21.65,2.06,21.01,22.46,2.13,25.62,26.56,89.0,1002.0,0.66,192.0,Rain,light rain
rourkela,2026-08-12 00:57:43.566589,2,246.15,0.06,3.61,20.89,1.91,18.19,19.5,1.8,26.22,26.22,85.0,1003.0,0.67,166.0,Clouds,scattered clouds
rourkela,2026-08-12 03:20:19.049457,2,242.93,0.7,3.0,24.9,1.82,15.97,17.74,1.56,28.98,33.45,74.0,1003.0,1.56,186.0,Clouds,scattered clouds
rourkela,2026-08-12 05:23:16.731629,2,203.11,0.52,2.97,42.52,4.43,16.14,17.77,0.96,31.62,37.68,65.0,1003.0,2.5,243.0,Rain,light rain
rourkela,2026-08-12 07:05:12.363097,2,180.71,0.19,2.03,59.8,4.26,17.72,18.96,0.75,32.29,38.08,61.0,1001.0,2.49,229.0,Rain,moderate rain
rourkela,2026-08-12 08:59:29.518999,2,166.39,0.09,1.91,59.13,2.95,13.62,14.58,1.06,32.23,38.93,64.0,1000.0,2.79,229.0,Rain,light rain
rourkela,2026-08-12 10:02:40.086006,2,167.92,0.07,2.35,54.21,3.09,12.47,13.44,1.39,32.45,39.16,63.0,1000.0,3.02,230.0,Rain,light rain
rourkela,2026-08-12 11:38:07.387029,2,182.3,0.03,3.82,41.95,3.17,11.62,12.85,1.82,29.93,36.63,77.0,1001.0,2.39,205.0,Rain,light rain
rourkela,2026-08-12 12:41:15.144713,2,187.83,0.01,4.29,38.41,2.98,11.2,12.59,1.75,28.65,33.98,81.0,1001.0,2.34,209.0,Clouds,overcast clouds
rourkela,2026-08-12 14:12:06.542226,1,186.69,0.0,4.49,33.06,2.92,9.86,11.45,1.47,27.92,32.05,81.0,1003.0,1.77,205.0,Clouds,overcast clouds
rourkela,2026-08-12 15:48:07.787378,1,200.35,0.0,4.49,28.73,2.3,9.58,11.33,1.42,27.46,31.16,83.0,1004.0,1.48,210.0,Clouds,overcast clouds
rourkela,2026-08-12 16:44:45.162543,1,202.81,0.0,4.37,27.9,1.96,9.35,10.95,1.29,27.24,30.84,85.0,1004.0,1.64,214.0,Clouds,overcast clouds
rourkela,2026-08-12 17:48:49.478815,1,200.32,0.0,4.15,28.15,1.63,8.91,10.2,1.13,26.87,30.08,87.0,1004.0,1.54,223.0,Clouds,overcast clouds
rourkela,2026-08-12 18:45:14.563458,1,194.53,0.0,3.82,28.8,1.75,8.14,9.02,0.95,26.74,29.58,85.0,1004.0,1.48,220.0,Clouds,overcast clouds
rourkela,2026-08-12 19:55:09.380863,1,193.3,0.0,3.62,28.13,1.76,7.42,8.06,0.86,26.35,26.35,88.0,1003.0,1.21,215.0,Rain,light rain
rourkela,2026-08-12 20:31:29.780577,1,193.72,0.0,3.5,27.0,1.64,6.72,7.2,0.82,26.38,26.38,88.0,1002.0,1.9,228.0,Rain,light rain
rourkela,2026-08-12 21:33:42.247954,1,194.92,0.0,3.5,25.72,1.55,6.21,6.61,0.79,26.21,26.21,89.0,1002.0,1.83,222.0,Rain,very heavy rain
rourkela,2026-08-12 22:28:38.686303,1,194.92,0.0,3.5,25.72,1.55,6.21,6.61,0.79,26.22,26.22,89.0,1002.0,1.83,222.0,Rain,very heavy rain
rourkela,2026-08-12 23:29:25.143737,1,199.18,0.0,3.51,23.66,1.5,6.0,6.35,0.79,26.32,26.32,87.0,1003.0,2.12,217.0,Rain,very heavy rain
rourkela,2026-08-13 00:58:52.536345,1,211.39,0.01,3.72,19.06,1.47,6.32,6.72,0.8,26.14,26.14,90.0,1004.0,2.67,207.0,Rain,very heavy rain
rourkela,2026-08-13 03:25:11.806553,1,229.11,0.14,4.78,14.21,1.96,7.74,8.54,0.88,26.15,26.15,93.0,1004.0,1.71,187.0,Rain,very heavy rain
rourkela,2026-08-13 05:27:06.664093,1,230.1,0.51,6.26,13.06,3.3,9.99,10.87,0.73,25.63,26.73,95.0,1004.0,2.36,233.0,Rain,light rain
rourkela,2026-08-13 07:09:07.874680,2,230.18,0.98,6.81,15.12,3.91,13.08,13.87,0.69,26.9,30.65,92.0,1002.0,3.18,246.0,Rain,moderate rain
rourkela,2026-08-13 09:00:43.107637,2,233.81,1.26,6.7,20.3,3.62,16.85,17.6,0.81,27.6,31.93,86.0,1001.0,4.03,259.0,Clouds,overcast clouds
rourkela,2026-08-13 10:09:06.230261,2,237.31,1.15,6.97,23.06,3.48,17.37,18.11,0.84,28.26,33.46,84.0,1001.0,3.91,249.0,Rain,very heavy rain
rourkela,2026-08-13 11:38:06.946069,2,241.9,0.37,8.61,22.68,3.72,16.04,16.88,0.96,27.55,31.93,87.0,1001.0,2.82,224.0,Rain,light rain
rourkela,2026-08-13 12:42:00.878172,2,246.52,0.12,9.53,21.39,3.86,15.17,16.17,1.06,26.72,29.95,90.0,1001.0,2.61,211.0,Rain,light rain
rourkela,2026-08-13 14:13:50.746016,2,254.89,0.02,9.85,19.61,3.89,14.82,16.12,1.2,26.6,26.6,91.0,1001.0,2.44,202.0,Clouds,overcast clouds
rourkela,2026-08-13 15:47:17.464816,2,264.54,0.01,11.46,17.23,5.18,12.15,13.47,0.9,25.93,27.03,94.0,1003.0,0.39,195.0,Clouds,overcast clouds
rourkela,2026-08-13 16:43:43.862669,2,267.53,0.01,11.64,16.71,5.48,13.01,14.24,0.83,26.26,26.26,91.0,1003.0,1.67,253.0,Rain,light rain
rourkela,2026-08-13 17:48:09.656129,2,267.45,0.01,11.74,16.7,5.63,13.87,14.85,0.73,25.24,26.3,95.0,1002.0,1.88,247.0,Rain,moderate rain
rourkela,2026-08-13 18:45:23.164079,2,262.18,0.0,11.46,17.4,6.26,14.01,14.65,0.6,25.2,26.23,94.0,1002.0,3.92,247.0,Rain,heavy intensity rain
rourkela,2026-08-13 19:50:23.193469,2,256.83,0.0,10.82,18.12,6.35,13.61,14.08,0.53,24.87,25.87,94.0,1001.0,4.03,255.0,Rain,heavy intensity rain
rourkela,2026-08-13 20:28:58.595271,2,256.83,0.0,10.82,18.12,6.35,13.61,14.08,0.53,24.88,25.88,94.0,1001.0,4.03,255.0,Rain,moderate rain
rourkela,2026-08-13 21:33:44.193018,2,244.69,0.0,9.82,19.14,5.24,12.73,13.09,0.48,24.63,25.63,95.0,1000.0,4.31,261.0,Clouds,overcast clouds
rourkela,2026-08-13 22:29:33.191652,2,244.69,0.0,9.82,19.14,5.24,12.73,13.09,0.48,24.57,25.56,95.0,1000.0,4.31,261.0,Rain,light rain
rourkela,2026-08-13 23:30:08.126256,2,240.36,0.0,8.95,19.05,4.43,12.9,13.26,0.49,24.42,25.42,96.0,1001.0,4.3,254.0,Rain,light rain
rourkela,2026-08-14 00:58:14.634977,2,239.89,0.01,8.67,18.89,4.2,13.04,13.45,0.49,24.85,25.9,96.0,1002.0,3.2,251.0,Rain,light rain
rourkela,2026-08-14 03:22:18.513257,2,239.25,0.27,8.32,19.77,4.4,13.01,13.61,0.49,25.63,26.7,94.0,1002.0,2.95,255.0,Rain,light rain
rourkela,2026-08-14 05:23:19.720122,2,233.39,0.37,8.29,21.69,5.07,13.29,13.9,0.46,27.98,32.68,84.0,1002.0,3.08,230.0,Rain,light rain
rourkela,2026-08-14 07:05:39.476739,2,236.87,0.47,8.64,22.29,5.41,14.11,14.7,0.49,27.29,31.58,90.0,1000.0,1.77,237.0,Rain,heavy intensity rain
rourkela,2026-08-14 08:56:38.040331,2,242.84,0.53,8.57,23.77,5.37,14.39,14.94,0.52,27.42,32.1,91.0,999.0,1.74,251.0,Clouds,overcast clouds
rourkela,2026-08-14 09:52:32.420094,2,248.66,0.56,8.67,24.6,5.12,14.85,15.41,0.54,28.03,33.15,86.0,998.0,2.99,242.0,Rain,moderate rain
rourkela,2026-08-14 10:47:14.271334,2,252.88,0.35,8.85,25.23,4.72,15.44,16.05,0.58,28.33,33.84,85.0,999.0,3.78,234.0,Rain,moderate rain
rourkela,2026-08-14 11:35:50.964087,2,255.31,0.15,8.94,26.79,4.24,15.54,16.17,0.59,27.77,32.71,88.0,999.0,3.36,233.0,Rain,moderate rain
rourkela,2026-08-14 12:37:44.289802,2,256.31,0.02,9.03,28.06,3.99,14.87,15.51,0.59,26.69,29.87,90.0,1000.0,2.6,228.0,Rain,light rain
rourkela,2026-08-14 14:07:40.177686,2,261.54,0.0,7.75,30.2,4.14,13.66,14.41,0.7,26.08,26.08,94.0,1001.0,2.4,209.0,Rain,light rain
rourkela,2026-08-14 15:40:57.372974,2,258.12,0.0,7.16,28.58,3.99,13.33,14.07,0.67,25.69,26.74,93.0,1002.0,2.9,217.0,Rain,light rain
rourkela,2026-08-14 16:39:17.043707,2,256.17,0.0,6.89,27.5,3.89,12.49,13.24,0.7,25.52,26.58,94.0,1002.0,2.8,223.0,Clouds,overcast clouds
rourkela,2026-08-14 17:43:30.343101,2,253.76,0.0,6.75,26.15,3.93,11.92,12.63,0.71,25.3,26.34,94.0,1001.0,2.55,218.0,Rain,light rain
rourkela,2026-08-14 18:39:15.217072,2,249.31,0.0,6.65,24.55,4.04,11.5,12.12,0.71,25.07,26.11,95.0,1001.0,1.74,207.0,Rain,light rain
rourkela,2026-08-14 19:41:09.339796,2,244.31,0.0,6.47,22.81,3.86,11.13,11.69,0.71,24.92,25.95,95.0,1001.0,1.66,204.0,Rain,light rain
rourkela,2026-08-14 20:20:26.860023,2,244.31,0.0,6.47,22.81,3.86,11.13,11.69,0.71,24.94,25.97,95.0,1001.0,1.66,204.0,Rain,light rain
rourkela,2026-08-14 21:14:40.166778,2,238.17,0.0,6.32,21.07,3.56,10.7,11.2,0.71,25.02,26.06,95.0,1000.0,1.32,206.0,Rain,light rain
rourkela,2026-08-14 22:11:17.043949,2,231.99,0.0,6.29,19.43,3.26,10.38,10.82,0.68,24.92,25.95,95.0,1000.0,1.18,189.0,Rain,light rain
rourkela,2026-08-14 23:11:24.100365,2,226.12,0.0,6.45,17.73,3.04,10.23,10.61,0.63,24.93,25.96,95.0,1001.0,0.91,176.0,Rain,light rain
rourkela,2026-08-15 00:34:22.907108,1,217.06,0.02,7.5,14.14,3.0,9.77,10.08,0.52,24.82,25.86,96.0,1002.0,1.24,197.0,Rain,light rain
sundargarh,2026-05-21 19:17:07.583127,4,399.35,0.0,8.62,83.24,5.8,58.02,80.02,15.15,,,,,,,,
sundargarh,2026-05-21 20:03:41.192519,4,487.75,0.0,11.32,69.54,6.52,62.8,86.11,18.62,,,,,,,,
sundargarh,2026-05-21 20:38:24.109970,4,487.75,0.0,11.32,69.54,6.52,62.8,86.11,18.62,,,,,,,,
sundargarh,2026-05-24 09:50:36.289263,4,155.92,0.1,1.0,139.11,7.41,45.91,105.21,5.81,,,,,,,,
sundargarh,2026-05-24 11:06:56.926888,4,173.91,0.11,1.63,135.17,7.39,47.61,106.16,7.12,,,,,,,,
sundargarh,2026-05-24 12:57:05.996356,4,244.41,0.02,4.84,110.46,7.58,51.24,103.94,10.83,,,,,,,,
sundargarh,2026-05-24 14:21:54.820194,4,326.74,0.0,6.81,94.06,8.42,55.72,105.07,13.53,,,,,,,,
sundargarh,2026-05-24 14:50:54.439925,4,149.65,0.08,0.73,139.63,7.92,45.59,103.6,5.2,,,,,,,,
sundargarh,2026-05-24 15:54:20.555040,4,443.8,0.0,10.57,65.91,7.68,61.02,103.83,17.37,,,,,,,,
sundargarh,2026-05-24 16:50:56.082420,4,487.18,0.0,11.81,56.4,7.01,63.06,104.69,18.83,,,,,,,,
sundargarh,2026-05-24 17:51:18.349154,4,514.67,0.0,12.59,49.53,6.19,63.97,104.57,20.79,,,,,,,,
sundargarh,2026-05-24 18:59:28.189889,4,520.99,0.0,12.73,46.95,5.45,63.2,102.19,23.76,,,,,,,,
sundargarh,2026-05-24 20:05:39.951540,4,522.15,0.0,12.57,46.3,4.9,62.32,99.79,25.96,,,,,,,,
sundargarh,2026-05-24 21:44:55.691509,4,518.29,0.0,11.95,42.68,3.74,59.7,92.28,26.38,,,,,,,,
sundargarh,2026-05-24 22:46:02.872460,4,509.07,0.0,11.21,40.91,3.1,59.01,88.49,23.03,,,,,,,,
sundargarh,2026-05-24 23:50:53.119046,4,484.51,0.0,9.98,41.97,2.67,58.95,85.05,19.74,,,,,,,,
sundargarh,2026-05-25 02:11:18.170435,4,433.42,0.68,6.48,51.33,2.55,62.17,83.48,14.52,,,,,,,,
sundargarh,2026-05-25 07:01:24.707972,4,217.69,0.1,0.88,145.55,5.31,57.58,104.97,6.24,,,,,,,,
sundargarh,2026-05-25 11:42:07.124645,3,249.63,0.12,3.78,120.46,3.48,43.95,90.94,9.92,,,,,,,,
sundargarh,2026-05-25 14:31:13.987361,3,293.15,0.0,6.14,91.45,4.43,44.0,80.44,12.45,,,,,,,,
sundargarh,2026-05-25 16:58:17.018894,3,298.28,0.0,5.38,82.85,4.3,46.2,72.74,11.93,,,,,,,,
sundargarh,2026-05-25 18:24:11.925999,3,300.24,0.0,5.16,80.96,3.97,47.92,71.44,11.74,,,,,,,,
sundargarh,2026-05-25 20:18:31.787618,3,270.83,0.0,4.02,84.89,3.0,48.06,71.74,10.01,31.29,29.55,24.0,1002.0,0.75,203.0,Clouds,few clouds
sundargarh,2026-05-25 22:01:06.643279,4,279.66,0.0,3.88,84.68,2.62,50.99,74.66,10.31,29.04,28.24,35.0,1002.0,2.08,141.0,Clouds,few clouds
sundargarh,2026-05-25 23:55:29.288607,4,311.58,0.0,3.86,84.66,2.65,60.12,83.11,10.51,27.25,28.17,57.0,1003.0,2.1,147.0,Clouds,scattered clouds
sundargarh,2026-05-26 00:46:43.783104,3,276.63,0.0,4.24,83.94,3.37,47.87,71.25,10.27,31.79,29.96,23.0,1002.0,1.27,259.0,Clouds,scattered clouds
sundargarh,2026-05-26 02:01:43.633630,4,347.9,0.21,3.84,83.46,3.37,71.91,94.59,9.1,34.61,33.41,26.0,1004.0,2.89,194.0,Clear,clear sky
sundargarh,2026-05-26 06:36:52.057122,4,199.44,0.1,0.86,132.44,4.2,52.35,94.24,5.96,38.94,35.84,9.0,1001.0,4.12,202.0,Clear,clear sky
sundargarh,2026-05-26 10:40:28.336716,3,236.73,0.25,3.74,113.01,4.92,44.95,86.44,10.23,41.94,38.03,6.0,997.0,6.22,301.0,Clouds,scattered clouds
sundargarh,2026-05-26 13:46:27.565930,4,386.48,0.0,8.78,89.61,7.8,56.13,89.47,14.44,36.94,34.16,11.0,1000.0,2.62,273.0,Clear,clear sky
sundargarh,2026-05-26 17:19:55.524744,4,548.26,0.0,13.2,58.1,7.56,60.61,92.52,19.06,32.94,30.63,15.0,1002.0,2.47,64.0,Clear,clear sky
sundargarh,2026-05-26 19:54:24.333068,3,382.08,0.0,6.86,74.53,5.01,49.08,78.1,14.27,30.07,28.89,31.0,1003.0,0.73,85.0,Clear,clear sky
sundargarh,2026-05-26 21:27:41.323407,3,383.1,0.0,6.72,70.83,4.24,48.03,74.45,14.61,29.08,28.2,34.0,1003.0,1.51,91.0,Clear,clear sky
sundargarh,2026-05-26 23:00:15.809800,3,400.92,0.0,6.98,64.6,3.6,47.47,69.75,15.29,27.15,26.92,39.0,1004.0,1.15,87.0,Clear,clear sky
sundargarh,2026-05-27 00:07:16.743239,3,416.92,0.0,7.39,60.58,3.52,47.81,68.47,15.78,27.05,26.9,40.0,1005.0,1.57,93.0,Clear,clear sky
sundargarh,2026-05-27 05:08:43.095092,4,301.63,0.27,2.19,128.42,5.64,54.93,74.91,11.3,36.94,34.83,17.0,1004.0,4.08,204.0,Clouds,scattered clouds
sundargarh,2026-05-27 08:59:22.158154,3,157.05,0.08,0.76,136.71,5.77,35.81,70.54,4.97,39.94,37.29,12.0,1000.0,3.82,214.0,Clouds,broken clouds
sundargarh,2026-05-27 12:20:45.286189,3,305.17,0.19,6.75,104.51,5.78,44.57,78.08,12.66,35.94,33.17,10.0,998.0,5.04,269.0,Clouds,scattered clouds
sundargarh,2026-05-27 16:32:30.339944,3,345.26,0.0,7.55,87.57,8.21,48.05,70.03,14.86,29.29,30.31,52.0,1003.0,4.55,169.0,Clouds,scattered clouds
sundargarh,2026-05-27 19:13:24.086910,3,382.85,0.0,8.58,71.86,5.7,45.41,66.5,17.33,28.17,28.94,53.0,1003.0,3.8,147.0,Clear,clear sky
sundargarh,2026-05-27 21:44:59.547462,3,399.06,0.0,8.87,55.13,3.41,40.42,58.88,17.56,27.45,28.25,55.0,1004.0,2.53,40.0,Clouds,scattered clouds
sundargarh,2026-05-27 23:08:44.416034,3,399.68,0.0,8.85,51.84,3.09,38.96,56.44,17.21,28.66,29.23,50.0,1004.0,1.43,72.0,Clouds,broken clouds
sundargarh,2026-05-28 01:53:25.326918,3,398.38,0.92,7.4,51.68,2.93,35.68,51.06,16.08,32.86,33.16,38.0,1005.0,2.98,139.0,Clear,clear sky
sundargarh,2026-05-28 06:01:28.578007,4,264.53,0.19,1.61,142.24,9.55,58.5,77.15,10.45,35.94,33.28,12.0,1003.0,1.58,296.0,Clear,clear sky
sundargarh,2026-05-28 10:44:09.715348,4,202.08,0.11,2.09,145.11,7.99,46.03,80.62,8.1,39.94,36.49,7.0,997.0,3.94,276.0,Clouds,few clouds
sundargarh,2026-05-28 14:27:53.876923,3,353.79,0.0,8.32,94.5,5.93,43.43,71.81,14.97,34.94,32.28,10.0,1000.0,1.56,318.0,Clouds,scattered clouds
sundargarh,2026-05-28 17:55:49.800628,3,314.41,0.0,6.25,86.53,4.86,35.51,55.68,13.27,31.83,32.04,40.0,1002.0,2.57,92.0,Clouds,scattered clouds
sundargarh,2026-05-28 20:04:10.871919,3,243.14,0.0,3.9,89.28,3.46,25.78,41.46,10.72,28.41,28.45,45.0,1003.0,1.8,92.0,Clear,clear sky
sundargarh,2026-05-28 22:25:54.208169,3,268.55,0.0,4.27,81.87,3.01,25.29,39.03,12.0,27.19,27.8,53.0,1004.0,2.01,80.0,Clear,clear sky
sundargarh,2026-05-29 00:01:32.742665,3,288.91,0.0,4.81,72.59,2.6,25.46,37.8,13.16,26.73,28.0,64.0,1004.0,2.83,121.0,Clear,clear sky
sundargarh,2026-05-29 05:04:11.015045,3,242.8,0.21,1.66,121.62,4.29,37.37,53.38,10.12,32.94,33.28,38.0,1005.0,3.02,195.0,Clouds,broken clouds
sundargarh,2026-05-29 09:32:22.345713,4,186.22,0.09,0.96,151.95,8.58,45.84,70.5,5.69,39.94,38.18,16.0,999.0,2.5,290.0,Clouds,few clouds
sundargarh,2026-05-29 12:39:59.742703,4,190.51,0.01,2.29,152.23,11.41,42.67,64.65,5.65,36.94,37.1,28.0,1002.0,6.31,285.0,Clouds,overcast clouds
sundargarh,2026-05-29 16:34:37.216959,3,299.38,0.0,4.31,91.21,4.36,37.18,45.41,8.73,31.94,37.54,62.0,1006.0,3.73,120.0,Clouds,overcast clouds
sundargarh,2026-05-29 19:26:36.836109,3,308.08,0.0,4.62,75.2,3.08,34.13,41.72,10.65,26.46,26.46,59.0,1006.0,1.71,84.0,Clouds,scattered clouds
sundargarh,2026-05-29 21:31:21.669251,3,304.23,0.0,3.62,65.85,1.81,34.28,40.15,9.5,25.42,25.71,65.0,1005.0,2.38,26.0,Clouds,few clouds
sundargarh,2026-05-29 23:02:24.361091,3,309.84,0.0,3.58,63.76,1.49,35.26,40.77,8.29,25.04,25.32,66.0,1006.0,2.39,37.0,Clouds,few clouds
sundargarh,2026-05-30 01:56:54.979047,3,326.14,0.34,3.61,59.15,1.21,36.5,42.03,7.2,30.3,31.33,49.0,1007.0,2.8,77.0,Clouds,few clouds
sundargarh,2026-05-30 05:43:07.211513,3,218.9,0.12,0.87,115.93,1.65,32.45,39.43,5.59,32.94,32.72,35.0,1005.0,3.11,170.0,Clouds,few clouds
sundargarh,2026-05-30 08:14:59.667261,3,187.17,0.09,0.7,124.4,3.41,33.15,47.77,5.01,34.94,36.25,37.0,1004.0,1.16,239.0,Clouds,broken clouds
sundargarh,2026-05-30 10:43:41.587915,3,197.66,0.07,0.97,125.13,2.97,35.48,50.17,5.06,34.94,34.19,28.0,1000.0,1.54,203.0,Clouds,scattered clouds
sundargarh,2026-05-30 12:01:14.858656,3,205.75,0.04,1.27,125.17,2.95,36.88,50.68,5.05,33.94,34.84,38.0,1002.0,6.28,342.0,Clouds,scattered clouds
sundargarh,2026-05-30 14:23:49.315485,3,348.12,0.0,7.41,87.1,3.74,45.49,58.77,13.1,29.94,31.28,52.0,1003.0,6.98,86.0,Clouds,scattered clouds
sundargarh,2026-05-30 15:58:30.560114,3,325.71,0.0,5.38,99.27,4.71,47.88,59.29,10.75,28.07,30.67,69.0,1007.0,4.36,99.0,Rain,heavy intensity rain
sundargarh,2026-05-30 16:59:59.195902,3,326.55,0.0,4.89,98.01,4.89,47.88,58.03,10.39,27.5,29.84,71.0,1007.0,3.59,110.0,Rain,light rain
sundargarh,2026-05-30 18:02:58.000950,3,321.28,0.0,4.36,94.77,4.9,47.46,56.28,9.63,27.54,29.59,68.0,1006.0,3.05,108.0,Clouds,broken clouds
sundargarh,2026-05-30 20:02:08.960840,3,300.98,0.0,3.23,84.83,4.44,49.0,56.5,7.74,26.66,26.66,67.0,1006.0,1.37,338.0,Clouds,broken clouds
sundargarh,2026-05-30 21:49:42.421771,4,310.08,0.0,2.91,74.78,2.92,55.24,63.35,6.51,25.82,26.34,72.0,1006.0,2.07,79.0,Clouds,scattered clouds
sundargarh,2026-05-30 22:45:46.320156,4,316.76,0.0,2.82,72.05,2.48,58.0,66.36,5.78,25.44,25.97,74.0,1006.0,1.79,63.0,Clouds,scattered clouds
sundargarh,2026-05-30 23:51:35.866993,4,321.41,0.0,2.69,70.63,2.13,59.19,67.57,5.09,25.4,25.93,74.0,1007.0,1.74,50.0,Clouds,scattered clouds
sundargarh,2026-05-31 02:11:46.883187,4,318.97,0.12,2.46,71.86,1.69,54.48,62.47,4.79,29.02,30.48,56.0,1008.0,1.81,93.0,Clouds,broken clouds
sundargarh,2026-05-31 06:46:49.021679,3,230.5,0.09,0.69,113.57,1.89,48.24,59.05,4.76,33.94,33.76,33.0,1005.0,2.29,142.0,Clear,clear sky
sundargarh,2026-05-31 09:41:27.987871,3,179.57,0.06,0.68,112.68,1.12,33.04,41.72,4.48,35.94,34.43,22.0,1002.0,6.95,241.0,Clouds,scattered clouds
sundargarh,2026-05-31 11:26:20.159941,3,188.57,0.06,1.04,112.59,1.19,33.29,41.29,5.06,35.94,36.85,33.0,1002.0,7.19,224.0,Clouds,scattered clouds
sundargarh,2026-05-31 13:10:32.562177,4,215.13,0.0,2.24,144.09,9.68,53.46,61.93,2.99,33.94,32.32,24.0,1002.0,0.66,8.0,Clouds,overcast clouds
sundargarh,2026-05-31 15:10:49.638658,4,286.57,0.0,4.51,126.27,10.31,61.27,70.79,7.54,29.94,29.3,37.0,1004.0,3.11,105.0,Clouds,broken clouds
sundargarh,2026-05-31 16:55:13.117756,4,324.71,0.0,5.5,109.81,9.71,61.53,71.17,9.53,30.51,32.19,52.0,1006.0,3.67,128.0,Clouds,broken clouds
sundargarh,2026-05-31 17:53:40.335374,4,334.63,0.0,5.54,98.3,8.06,58.3,67.46,10.31,29.37,31.18,57.0,1006.0,3.29,157.0,Clouds,overcast clouds
sundargarh,2026-05-31 19:00:48.195422,4,346.57,0.0,5.7,83.66,5.84,54.24,62.54,11.6,28.66,30.47,60.0,1006.0,1.84,163.0,Clouds,overcast clouds
sundargarh,2026-05-31 20:13:24.133488,4,372.78,0.0,6.35,70.69,4.12,52.15,60.01,13.49,28.29,30.14,62.0,1006.0,2.11,138.0,Clouds,overcast clouds
sundargarh,2026-05-31 21:47:12.155258,4,430.54,0.0,7.74,53.27,2.56,51.67,59.54,14.59,27.6,29.37,65.0,1006.0,0.17,225.0,Clouds,broken clouds
sundargarh,2026-05-31 22:47:14.942582,4,452.75,0.0,8.14,48.29,2.21,52.11,60.04,13.52,27.63,29.42,65.0,1006.0,1.5,90.0,Clouds,broken clouds
sundargarh,2026-05-31 23:55:47.335539,4,466.79,0.0,8.34,44.51,1.92,52.17,60.1,12.02,27.55,29.29,65.0,1007.0,1.57,109.0,Clouds,broken clouds
sundargarh,2026-06-01 02:35:30.951996,4,519.44,1.68,6.98,52.05,2.14,53.16,62.55,30.3,28.94,30.22,55.0,1008.0,2.16,119.0,Clear,clear sky
sundargarh,2026-06-01 08:23:48.062256,3,188.28,0.1,0.79,131.5,5.37,43.01,51.25,7.26,39.03,46.03,58.0,1007.0,4.7,272.0,Rain,light rain
sundargarh,2026-06-01 14:48:56.075244,4,476.7,0.0,12.47,83.19,6.52,52.07,65.5,64.72,27.94,28.85,55.0,1006.0,1.68,208.0,Clouds,scattered clouds
sundargarh,2026-06-01 19:51:28.701350,4,753.03,0.0,19.23,37.29,4.69,63.3,77.69,77.54,30.44,31.06,46.0,1006.0,0.88,189.0,Clear,clear sky
sundargarh,2026-06-01 22:29:13.562283,4,716.48,0.0,17.5,32.59,3.36,60.8,72.55,63.52,29.84,30.52,48.0,1006.0,1.08,124.0,Clear,clear sky
sundargarh,2026-06-02 00:05:37.820491,4,671.6,0.0,15.77,29.84,2.45,57.22,67.1,55.79,29.44,30.53,52.0,1007.0,1.61,153.0,Clear,clear sky
sundargarh,2026-06-02 05:21:44.100393,3,208.3,0.13,1.04,119.89,2.71,32.71,40.65,11.49,33.94,36.4,44.0,1008.0,2.87,204.0,Clouds,few clouds
sundargarh,2026-06-02 10:00:57.317742,3,191.64,0.09,0.86,121.28,1.76,32.19,39.14,11.08,36.94,36.59,26.0,1002.0,0.92,212.0,Clouds,broken clouds
sundargarh,2026-06-02 14:41:44.682166,3,396.93,0.0,10.42,70.16,3.35,35.49,46.79,44.8,32.94,31.79,29.0,1003.0,0.27,321.0,Clouds,few clouds
sundargarh,2026-06-02 18:30:27.871325,3,360.26,0.0,7.97,54.52,2.01,31.73,39.85,34.91,30.24,31.41,50.0,1004.0,2.34,144.0,Clear,clear sky
sundargarh,2026-06-02 21:40:37.821578,3,310.05,0.0,5.76,55.62,1.38,28.72,34.14,29.1,29.02,31.07,60.0,1003.0,1.23,133.0,Clear,clear sky
sundargarh,2026-06-02 23:26:30.871382,3,324.68,0.0,6.07,54.8,1.43,29.26,34.38,31.23,28.99,31.17,61.0,1004.0,1.28,146.0,Clear,clear sky
sundargarh,2026-06-03 02:38:47.798571,3,377.14,0.95,5.28,66.91,2.4,34.45,40.0,34.39,34.7,36.38,39.0,1005.0,1.69,214.0,Clear,clear sky
sundargarh,2026-06-03 07:30:45.156714,3,169.21,0.1,0.76,124.62,5.33,30.52,35.18,8.94,39.73,40.28,24.0,1000.0,3.06,317.0,Clouds,broken clouds
sundargarh,2026-06-03 12:29:39.194534,3,160.37,0.04,1.31,121.34,4.46,29.27,35.53,9.96,37.65,37.38,25.0,999.0,0.3,332.0,Clouds,overcast clouds
sundargarh,2026-06-03 17:55:52.815375,3,518.58,0.0,13.83,66.16,6.47,44.16,54.06,72.59,32.29,32.17,37.0,1001.0,3.36,79.0,Clouds,scattered clouds
sundargarh,2026-06-03 20:46:19.432778,3,315.6,0.0,6.25,65.67,2.69,27.6,31.87,33.89,30.74,32.57,52.0,1001.0,2.05,116.0,Clouds,broken clouds
sundargarh,2026-06-03 22:57:52.740880,2,303.29,0.0,5.63,62.16,1.92,24.38,28.02,32.98,30.07,33.38,62.0,1002.0,2.38,135.0,Clouds,broken clouds
sundargarh,2026-06-04 00:28:19.216634,2,303.7,0.0,5.55,61.37,1.78,23.99,27.47,33.1,29.57,32.98,65.0,1002.0,1.29,135.0,Clouds,scattered clouds
sundargarh,2026-06-04 05:49:54.236597,3,205.24,0.13,1.05,121.7,4.15,35.46,41.69,16.22,41.37,42.16,22.0,1001.0,1.32,141.0,Clouds,scattered clouds
sundargarh,2026-06-04 09:41:45.641587,3,158.38,0.08,0.81,120.95,4.79,30.77,39.47,12.09,41.14,41.41,21.0,998.0,0.51,315.0,Clouds,broken clouds
sundargarh,2026-06-04 12:37:25.851013,3,219.17,0.02,4.4,103.49,4.69,31.01,40.01,22.81,37.18,36.94,26.0,998.0,2.88,40.0,Clear,clear sky
sundargarh,2026-06-04 16:16:46.486069,2,225.51,0.0,4.58,88.0,4.0,21.14,24.94,20.14,33.98,33.81,33.0,1000.0,2.95,99.0,Clouds,broken clouds
sundargarh,2026-06-04 19:12:48.854491,2,232.26,0.0,4.42,76.12,2.41,16.95,20.25,23.35,31.97,31.89,38.0,1001.0,2.48,105.0,Clouds,broken clouds
sundargarh,2026-06-04 21:22:26.992990,2,232.88,0.0,4.16,71.97,1.73,14.44,17.22,24.72,31.03,31.1,41.0,1001.0,3.0,147.0,Clouds,few clouds
sundargarh,2026-06-04 23:00:32.300383,2,235.51,0.0,4.01,69.76,1.43,13.51,15.96,25.32,30.27,30.67,45.0,1001.0,1.54,145.0,Clouds,scattered clouds
sundargarh,2026-06-05 00:11:08.034427,2,238.86,0.0,4.01,69.19,1.35,13.49,15.82,24.82,30.54,31.2,46.0,1002.0,1.17,161.0,Clouds,scattered clouds
sundargarh,2026-06-05 05:09:08.032605,3,182.4,0.12,0.82,112.53,3.4,19.26,22.93,11.71,39.1,39.95,26.0,1002.0,3.93,258.0,Clouds,scattered clouds
sundargarh,2026-06-05 09:27:18.968776,3,202.89,0.09,0.79,123.43,3.16,27.18,33.06,12.47,40.64,40.64,21.0,998.0,2.37,214.0,Clouds,overcast clouds
sundargarh,2026-06-05 12:30:54.281777,3,263.63,0.01,3.17,121.9,3.01,31.01,38.69,21.51,37.37,37.23,26.0,997.0,0.98,100.0,Clouds,overcast clouds
sundargarh,2026-06-05 15:48:04.354615,3,424.41,0.0,9.19,82.54,4.78,34.43,42.79,39.38,34.2,34.56,35.0,1000.0,2.32,318.0,Clouds,broken clouds
sundargarh,2026-06-05 17:46:27.830405,3,451.11,0.0,9.63,74.99,4.4,35.77,43.16,40.99,34.49,35.01,35.0,1000.0,1.43,86.0,Clouds,broken clouds
sundargarh,2026-06-05 19:29:45.976047,3,400.32,0.0,7.23,78.83,3.79,33.24,39.38,35.07,32.9,33.03,37.0,1001.0,1.59,119.0,Clouds,scattered clouds
sundargarh,2026-06-05 21:16:12.457512,3,391.03,0.0,6.45,71.17,2.65,30.38,35.49,35.46,31.47,31.87,42.0,1000.0,1.69,147.0,Clouds,scattered clouds
sundargarh,2026-06-05 22:56:47.960377,3,410.42,0.0,7.01,61.76,2.09,29.74,34.7,39.73,30.78,31.38,45.0,1001.0,0.87,157.0,Clouds,few clouds
sundargarh,2026-06-06 00:01:01.754257,3,423.25,0.0,7.38,58.13,2.14,30.04,35.11,41.95,30.55,31.54,48.0,1001.0,1.27,59.0,Clear,clear sky
sundargarh,2026-06-06 04:45:31.217063,3,262.03,0.22,1.58,119.59,7.22,39.17,44.21,20.34,38.98,40.45,28.0,1003.0,1.52,167.0,Clouds,broken clouds
sundargarh,2026-06-06 07:40:11.702202,3,168.38,0.1,0.7,117.16,3.29,24.38,27.62,10.04,40.1,40.88,24.0,1000.0,2.35,351.0,Clouds,broken clouds
sundargarh,2026-06-06 09:52:32.466703,3,161.48,0.09,0.81,115.56,2.59,22.31,25.71,9.93,39.94,40.27,23.0,999.0,2.32,294.0,Clouds,scattered clouds
sundargarh,2026-06-06 11:15:45.626911,3,167.56,0.07,1.14,115.66,2.64,22.51,26.18,11.18,38.43,38.86,26.0,999.0,2.95,218.0,Clouds,broken clouds
sundargarh,2026-06-06 13:05:21.404585,3,231.13,0.01,4.47,100.54,3.24,24.08,28.8,23.11,38.47,38.62,25.0,999.0,1.92,179.0,Clouds,broken clouds
sundargarh,2026-06-06 15:05:16.852091,3,282.85,0.0,4.55,91.35,3.9,30.27,34.24,24.92,36.09,36.05,29.0,1000.0,0.84,221.0,Clouds,overcast clouds
sundargarh,2026-06-06 16:58:00.374773,2,263.68,0.0,4.26,80.84,2.7,23.26,26.84,24.25,34.63,34.77,33.0,1002.0,3.19,130.0,Clouds,overcast clouds
sundargarh,2026-06-06 18:03:15.531671,2,251.67,0.0,4.18,75.45,2.27,19.62,22.78,23.49,33.2,34.33,41.0,1003.0,3.83,144.0,Clouds,overcast clouds
sundargarh,2026-06-06 20:03:31.199799,2,259.65,0.0,4.9,66.63,1.75,16.7,19.6,26.22,29.69,33.02,64.0,1002.0,3.14,151.0,Clouds,overcast clouds
sundargarh,2026-06-06 21:55:17.949016,2,310.42,0.0,6.41,57.58,1.6,18.8,22.39,34.14,29.61,32.86,64.0,1002.0,2.0,144.0,Clouds,overcast clouds
sundargarh,2026-06-06 22:54:30.719846,2,344.3,0.0,7.43,52.93,1.57,20.81,24.95,38.65,29.75,32.75,62.0,1002.0,2.21,148.0,Clouds,overcast clouds
sundargarh,2026-06-06 23:55:47.189507,2,376.19,0.0,8.3,48.83,1.57,22.99,27.7,42.25,29.52,32.49,63.0,1003.0,1.05,119.0,Clouds,overcast clouds
sundargarh,2026-06-07 02:28:50.575425,3,421.24,0.56,8.47,45.35,1.96,27.31,33.42,45.45,31.84,35.58,56.0,1005.0,0.58,136.0,Clouds,broken clouds
sundargarh,2026-06-07 06:57:43.731203,3,206.53,0.1,1.32,127.55,6.72,29.9,33.43,9.22,40.84,41.7,23.0,1001.0,2.44,5.0,Clouds,few clouds
sundargarh,2026-06-07 09:57:43.824119,4,219.84,0.11,1.46,162.54,10.89,42.9,49.6,7.5,39.85,40.13,23.0,999.0,3.91,207.0,Clouds,broken clouds
sundargarh,2026-06-07 11:44:48.137714,4,231.79,0.02,2.03,168.11,11.43,44.14,52.9,9.59,40.83,40.23,19.0,998.0,2.02,189.0,Clouds,broken clouds
sundargarh,2026-06-07 13:17:43.968489,3,289.32,0.0,5.1,130.39,11.43,42.13,48.97,23.01,35.68,35.22,28.0,999.0,3.05,149.0,Clear,clear sky
sundargarh,2026-06-07 15:17:33.874644,3,474.16,0.0,11.68,84.42,9.67,48.19,57.1,46.71,34.55,34.65,33.0,1001.0,4.1,129.0,Clouds,broken clouds
sundargarh,2026-06-07 17:03:44.771821,3,576.15,0.0,13.91,59.14,7.29,48.14,57.35,53.05,31.73,34.34,52.0,1002.0,4.58,150.0,Clouds,broken clouds
sundargarh,2026-06-07 19:04:34.700123,3,616.39,0.0,14.73,52.73,5.2,47.41,55.46,55.52,32.83,32.57,35.0,1002.0,1.21,147.0,Clouds,overcast clouds
sundargarh,2026-06-07 20:59:27.560443,3,627.62,0.0,14.45,47.94,4.14,48.66,55.92,55.32,30.94,31.96,47.0,1001.0,1.56,146.0,Clouds,overcast clouds
sundargarh,2026-06-07 22:03:14.180312,3,587.8,0.0,12.2,53.86,3.76,48.96,56.23,51.07,30.95,32.53,50.0,1002.0,1.83,174.0,Clouds,overcast clouds
sundargarh,2026-06-07 23:57:32.283454,3,522.37,0.0,9.78,57.49,2.75,46.03,53.46,46.59,29.81,31.57,55.0,1002.0,1.53,146.0,Clouds,overcast clouds
sundargarh,2026-06-08 02:56:17.754611,3,394.38,0.81,5.71,68.56,2.5,34.16,41.32,36.5,36.41,37.64,33.0,1003.0,2.89,191.0,Clouds,broken clouds
sundargarh,2026-06-08 07:23:50.833045,3,175.57,0.1,0.87,124.21,2.08,26.71,33.68,11.34,40.51,40.45,21.0,1000.0,3.39,183.0,Clouds,broken clouds
sundargarh,2026-06-08 12:20:51.711149,3,203.76,0.06,2.23,124.63,2.72,24.73,31.19,15.46,39.98,39.05,19.0,997.0,5.1,202.0,Clouds,overcast clouds
sundargarh,2026-06-08 16:43:38.638703,2,222.61,0.0,4.22,94.11,3.22,13.97,16.56,19.19,34.51,35.28,36.0,1001.0,5.54,188.0,Clouds,overcast clouds
sundargarh,2026-06-08 19:13:55.423006,2,225.07,0.0,4.01,87.77,2.52,14.03,16.35,20.7,32.12,33.44,45.0,1001.0,6.04,192.0,Clouds,few clouds
sundargarh,2026-06-08 21:41:41.947421,2,231.48,0.0,3.86,76.58,1.61,13.55,15.73,23.81,30.23,31.91,53.0,1001.0,4.19,211.0,Clouds,broken clouds
sundargarh,2026-06-08 23:06:58.616553,2,229.13,0.0,3.74,75.34,1.45,13.5,15.63,24.37,30.06,31.81,54.0,1000.0,3.18,180.0,Clouds,broken clouds
sundargarh,2026-06-09 01:57:05.757047,2,212.1,0.15,3.33,82.66,3.03,15.68,18.41,22.51,33.57,35.19,42.0,1002.0,2.99,232.0,Clouds,broken clouds
sundargarh,2026-06-09 06:03:38.747711,3,197.23,0.07,1.93,102.03,7.83,28.82,32.76,16.25,41.82,41.67,19.0,1000.0,5.14,300.0,Clouds,broken clouds
sundargarh,2026-06-09 10:26:42.681985,3,158.76,0.08,0.81,108.19,2.62,18.17,23.28,10.03,42.54,40.8,14.0,996.0,4.42,270.0,Clouds,broken clouds
sundargarh,2026-06-09 13:36:10.819379,2,251.65,0.0,5.44,87.0,2.65,17.61,26.57,26.67,37.46,35.12,15.0,998.0,1.52,354.0,Clouds,overcast clouds
sundargarh,2026-06-09 16:25:11.672866,2,333.92,0.0,8.67,71.55,3.52,19.67,28.23,37.18,34.41,32.74,23.0,999.0,1.84,182.0,Clouds,broken clouds
sundargarh,2026-06-09 19:06:27.928365,2,262.68,0.0,5.3,73.61,2.55,13.25,16.99,26.91,30.56,31.56,48.0,1001.0,1.87,145.0,Clouds,few clouds
sundargarh,2026-06-09 21:29:20.699039,2,257.55,0.0,4.87,68.44,1.8,10.49,13.26,27.63,29.72,31.1,53.0,1000.0,1.77,119.0,Clouds,few clouds
sundargarh,2026-06-09 23:09:26.932542,2,262.15,0.0,4.93,64.01,1.36,9.65,12.17,29.61,29.28,30.73,55.0,1001.0,0.54,95.0,Clouds,scattered clouds
sundargarh,2026-06-10 02:09:46.670994,2,259.75,0.28,4.64,63.24,1.9,11.76,15.45,29.61,32.54,33.69,43.0,1002.0,3.38,200.0,Clouds,broken clouds
sundargarh,2026-06-10 06:57:42.540082,3,208.8,0.12,1.43,128.2,8.48,45.47,63.85,16.3,41.8,41.64,19.0,1000.0,5.88,240.0,Clouds,broken clouds
sundargarh,2026-06-10 10:52:39.900744,3,156.95,0.08,1.1,130.32,3.76,28.51,49.39,11.54,41.77,41.22,18.0,997.0,4.62,273.0,Clouds,scattered clouds
sundargarh,2026-06-10 14:16:55.570897,3,222.38,0.0,4.13,108.77,2.96,22.97,37.09,23.24,35.79,35.17,27.0,998.0,3.45,196.0,Clouds,broken clouds
sundargarh,2026-06-10 17:50:24.865496,3,327.25,0.0,6.95,76.61,3.46,27.56,38.0,38.33,33.17,32.21,30.0,1000.0,1.52,133.0,Clouds,scattered clouds
sundargarh,2026-06-10 20:08:50.741979,3,333.25,0.0,6.84,68.37,2.61,27.39,35.15,39.28,31.89,31.79,38.0,1000.0,2.63,147.0,Clear,clear sky
sundargarh,2026-06-10 22:46:45.144523,3,400.46,0.0,8.61,51.84,2.13,28.58,35.01,45.51,29.3,30.19,51.0,1001.0,2.88,179.0,Clear,clear sky
sundargarh,2026-06-11 00:07:45.451475,3,421.33,0.0,9.17,47.21,2.06,29.02,35.23,46.81,29.33,29.84,48.0,1002.0,2.01,160.0,Clear,clear sky
sundargarh,2026-06-11 05:20:10.590432,3,281.85,0.27,1.96,115.23,2.47,41.36,49.05,23.51,40.33,40.88,23.0,1002.0,3.72,225.0,Clouds,few clouds
sundargarh,2026-06-11 10:02:42.691107,3,142.85,0.06,0.62,112.31,2.11,26.2,48.05,10.84,39.78,39.07,20.0,998.0,0.48,13.0,Clouds,broken clouds
sundargarh,2026-06-11 14:29:11.299836,3,294.96,0.0,7.5,83.49,4.59,30.82,52.81,34.56,34.77,34.55,31.0,1000.0,2.29,134.0,Clouds,scattered clouds
sundargarh,2026-06-11 18:01:18.207792,3,526.95,0.0,14.52,42.78,3.78,39.38,59.63,53.84,29.35,30.69,54.0,1004.0,4.82,123.0,Clouds,overcast clouds
sundargarh,2026-06-11 21:11:23.576186,3,540.9,0.0,13.78,32.14,2.18,37.87,52.67,52.16,28.98,30.01,53.0,1003.0,3.82,69.0,Clouds,overcast clouds
sundargarh,2026-06-11 23:13:38.581739,3,418.4,0.0,9.02,40.68,1.75,30.57,42.18,42.65,27.6,28.97,61.0,1005.0,2.23,60.0,Clouds,overcast clouds
sundargarh,2026-06-12 02:16:14.979636,3,382.44,0.94,6.59,43.47,1.67,26.52,35.52,37.57,30.83,32.53,51.0,1006.0,1.14,1.0,Clouds,scattered clouds
sundargarh,2026-06-12 07:11:31.528251,3,167.17,0.09,0.74,109.92,1.6,28.76,38.39,10.49,41.08,42.1,23.0,1002.0,2.82,195.0,Clouds,broken clouds
sundargarh,2026-06-12 11:33:41.946280,3,267.98,0.11,4.66,88.87,2.27,32.03,36.79,19.37,35.64,35.85,31.0,1000.0,4.41,24.0,Clouds,broken clouds
sundargarh,2026-06-12 14:31:21.943336,3,293.81,0.0,5.6,78.37,2.15,31.23,36.47,14.93,32.57,33.12,40.0,1004.0,4.3,0.0,Clouds,broken clouds
sundargarh,2026-06-12 17:30:37.592594,3,259.49,0.0,4.33,78.18,1.66,28.49,32.91,14.59,27.65,29.45,65.0,1004.0,6.57,141.0,Clouds,overcast clouds
sundargarh,2026-06-12 19:50:48.329398,3,432.76,0.0,10.82,45.49,2.01,31.95,37.51,32.22,27.97,29.41,60.0,1005.0,0.13,189.0,Clouds,overcast clouds
sundargarh,2026-06-12 21:23:14.409291,3,456.87,0.0,11.36,40.48,1.71,32.74,38.38,33.74,27.92,29.33,60.0,1004.0,0.81,75.0,Clouds,overcast clouds
sundargarh,2026-06-12 23:06:41.569997,3,508.26,0.0,12.57,33.23,1.38,34.48,40.41,35.07,27.6,28.88,60.0,1004.0,0.53,46.0,Clouds,overcast clouds
sundargarh,2026-06-13 02:08:46.833476,3,592.91,2.53,11.31,27.27,1.49,37.05,44.25,40.34,31.64,32.67,45.0,1006.0,2.25,206.0,Clouds,overcast clouds
sundargarh,2026-06-13 06:46:00.634715,3,158.54,0.08,0.58,112.31,1.35,25.89,30.67,8.64,40.0,41.47,26.0,1003.0,3.01,195.0,Clouds,few clouds
sundargarh,2026-06-13 09:50:04.494037,3,141.54,0.07,0.81,107.06,1.71,22.21,28.88,9.07,38.56,38.76,25.0,999.0,2.62,170.0,Clouds,broken clouds
sundargarh,2026-06-13 11:46:10.737010,3,165.13,0.04,2.34,100.19,2.51,22.29,28.47,13.78,37.27,37.34,27.0,999.0,1.81,147.0,Clouds,broken clouds
sundargarh,2026-06-13 13:22:12.939759,2,178.19,0.01,3.1,95.89,3.02,21.56,26.62,15.5,35.41,36.24,34.0,1000.0,2.01,175.0,Clouds,few clouds
sundargarh,2026-06-13 15:25:00.253656,2,280.94,0.0,6.39,84.67,3.35,23.12,27.09,29.68,35.67,36.41,33.0,1001.0,0.87,343.0,Clouds,broken clouds
sundargarh,2026-06-13 17:08:54.054395,2,332.91,0.0,7.84,73.73,3.16,23.76,28.0,36.9,34.79,35.25,34.0,1002.0,3.74,155.0,Clouds,broken clouds
sundargarh,2026-06-13 19:06:16.105706,2,337.47,0.0,7.67,66.44,2.45,21.61,25.53,37.95,31.04,32.3,48.0,1003.0,3.35,164.0,Clouds,few clouds
sundargarh,2026-06-13 21:01:05.259810,2,325.47,0.0,6.87,59.5,1.66,19.48,23.29,36.67,29.48,30.89,54.0,1002.0,2.27,149.0,Clear,clear sky
sundargarh,2026-06-13 22:53:11.767977,2,315.77,0.0,6.12,55.77,1.91,20.18,24.12,35.25,28.59,30.09,58.0,1002.0,1.83,146.0,Clear,clear sky
sundargarh,2026-06-13 23:57:21.609622,2,320.13,0.0,6.09,54.4,2.25,21.85,25.93,35.59,28.36,30.12,61.0,1003.0,0.63,129.0,Clear,clear sky
sundargarh,2026-06-14 02:55:54.031534,3,318.86,0.7,4.01,69.85,3.64,29.98,34.7,31.88,34.04,35.76,41.0,1004.0,2.62,190.0,Clear,clear sky
sundargarh,2026-06-14 07:15:19.812514,3,171.51,0.09,0.7,115.81,2.64,25.79,30.64,9.61,39.93,41.35,26.0,1001.0,1.54,282.0,Clear,clear sky
sundargarh,2026-06-14 10:44:00.529714,3,174.78,0.04,1.35,113.86,3.11,22.98,27.77,10.01,36.54,37.57,32.0,999.0,4.27,265.0,Clouds,broken clouds
sundargarh,2026-06-14 12:56:57.592960,2,202.84,0.0,3.28,98.79,3.6,19.26,22.16,14.71,35.13,36.31,36.0,999.0,2.59,108.0,Rain,light rain
sundargarh,2026-06-14 15:05:35.662752,2,307.51,0.0,7.48,76.59,4.06,20.38,25.25,27.9,34.09,35.58,40.0,1001.0,1.17,160.0,Clouds,overcast clouds
sundargarh,2026-06-14 17:07:07.426904,2,343.73,0.0,8.93,61.6,3.96,19.82,23.67,21.82,32.86,34.22,43.0,1002.0,5.11,149.0,Clouds,overcast clouds
sundargarh,2026-06-14 19:06:43.514600,2,286.44,0.0,6.26,68.61,3.58,17.79,20.52,23.37,30.11,31.72,53.0,1003.0,2.63,146.0,Clouds,broken clouds
sundargarh,2026-06-14 20:58:35.609946,2,288.71,0.0,6.1,64.72,2.72,18.27,21.13,28.67,29.73,32.14,59.0,1002.0,2.4,115.0,Clouds,broken clouds
sundargarh,2026-06-14 22:06:53.130011,2,303.24,0.0,6.51,61.25,2.36,18.87,21.84,31.8,29.33,32.12,63.0,1002.0,2.25,98.0,Clouds,overcast clouds
sundargarh,2026-06-15 00:00:30.369595,2,351.0,0.0,7.96,53.44,1.82,20.75,24.05,37.08,28.72,31.63,67.0,1003.0,1.39,169.0,Clouds,broken clouds
sundargarh,2026-06-15 04:26:26.837241,3,297.41,0.44,2.68,95.6,2.66,31.85,36.69,25.41,35.76,38.02,38.0,1004.0,2.42,250.0,Clear,clear sky
sundargarh,2026-06-15 10:49:42.678023,3,182.5,0.04,1.08,131.77,6.08,39.27,52.41,9.56,41.02,40.86,20.0,999.0,4.01,277.0,Clouds,scattered clouds
sundargarh,2026-06-15 16:12:36.204821,3,267.71,0.0,5.12,92.79,4.0,29.91,36.15,22.32,35.3,34.89,29.0,1002.0,3.39,219.0,Clouds,broken clouds
sundargarh,2026-06-15 20:20:19.409342,3,343.63,0.0,7.51,65.99,2.65,29.43,33.87,35.29,29.92,31.75,55.0,1003.0,2.14,179.0,Clouds,scattered clouds
sundargarh,2026-06-15 22:54:33.411593,3,416.15,0.0,9.29,50.18,1.81,31.33,36.03,43.92,28.28,30.38,64.0,1003.0,1.88,161.0,Clouds,scattered clouds
sundargarh,2026-06-16 00:22:30.788319,3,433.98,0.0,9.64,46.5,1.65,31.76,36.55,45.05,28.22,30.28,64.0,1004.0,1.35,174.0,Clear,clear sky
sundargarh,2026-06-16 06:22:52.032002,3,192.29,0.11,0.92,125.76,4.15,38.71,45.99,10.57,40.89,41.4,22.0,1004.0,0.78,334.0,Clear,clear sky
sundargarh,2026-06-16 12:02:06.338406,3,188.45,0.02,1.53,127.01,3.38,41.1,49.33,10.91,38.97,38.49,22.0,1000.0,2.17,238.0,Clouds,scattered clouds
sundargarh,2026-06-16 17:53:27.211190,4,572.42,0.0,14.12,54.08,3.41,57.83,69.74,29.59,34.23,33.97,32.0,1003.0,3.95,205.0,Clouds,overcast clouds
sundargarh,2026-06-16 20:36:07.679014,4,662.03,0.0,16.05,36.13,1.98,58.13,68.1,30.8,31.07,31.63,44.0,1003.0,2.75,180.0,Clouds,scattered clouds
sundargarh,2026-06-16 22:47:14.193440,4,715.92,0.0,17.43,27.25,1.66,57.77,66.52,33.4,29.92,30.49,47.0,1004.0,1.23,153.0,Clouds,few clouds
sundargarh,2026-06-17 00:08:09.239603,4,722.56,0.0,17.6,24.36,1.64,56.66,64.61,36.3,29.69,30.32,48.0,1005.0,2.38,169.0,Clouds,scattered clouds
sundargarh,2026-06-17 05:58:51.233832,3,200.58,0.11,0.84,125.51,3.56,35.2,39.91,10.39,41.77,42.39,21.0,1003.0,1.83,212.0,Clear,clear sky
sundargarh,2026-06-17 10:50:04.568633,3,233.26,0.1,3.18,104.23,3.16,33.29,38.13,20.01,39.92,39.9,22.0,1000.0,3.01,241.0,Clouds,broken clouds
sundargarh,2026-06-17 14:23:15.263783,3,307.22,0.0,6.53,87.13,3.43,31.42,36.86,30.33,36.11,36.86,32.0,1001.0,2.75,120.0,Clouds,broken clouds
sundargarh,2026-06-17 17:44:00.350205,2,280.82,0.0,5.77,71.73,2.57,19.55,23.29,25.56,32.47,34.25,46.0,1004.0,3.68,211.0,Clouds,broken clouds
sundargarh,2026-06-17 19:57:38.140172,2,275.52,0.0,5.37,70.41,1.87,16.6,19.8,27.73,30.91,32.09,48.0,1004.0,2.53,185.0,Clouds,broken clouds
sundargarh,2026-06-17 21:55:46.335385,2,306.52,0.0,6.2,62.18,1.68,18.48,21.81,32.18,30.28,31.64,51.0,1004.0,2.07,217.0,Clouds,broken clouds
sundargarh,2026-06-17 23:16:16.414343,2,325.21,0.0,6.75,58.51,1.5,19.7,23.15,34.77,30.34,31.56,50.0,1004.0,2.68,204.0,Clouds,overcast clouds
sundargarh,2026-06-18 02:33:47.398082,3,376.39,1.1,5.4,63.92,2.66,27.98,32.56,36.57,35.08,36.78,38.0,1006.0,3.59,258.0,Clouds,scattered clouds
sundargarh,2026-06-18 07:25:51.085550,3,195.41,0.04,1.09,114.09,3.06,22.02,24.37,9.63,39.08,41.0,29.0,1003.0,1.61,200.0,Clouds,scattered clouds
sundargarh,2026-06-18 11:43:52.182552,2,235.16,0.03,3.93,99.92,3.2,16.2,17.74,17.5,34.85,36.65,39.0,1001.0,5.66,355.0,Clouds,overcast clouds
sundargarh,2026-06-18 14:43:02.073552,2,242.04,0.0,4.86,89.35,2.42,12.33,13.99,17.4,30.03,32.89,60.0,1004.0,5.96,198.0,Clouds,overcast clouds
sundargarh,2026-06-18 17:53:58.418222,2,301.83,0.0,7.28,69.94,2.49,12.74,14.9,19.72,29.08,31.82,64.0,1005.0,3.94,257.0,Clouds,overcast clouds
sundargarh,2026-06-18 20:08:53.388286,2,314.02,0.0,7.17,62.91,2.06,13.31,15.53,23.06,27.9,30.35,69.0,1005.0,2.54,227.0,Clouds,overcast clouds
sundargarh,2026-06-18 22:51:00.691676,2,339.64,0.0,7.33,51.3,1.52,15.11,17.81,29.5,27.53,29.78,70.0,1004.0,1.21,200.0,Clouds,overcast clouds
sundargarh,2026-06-19 00:19:19.496393,2,356.24,0.0,7.75,46.94,1.4,15.96,18.9,30.38,27.45,29.75,71.0,1004.0,1.73,186.0,Clouds,overcast clouds
sundargarh,2026-06-19 06:07:01.475098,3,265.14,0.15,2.17,95.06,3.21,30.92,32.54,12.96,38.66,41.0,31.0,1004.0,3.14,237.0,Clouds,scattered clouds
sundargarh,2026-06-19 11:12:37.695545,3,197.93,0.07,1.59,106.2,1.86,13.11,13.79,7.51,38.31,39.99,30.0,1000.0,3.32,330.0,Clouds,broken clouds
sundargarh,2026-06-19 14:39:45.303313,2,283.19,0.0,6.02,78.74,1.93,10.33,13.42,27.5,30.3,32.79,57.0,1004.0,2.0,24.0,Clouds,broken clouds
sundargarh,2026-06-19 17:10:51.368901,2,341.83,0.0,7.78,65.84,2.19,12.54,16.8,35.28,29.11,32.05,65.0,1005.0,4.37,147.0,Clouds,broken clouds
sundargarh,2026-06-19 19:23:37.549850,2,395.29,0.0,9.44,51.63,1.98,14.6,19.14,43.45,28.47,30.85,65.0,1005.0,1.78,259.0,Clouds,overcast clouds
sundargarh,2026-06-19 21:00:22.620153,2,458.91,0.0,11.34,37.81,1.62,17.53,22.09,45.66,28.24,30.58,66.0,1004.0,0.38,108.0,Clouds,overcast clouds
sundargarh,2026-06-19 22:05:03.958330,2,488.86,0.0,12.13,32.59,1.49,19.13,23.73,44.31,28.19,30.49,66.0,1004.0,1.04,140.0,Clouds,overcast clouds
sundargarh,2026-06-19 23:58:43.589054,2,525.67,0.0,13.02,27.34,1.34,21.85,26.44,42.53,28.1,30.59,68.0,1004.0,1.46,175.0,Clouds,overcast clouds
sundargarh,2026-06-20 03:24:27.333357,3,525.35,2.44,7.99,40.86,1.5,26.16,31.31,44.03,30.2,33.86,63.0,1006.0,2.13,209.0,Clouds,overcast clouds
sundargarh,2026-06-20 07:41:24.850926,3,165.37,0.07,0.73,110.15,1.76,27.9,31.19,11.19,39.68,41.3,27.0,1003.0,3.88,318.0,Clouds,overcast clouds
sundargarh,2026-06-20 10:25:20.528694,3,149.79,0.04,0.78,104.8,1.4,16.52,18.84,10.92,39.8,40.75,25.0,1001.0,5.63,319.0,Clouds,broken clouds
sundargarh,2026-06-20 12:22:57.579207,2,140.47,0.03,0.93,97.86,0.88,9.69,11.3,11.38,37.8,38.47,28.0,1001.0,5.32,10.0,Clouds,overcast clouds
sundargarh,2026-06-20 14:58:50.949438,2,395.99,0.0,10.86,55.03,3.53,20.12,26.0,51.26,32.35,33.82,45.0,1003.0,0.96,252.0,Clouds,overcast clouds
sundargarh,2026-06-20 16:15:48.944883,2,455.51,0.0,12.88,48.27,3.69,21.92,28.74,60.42,32.47,34.02,45.0,1004.0,2.6,242.0,Clouds,overcast clouds
sundargarh,2026-06-20 18:04:12.057269,2,465.89,0.0,12.58,41.78,2.67,21.9,27.3,50.27,31.74,33.23,47.0,1004.0,2.49,217.0,Clouds,overcast clouds
sundargarh,2026-06-20 20:10:11.390205,2,253.41,0.0,4.9,60.5,1.33,12.61,14.9,26.75,31.26,32.65,48.0,1003.0,1.7,156.0,Clouds,overcast clouds
sundargarh,2026-06-20 21:58:49.628958,2,247.84,0.0,4.77,57.8,1.55,12.61,14.67,28.12,30.68,32.1,50.0,1003.0,1.83,211.0,Clouds,overcast clouds
sundargarh,2026-06-20 23:05:39.057612,2,256.29,0.0,5.11,56.99,2.4,14.38,16.46,29.85,30.72,32.16,50.0,1003.0,1.91,205.0,Clouds,overcast clouds
sundargarh,2026-06-21 02:33:34.865617,2,282.02,0.66,5.42,64.77,8.09,21.85,24.83,29.61,31.93,33.77,48.0,1005.0,2.92,228.0,Clouds,overcast clouds
sundargarh,2026-06-21 07:23:46.747868,2,130.09,0.03,1.16,93.35,2.24,12.01,13.3,9.76,35.42,36.81,36.0,1003.0,5.49,344.0,Clouds,overcast clouds
sundargarh,2026-06-21 10:58:46.043382,2,134.45,0.05,1.49,94.83,1.79,5.32,5.89,9.94,35.26,36.0,34.0,1000.0,1.71,311.0,Clouds,overcast clouds
sundargarh,2026-06-21 13:04:12.081912,2,144.76,0.01,2.31,93.59,1.91,4.71,5.42,12.16,31.58,32.97,47.0,1002.0,3.41,255.0,Rain,light rain
sundargarh,2026-06-21 15:45:18.927586,2,298.16,0.0,8.23,59.3,3.99,13.77,16.65,32.55,30.24,32.68,57.0,1004.0,4.69,160.0,Clouds,overcast clouds
sundargarh,2026-06-21 17:17:18.898076,2,327.81,0.0,9.15,53.07,3.36,14.47,17.82,35.96,30.27,33.14,59.0,1004.0,4.09,193.0,Clouds,overcast clouds
sundargarh,2026-06-21 19:12:32.483648,2,357.52,0.0,9.86,45.31,2.5,15.01,18.24,40.78,30.49,32.34,53.0,1004.0,2.02,257.0,Clouds,overcast clouds
sundargarh,2026-06-21 21:03:38.277379,2,350.49,0.0,9.21,44.34,1.93,14.13,16.81,38.23,29.17,31.01,58.0,1004.0,3.11,242.0,Clouds,broken clouds
sundargarh,2026-06-21 22:59:02.182585,2,284.1,0.0,6.53,52.01,1.91,11.36,13.29,33.19,28.22,30.15,63.0,1004.0,2.02,194.0,Clouds,broken clouds
sundargarh,2026-06-22 00:10:35.004649,2,261.11,0.0,5.75,54.53,2.01,10.8,12.54,32.57,28.24,30.31,64.0,1004.0,2.1,230.0,Clouds,broken clouds
sundargarh,2026-06-22 06:19:25.483843,2,164.21,0.07,1.39,89.99,2.47,13.69,14.32,8.01,36.63,39.34,37.0,1004.0,4.04,246.0,Clouds,broken clouds
sundargarh,2026-06-22 12:42:18.656057,2,168.09,0.0,2.78,86.14,1.84,4.57,5.1,7.7,31.34,33.85,53.0,1003.0,1.09,235.0,Clouds,broken clouds
sundargarh,2026-06-22 17:24:45.305811,2,224.47,0.0,5.18,59.58,1.94,10.71,12.25,8.81,28.64,31.63,68.0,1004.0,1.39,128.0,Clouds,overcast clouds
sundargarh,2026-06-22 20:32:10.438843,1,246.14,0.0,5.09,48.78,1.06,9.39,11.05,14.66,27.82,30.2,69.0,1003.0,1.66,219.0,Clouds,overcast clouds
sundargarh,2026-06-22 22:30:23.915788,1,257.03,0.0,5.0,47.7,0.92,9.91,11.59,16.35,27.41,29.57,70.0,1003.0,2.26,243.0,Clouds,broken clouds
sundargarh,2026-06-22 23:59:14.502942,2,262.27,0.0,5.0,48.16,1.05,10.83,12.53,16.51,26.96,28.47,66.0,1003.0,3.01,240.0,Clouds,broken clouds
sundargarh,2026-06-23 03:27:23.937294,2,252.17,0.6,3.22,65.94,2.44,17.23,19.07,17.86,32.56,35.42,50.0,1004.0,4.98,265.0,Clouds,broken clouds
sundargarh,2026-06-23 07:37:51.596525,2,156.27,0.07,1.1,96.38,2.2,16.51,17.27,7.87,40.02,41.5,26.0,1000.0,3.73,291.0,Clouds,scattered clouds
sundargarh,2026-06-23 10:52:56.488868,2,171.29,0.02,2.28,88.01,2.34,11.45,12.25,11.18,39.81,40.77,25.0,998.0,5.87,268.0,Clouds,broken clouds
sundargarh,2026-06-23 13:35:23.859742,2,207.73,0.0,4.49,68.61,2.64,12.35,13.68,14.38,33.87,35.46,41.0,1000.0,4.47,293.0,Clouds,broken clouds
sundargarh,2026-06-23 16:19:47.220229,2,246.59,0.0,5.36,63.54,2.9,17.84,19.79,19.41,31.68,33.35,48.0,1002.0,1.48,340.0,Clouds,broken clouds
sundargarh,2026-06-23 19:01:18.697238,2,302.6,0.0,6.28,60.01,2.61,23.93,26.33,23.12,31.33,33.17,50.0,1002.0,4.32,262.0,Clouds,overcast clouds
sundargarh,2026-06-23 21:22:35.432227,2,314.97,0.0,6.43,56.5,2.22,22.8,25.11,23.2,29.39,31.71,60.0,1002.0,2.46,226.0,Clouds,overcast clouds
sundargarh,2026-06-23 22:58:25.275499,2,314.18,0.0,6.25,51.65,2.32,20.21,21.95,16.57,29.17,31.65,62.0,1002.0,2.63,210.0,Clouds,overcast clouds
sundargarh,2026-06-23 23:53:54.104221,2,311.92,0.0,5.93,50.13,2.25,19.95,21.4,13.13,28.73,31.02,63.0,1003.0,3.31,227.0,Clouds,overcast clouds
sundargarh,2026-06-24 02:05:57.711303,2,304.18,0.08,5.32,46.29,1.95,20.6,21.95,10.72,29.92,32.11,57.0,1004.0,4.71,252.0,Clouds,overcast clouds
sundargarh,2026-06-24 06:35:20.226843,2,208.14,0.16,1.27,78.81,1.01,18.88,19.75,9.34,34.09,36.69,44.0,1002.0,2.97,305.0,Clouds,scattered clouds
sundargarh,2026-06-24 10:12:42.474730,2,176.96,0.1,1.42,81.86,0.76,12.55,13.34,9.3,38.5,40.33,30.0,999.0,1.93,333.0,Clouds,few clouds
sundargarh,2026-06-24 13:10:45.869966,2,233.94,0.07,5.9,52.62,1.49,11.25,13.15,20.28,33.76,35.53,42.0,1000.0,1.82,19.0,Clouds,overcast clouds
sundargarh,2026-06-24 16:07:25.271505,2,381.55,0.0,11.55,31.04,2.2,16.63,21.23,24.78,33.1,35.12,45.0,1002.0,3.54,258.0,Clouds,broken clouds
sundargarh,2026-06-24 18:27:01.154143,2,391.1,0.0,11.77,27.08,1.87,17.22,21.87,24.88,29.41,32.28,63.0,1003.0,2.28,224.0,Clouds,scattered clouds
sundargarh,2026-06-24 20:26:49.671459,2,319.05,0.0,9.11,27.12,1.27,14.05,17.34,26.54,27.44,29.83,72.0,1003.0,4.47,195.0,Clouds,few clouds
sundargarh,2026-06-24 22:06:35.937975,2,306.29,0.0,8.15,25.36,1.2,13.15,15.89,28.69,27.21,29.5,73.0,1003.0,3.1,189.0,Clouds,scattered clouds
sundargarh,2026-06-24 23:57:24.758247,2,316.26,0.0,8.07,26.35,1.58,15.0,17.44,27.51,26.6,26.6,76.0,1004.0,2.65,198.0,Clouds,few clouds
sundargarh,2026-06-25 02:39:09.909813,2,315.06,1.31,4.25,49.38,2.18,21.92,24.72,25.69,31.6,35.34,57.0,1005.0,2.53,217.0,Clouds,few clouds
sundargarh,2026-06-25 06:39:25.892646,2,152.55,0.11,0.64,78.11,0.65,15.85,16.62,7.01,38.48,41.04,32.0,1002.0,1.91,217.0,Clouds,scattered clouds
sundargarh,2026-06-25 10:10:27.466765,2,134.62,0.11,0.68,72.28,0.51,12.39,13.12,6.59,39.34,41.08,28.0,999.0,2.87,215.0,Clouds,broken clouds
sundargarh,2026-06-25 13:09:36.216654,2,177.64,0.03,3.44,62.11,1.08,11.49,12.84,13.79,36.06,38.25,37.0,1000.0,3.33,207.0,Rain,light rain
sundargarh,2026-06-25 16:14:41.131760,1,195.8,0.0,4.18,55.14,1.3,9.82,11.42,15.4,32.9,34.77,45.0,1003.0,1.78,178.0,Clouds,broken clouds
sundargarh,2026-06-25 19:00:39.876704,2,306.55,0.0,8.66,37.33,1.48,13.57,16.8,29.78,30.26,33.33,60.0,1003.0,3.14,165.0,Clear,clear sky
sundargarh,2026-06-25 20:59:21.455363,2,389.94,0.0,11.38,25.82,1.29,16.68,20.52,30.99,29.85,32.55,60.0,1003.0,2.19,163.0,Clouds,few clouds
sundargarh,2026-06-25 22:20:39.510652,2,439.44,0.01,12.75,20.03,1.24,18.6,22.83,30.79,29.53,32.32,62.0,1003.0,1.81,145.0,Clouds,few clouds
sundargarh,2026-06-26 00:03:38.686670,2,568.55,0.17,16.39,8.66,1.24,23.97,29.26,30.14,29.04,31.92,65.0,1004.0,0.96,176.0,Clear,clear sky
sundargarh,2026-06-26 05:02:26.004406,2,192.88,0.15,1.13,77.02,0.91,15.9,17.23,7.99,36.27,40.06,41.0,1004.0,2.14,186.0,Clouds,few clouds
sundargarh,2026-06-26 08:47:58.729876,2,169.75,0.06,0.99,75.32,0.54,10.15,10.96,7.03,39.48,41.73,29.0,1000.0,1.14,154.0,Clouds,scattered clouds
sundargarh,2026-06-26 11:37:58.049624,2,168.67,0.07,1.23,78.3,0.44,9.87,10.65,7.35,33.08,35.09,45.0,1001.0,6.5,178.0,Clouds,broken clouds
sundargarh,2026-06-26 13:59:15.302805,2,197.62,0.0,3.12,70.79,1.27,9.0,10.3,11.77,30.87,33.42,55.0,1002.0,4.81,123.0,Clouds,overcast clouds
sundargarh,2026-06-26 16:15:46.621294,1,246.93,0.0,4.7,59.72,1.43,9.97,11.57,10.65,28.75,32.19,70.0,1005.0,3.0,214.0,Clouds,broken clouds
sundargarh,2026-06-26 18:21:39.912135,2,320.71,0.0,7.12,47.47,1.51,12.63,15.03,12.52,27.44,29.22,66.0,1005.0,1.97,316.0,Clouds,overcast clouds
sundargarh,2026-06-26 20:26:03.220502,2,385.8,0.0,8.98,36.04,1.24,15.35,18.11,17.18,28.38,31.73,72.0,1003.0,1.75,249.0,Clouds,scattered clouds
sundargarh,2026-06-26 22:01:09.453023,2,447.65,0.0,10.25,26.9,1.1,18.7,21.45,19.33,27.87,30.42,70.0,1003.0,1.78,257.0,Clouds,broken clouds
sundargarh,2026-06-26 23:53:28.098448,2,502.55,0.01,11.42,20.52,1.07,22.28,25.22,22.51,26.35,26.35,75.0,1004.0,0.85,17.0,Clouds,overcast clouds
sundargarh,2026-06-27 02:02:47.312425,2,513.91,2.37,7.4,25.11,1.23,22.66,26.23,22.42,27.26,29.4,71.0,1006.0,0.48,322.0,Clouds,overcast clouds
sundargarh,2026-06-27 06:20:00.346196,3,248.22,0.15,1.01,93.38,0.97,27.88,29.45,9.82,36.71,38.81,35.0,1003.0,2.31,177.0,Clouds,few clouds
sundargarh,2026-06-27 09:21:41.364067,2,178.18,0.08,0.6,78.94,0.39,12.01,12.73,6.02,39.13,41.09,29.0,1001.0,1.94,152.0,Clouds,few clouds
sundargarh,2026-06-27 11:18:49.437576,2,175.29,0.06,0.82,78.55,0.37,10.04,10.8,6.6,38.49,40.68,31.0,999.0,1.68,56.0,Clouds,scattered clouds
sundargarh,2026-06-27 13:05:28.880421,2,202.48,0.02,2.44,70.49,0.76,9.21,10.41,12.6,36.18,38.81,38.0,1000.0,3.68,118.0,Clouds,overcast clouds
sundargarh,2026-06-27 15:07:28.783639,2,255.25,0.0,3.88,60.43,1.1,11.32,13.06,17.84,31.66,35.2,56.0,1002.0,3.38,168.0,Clouds,overcast clouds
sundargarh,2026-06-27 16:54:35.997149,2,269.09,0.0,3.85,61.8,1.13,16.19,17.97,17.61,31.3,34.72,57.0,1003.0,3.11,180.0,Clouds,overcast clouds
sundargarh,2026-06-27 17:54:29.452830,2,277.68,0.0,4.05,61.68,1.09,17.97,19.77,18.49,30.3,33.63,61.0,1003.0,3.31,151.0,Clouds,overcast clouds
sundargarh,2026-06-27 19:02:07.324690,2,282.02,0.0,4.14,60.65,1.01,18.08,19.81,19.47,29.15,32.13,65.0,1002.0,3.2,175.0,Clouds,broken clouds
sundargarh,2026-06-27 20:48:09.012285,2,284.23,0.0,4.04,56.98,0.9,15.31,16.92,20.26,27.9,29.98,66.0,1002.0,2.61,151.0,Clouds,overcast clouds
sundargarh,2026-06-27 21:52:46.259208,2,263.03,0.0,3.19,60.95,0.95,11.65,12.92,16.05,27.36,29.48,70.0,1002.0,2.82,142.0,Clouds,overcast clouds
sundargarh,2026-06-27 22:53:02.536162,2,262.3,0.0,2.9,63.2,1.02,10.43,11.55,14.6,26.98,29.16,74.0,1003.0,2.76,129.0,Clouds,broken clouds
sundargarh,2026-06-27 23:52:37.476183,2,271.78,0.0,2.87,64.37,1.13,10.79,11.85,14.27,27.23,29.64,74.0,1003.0,1.75,133.0,Clouds,broken clouds
sundargarh,2026-06-28 02:13:36.402973,2,281.57,0.12,2.72,69.08,1.13,11.03,11.89,11.58,30.81,34.21,59.0,1003.0,2.68,196.0,Clouds,overcast clouds
sundargarh,2026-06-28 06:53:11.118064,2,251.89,0.13,0.94,89.09,0.57,11.13,11.73,7.01,37.6,41.27,37.0,1001.0,4.4,276.0,Clouds,overcast clouds
sundargarh,2026-06-28 09:51:51.359170,2,265.07,0.15,2.73,81.02,0.8,10.38,11.41,16.85,37.86,41.01,35.0,999.0,2.56,264.0,Clouds,broken clouds
sundargarh,2026-06-28 11:40:22.913446,2,392.03,0.07,10.29,75.44,2.21,14.0,16.65,55.56,35.5,39.18,43.0,999.0,7.03,334.0,Rain,moderate rain
sundargarh,2026-06-28 13:11:39.645968,2,244.25,0.01,2.16,82.57,0.64,7.98,8.53,8.08,29.89,33.22,63.0,1001.0,6.09,17.0,Clouds,overcast clouds
sundargarh,2026-06-28 15:10:28.938301,2,264.28,0.0,3.48,72.97,1.13,8.89,10.2,14.23,30.15,32.52,57.0,1001.0,0.62,117.0,Clouds,overcast clouds
sundargarh,2026-06-28 16:57:03.442276,2,272.24,0.0,4.24,62.05,1.3,8.66,10.42,15.94,28.49,31.65,70.0,1003.0,2.12,159.0,Clouds,overcast clouds
sundargarh,2026-06-28 18:00:26.007666,1,274.61,0.0,4.48,57.53,1.25,8.36,10.15,16.23,28.92,32.2,68.0,1002.0,2.13,209.0,Clouds,overcast clouds
sundargarh,2026-06-28 19:23:07.264117,1,275.81,0.0,4.6,53.74,1.13,7.96,9.66,16.24,28.95,31.42,63.0,1002.0,1.53,235.0,Clouds,overcast clouds
sundargarh,2026-06-28 20:51:01.304910,1,288.09,0.0,4.85,47.61,0.99,7.8,9.48,16.4,27.38,29.93,74.0,1002.0,2.84,243.0,Clouds,overcast clouds
sundargarh,2026-06-28 21:52:57.277393,1,292.27,0.0,4.95,45.66,0.97,8.03,9.71,16.21,26.92,29.47,79.0,1002.0,3.84,236.0,Clouds,overcast clouds
sundargarh,2026-06-28 22:53:09.249267,1,295.52,0.0,5.03,44.37,0.97,8.4,10.1,15.68,26.48,26.48,85.0,1002.0,4.39,237.0,Clouds,overcast clouds
sundargarh,2026-06-28 23:59:02.773930,1,296.73,0.0,5.1,43.19,0.98,8.99,10.71,15.03,26.91,29.63,81.0,1002.0,1.84,223.0,Clouds,overcast clouds
sundargarh,2026-06-29 03:40:23.026391,2,284.72,0.42,3.4,49.78,0.88,11.01,11.98,6.9,30.32,34.82,66.0,1004.0,3.47,224.0,Clouds,overcast clouds
sundargarh,2026-06-29 08:48:39.801145,2,203.47,0.06,1.57,76.19,0.49,4.88,5.31,5.16,35.65,40.62,46.0,1000.0,4.9,228.0,Clouds,overcast clouds
sundargarh,2026-06-29 12:55:58.835422,2,217.65,0.0,3.37,71.74,0.92,4.12,5.15,11.48,34.15,38.05,48.0,1000.0,3.61,212.0,Clouds,overcast clouds
sundargarh,2026-06-29 16:33:22.623599,2,430.42,0.0,10.21,34.81,1.78,12.57,15.94,14.16,31.27,35.17,59.0,1001.0,1.97,207.0,Rain,very heavy rain
sundargarh,2026-06-29 18:57:49.780824,1,357.79,0.0,7.9,38.99,1.24,9.97,12.32,11.52,30.09,34.54,67.0,1001.0,2.68,218.0,Rain,heavy intensity rain
sundargarh,2026-06-29 20:47:51.563154,1,320.44,0.0,6.91,37.4,1.06,8.52,10.76,12.63,28.76,32.74,73.0,1001.0,3.2,264.0,Rain,heavy intensity rain
sundargarh,2026-06-29 22:03:25.285806,1,302.19,0.0,6.21,37.65,0.97,7.89,9.71,11.93,27.91,31.44,77.0,1001.0,2.2,272.0,Rain,light rain
sundargarh,2026-06-29 23:52:36.094178,1,277.61,0.0,5.13,39.66,0.76,7.25,8.15,8.39,25.96,25.96,91.0,1001.0,0.8,357.0,Rain,moderate rain
sundargarh,2026-06-30 02:08:07.546469,1,237.42,0.02,3.84,48.78,0.75,5.58,6.19,5.58,26.32,26.32,89.0,1003.0,2.05,159.0,Clouds,overcast clouds
sundargarh,2026-06-30 06:44:35.674443,2,186.33,0.11,1.78,68.17,0.42,5.85,6.28,5.25,30.35,35.14,67.0,1003.0,4.01,234.0,Clouds,overcast clouds
sundargarh,2026-06-30 10:23:48.164462,2,173.9,0.06,1.79,76.25,0.45,6.97,7.39,6.26,32.61,36.94,55.0,1001.0,4.7,240.0,Clouds,overcast clouds
sundargarh,2026-06-30 13:03:06.181256,2,215.85,0.0,3.65,73.05,1.38,12.57,13.31,10.22,29.6,33.65,68.0,1001.0,3.3,219.0,Clouds,overcast clouds
sundargarh,2026-06-30 16:15:04.400331,2,224.71,0.0,4.87,62.46,2.16,10.03,10.93,9.98,27.72,31.41,80.0,1002.0,3.25,190.0,Clouds,overcast clouds
sundargarh,2026-06-30 18:27:31.525764,2,256.75,0.0,6.13,47.24,1.89,10.07,11.4,11.61,27.05,30.15,83.0,1002.0,2.27,205.0,Clouds,overcast clouds
sundargarh,2026-06-30 20:50:12.165932,2,276.48,0.0,6.19,36.42,1.37,10.26,11.17,8.84,26.93,29.86,83.0,1001.0,1.83,208.0,Clouds,overcast clouds
sundargarh,2026-06-30 22:07:53.231586,2,276.64,0.0,6.02,36.45,1.48,10.95,11.64,7.27,26.9,29.88,84.0,1001.0,1.68,210.0,Clouds,overcast clouds
sundargarh,2026-06-30 23:57:15.519453,2,286.53,0.0,6.25,34.22,1.5,11.74,12.28,6.7,26.51,26.51,85.0,1001.0,1.8,185.0,Clouds,overcast clouds
sundargarh,2026-07-01 02:49:12.319238,2,295.51,0.08,7.14,28.68,1.64,12.44,13.34,6.15,29.03,32.79,70.0,1003.0,2.26,219.0,Clouds,overcast clouds
sundargarh,2026-07-01 07:02:47.698133,2,273.75,0.51,4.83,50.34,1.09,17.98,18.73,5.85,32.52,36.45,54.0,1000.0,2.53,149.0,Clouds,overcast clouds
sundargarh,2026-07-01 11:15:50.324553,2,272.6,0.02,4.38,59.72,0.89,20.98,21.83,8.17,33.03,37.25,53.0,998.0,4.41,190.0,Clouds,overcast clouds
sundargarh,2026-07-01 14:04:13.905997,2,245.8,0.0,5.68,52.67,1.52,16.85,17.87,8.73,30.41,35.03,66.0,1000.0,2.93,197.0,Clouds,overcast clouds
sundargarh,2026-07-01 17:04:58.371113,2,283.55,0.0,6.73,38.97,1.92,15.01,16.38,7.74,28.48,32.79,77.0,1001.0,1.99,203.0,Rain,light rain
sundargarh,2026-07-01 19:28:21.498638,2,294.85,0.0,6.85,32.7,1.6,12.87,13.77,7.88,28.25,32.24,77.0,1001.0,1.99,212.0,Clouds,overcast clouds
sundargarh,2026-07-01 21:15:43.576278,2,282.35,0.0,6.18,29.81,1.05,11.67,12.23,6.82,27.69,31.34,80.0,999.0,1.27,184.0,Clouds,overcast clouds
sundargarh,2026-07-01 23:01:07.829348,2,260.11,0.0,6.08,26.54,0.74,10.4,10.85,6.16,27.28,30.48,81.0,999.0,1.31,204.0,Clouds,overcast clouds
sundargarh,2026-07-02 02:05:21.369517,2,260.59,0.09,7.6,21.31,0.94,11.65,12.36,6.51,28.81,32.86,73.0,1001.0,1.18,274.0,Clouds,overcast clouds
sundargarh,2026-07-02 06:29:01.945381,2,286.3,0.93,8.81,25.73,1.07,14.66,15.58,8.09,33.82,37.68,49.0,1000.0,1.21,2.0,Clouds,overcast clouds
sundargarh,2026-07-02 09:51:07.140452,2,269.12,0.12,5.98,47.09,0.55,11.74,12.31,6.14,34.19,37.81,47.0,997.0,2.21,236.0,Clouds,overcast clouds
sundargarh,2026-07-02 12:01:06.758754,2,264.62,0.07,5.65,51.71,0.65,11.91,12.45,6.0,33.58,37.81,51.0,997.0,1.45,262.0,Rain,heavy intensity rain
sundargarh,2026-07-02 15:04:08.110747,2,386.51,0.0,12.61,26.91,2.35,16.01,16.94,5.76,31.7,36.1,59.0,999.0,0.97,168.0,Clouds,overcast clouds
sundargarh,2026-07-02 17:25:09.381084,2,389.53,0.0,14.3,21.8,2.85,17.7,18.52,5.15,28.78,32.79,73.0,1001.0,2.92,204.0,Clouds,overcast clouds
sundargarh,2026-07-02 19:06:59.736725,2,405.5,0.0,14.69,17.59,2.78,19.05,19.58,4.79,27.55,31.0,80.0,1000.0,1.4,161.0,Rain,light rain
sundargarh,2026-07-02 20:52:08.595845,2,427.14,0.0,13.95,15.16,1.86,18.55,18.95,4.66,27.31,30.67,82.0,999.0,1.18,170.0,Rain,moderate rain
sundargarh,2026-07-02 21:57:43.452817,2,436.47,0.01,13.58,14.23,1.5,18.34,18.73,4.79,27.06,30.17,83.0,999.0,1.04,191.0,Clouds,overcast clouds
sundargarh,2026-07-02 22:59:51.297359,2,444.81,0.01,13.64,13.13,1.4,18.21,18.61,5.18,26.76,29.63,85.0,999.0,0.95,198.0,Clouds,overcast clouds
sundargarh,2026-07-03 00:05:38.604999,2,451.09,0.01,13.75,12.33,1.51,18.06,18.49,5.69,26.76,29.63,85.0,999.0,0.35,135.0,Clouds,overcast clouds
sundargarh,2026-07-03 04:35:03.774615,2,431.6,0.28,13.02,14.19,3.3,20.16,21.39,6.48,31.74,36.77,61.0,1000.0,2.6,113.0,Clouds,overcast clouds
sundargarh,2026-07-03 07:54:34.254546,2,416.77,0.49,14.81,15.67,3.19,19.76,20.75,6.17,32.21,36.95,58.0,998.0,3.81,166.0,Clouds,overcast clouds
sundargarh,2026-07-03 10:25:18.835128,2,421.44,0.42,14.2,14.49,2.25,17.63,18.48,6.43,31.75,36.79,61.0,997.0,3.02,166.0,Clouds,overcast clouds
sundargarh,2026-07-03 12:51:48.040761,2,418.84,0.04,14.21,12.61,1.49,15.43,16.39,6.98,28.28,33.16,82.0,997.0,2.78,162.0,Rain,heavy intensity rain
sundargarh,2026-07-03 15:00:54.691140,2,508.81,0.48,19.17,2.82,2.29,20.22,23.25,14.48,27.56,31.68,85.0,999.0,2.65,180.0,Clouds,overcast clouds
sundargarh,2026-07-03 17:11:04.908816,2,520.45,0.73,19.92,1.41,2.47,20.79,23.54,9.64,26.92,30.31,88.0,1000.0,2.47,183.0,Rain,moderate rain
sundargarh,2026-07-03 18:59:27.926015,2,452.89,0.05,20.72,5.13,2.06,19.39,20.21,5.44,25.92,26.97,92.0,999.0,2.18,185.0,Rain,light rain
sundargarh,2026-07-03 20:13:48.943962,2,450.11,0.04,20.0,5.84,1.96,19.77,20.46,5.85,25.85,26.87,91.0,998.0,1.7,210.0,Clouds,overcast clouds
sundargarh,2026-07-03 21:55:32.734398,2,478.36,0.05,18.7,5.92,2.29,20.84,21.52,6.89,25.86,26.85,90.0,998.0,1.06,224.0,Clouds,overcast clouds
sundargarh,2026-07-03 22:53:32.317007,2,503.12,0.09,18.38,5.15,2.48,21.33,22.05,7.91,25.76,26.77,91.0,998.0,1.04,199.0,Clouds,overcast clouds
sundargarh,2026-07-03 23:55:29.684773,2,526.86,0.13,18.23,4.37,2.67,22.16,22.95,8.92,25.84,26.83,90.0,998.0,1.3,186.0,Clouds,overcast clouds
sundargarh,2026-07-04 01:48:46.504702,3,584.84,1.6,16.22,5.43,3.42,25.06,26.45,9.62,27.43,30.84,81.0,999.0,1.16,174.0,Clouds,overcast clouds
sundargarh,2026-07-04 05:35:59.260510,3,547.33,0.5,18.49,13.54,5.52,25.44,26.56,5.04,32.62,37.58,57.0,997.0,3.82,80.0,Clouds,overcast clouds
sundargarh,2026-07-04 08:20:57.021577,2,425.94,1.29,12.86,27.22,5.16,18.21,19.04,4.36,33.4,38.06,53.0,995.0,3.68,13.0,Clouds,overcast clouds
sundargarh,2026-07-04 10:48:08.479595,2,388.68,0.3,12.3,34.58,4.73,18.11,19.11,6.16,32.71,37.79,57.0,994.0,3.67,72.0,Clouds,overcast clouds
sundargarh,2026-07-04 12:00:56.428669,2,392.44,0.11,12.5,33.99,4.24,18.19,19.28,6.91,30.78,35.9,66.0,994.0,3.93,74.0,Rain,heavy intensity rain
sundargarh,2026-07-04 14:22:49.299591,3,527.13,0.0,13.48,29.44,4.67,32.98,34.41,7.35,29.54,34.38,72.0,995.0,2.73,67.0,Rain,light rain
sundargarh,2026-07-04 15:53:23.763151,3,484.64,0.0,12.65,27.28,3.82,25.08,25.89,4.94,28.79,33.56,77.0,996.0,2.47,80.0,Rain,moderate rain
sundargarh,2026-07-04 16:51:18.991288,3,481.55,0.0,11.91,27.99,4.12,25.02,25.69,4.22,28.65,33.4,78.0,997.0,1.41,40.0,Rain,moderate rain
sundargarh,2026-07-04 17:55:00.959262,3,476.41,0.0,13.47,27.11,5.16,27.53,28.08,3.59,28.27,32.61,79.0,996.0,3.41,41.0,Rain,light rain
sundargarh,2026-07-04 18:53:59.939563,3,457.97,0.0,16.46,27.55,5.98,31.14,31.56,2.83,28.67,33.08,76.0,996.0,3.08,30.0,Clouds,overcast clouds
sundargarh,2026-07-04 20:04:07.717032,3,453.9,0.0,18.31,29.09,6.5,34.61,34.99,2.7,28.53,32.74,76.0,995.0,3.56,29.0,Clouds,overcast clouds
sundargarh,2026-07-04 21:46:09.616887,3,470.41,0.0,18.52,30.09,6.95,36.78,37.13,3.04,27.76,31.23,78.0,994.0,4.03,30.0,Clouds,overcast clouds
sundargarh,2026-07-04 22:45:31.551643,3,473.67,0.0,17.68,28.89,6.92,35.04,35.4,3.12,27.67,31.03,78.0,995.0,4.44,25.0,Clouds,overcast clouds
sundargarh,2026-07-04 23:52:15.843956,3,469.75,0.0,16.64,27.64,6.52,32.73,33.11,3.06,27.79,31.3,78.0,995.0,4.62,27.0,Clouds,overcast clouds
sundargarh,2026-07-05 01:54:18.576229,3,440.72,0.29,14.1,29.21,5.25,26.91,27.47,3.04,29.7,34.1,69.0,995.0,6.92,28.0,Clouds,overcast clouds
sundargarh,2026-07-05 05:54:05.954540,2,345.8,1.04,9.24,54.32,4.51,20.23,20.91,2.89,30.81,35.97,66.0,995.0,4.37,41.0,Clouds,overcast clouds
sundargarh,2026-07-05 08:38:38.563736,3,342.23,0.27,6.75,63.98,4.07,26.38,27.15,5.11,30.42,35.82,69.0,993.0,2.8,28.0,Clouds,overcast clouds
sundargarh,2026-07-05 10:57:26.862584,2,346.74,0.08,6.89,61.01,3.44,24.31,24.97,4.93,29.93,35.6,73.0,993.0,0.7,325.0,Clouds,overcast clouds
sundargarh,2026-07-05 12:11:16.999262,2,333.97,0.03,6.46,61.53,2.98,21.59,22.16,4.27,28.55,33.52,80.0,993.0,1.67,10.0,Rain,light rain
sundargarh,2026-07-05 14:24:45.629715,2,406.38,0.0,9.44,40.37,2.95,20.61,21.03,3.2,28.3,33.04,81.0,994.0,1.78,356.0,Clouds,overcast clouds
sundargarh,2026-07-05 15:59:57.840383,2,364.39,0.0,9.09,31.69,2.45,17.26,17.66,3.14,27.68,32.01,85.0,995.0,3.07,42.0,Rain,light rain
sundargarh,2026-07-05 17:11:35.961640,2,333.96,0.0,9.36,27.49,2.17,15.02,15.36,2.84,27.55,31.66,85.0,995.0,3.92,54.0,Rain,heavy intensity rain
sundargarh,2026-07-05 18:59:12.011414,2,274.87,0.0,8.56,26.1,1.43,11.08,11.25,2.26,26.7,29.73,88.0,995.0,3.1,72.0,Rain,moderate rain
sundargarh,2026-07-05 20:12:49.738764,1,248.19,0.0,7.74,26.26,1.16,9.3,9.47,2.27,26.47,26.47,90.0,994.0,2.46,96.0,Rain,light rain
sundargarh,2026-07-05 21:49:14.471949,1,206.65,0.0,6.67,23.96,1.02,6.41,6.57,2.47,25.46,26.52,94.0,994.0,3.03,157.0,Rain,moderate rain
sundargarh,2026-07-05 22:49:34.415422,1,193.87,0.0,6.45,22.75,1.08,6.08,6.25,2.66,24.83,25.9,97.0,994.0,4.49,179.0,Rain,light rain
sundargarh,2026-07-05 23:55:37.346745,1,184.66,0.0,6.51,21.76,1.27,6.1,6.3,2.84,26.1,26.1,90.0,994.0,1.65,194.0,Clouds,overcast clouds
sundargarh,2026-07-06 02:01:19.001216,1,172.96,0.02,6.64,20.13,1.44,5.8,6.19,2.94,26.8,29.99,88.0,996.0,3.27,204.0,Rain,light rain
sundargarh,2026-07-06 06:59:28.659471,1,139.06,0.59,3.11,31.66,1.54,6.4,6.75,2.85,25.9,26.92,91.0,996.0,6.88,233.0,Rain,moderate rain
sundargarh,2026-07-06 11:26:58.413575,2,123.33,0.08,2.13,51.66,1.08,10.78,11.34,4.63,25.45,26.4,90.0,996.0,6.86,227.0,Clouds,overcast clouds
sundargarh,2026-07-06 14:54:49.536883,2,135.76,0.0,3.09,45.34,1.02,10.18,11.08,5.42,24.75,25.66,91.0,999.0,6.08,206.0,Rain,light rain
sundargarh,2026-07-06 17:33:46.038000,1,145.96,0.0,3.52,37.67,0.91,7.54,8.08,4.18,24.39,25.31,93.0,1000.0,6.08,204.0,Clouds,overcast clouds
sundargarh,2026-07-06 19:33:16.565464,1,142.01,0.0,3.33,35.5,0.66,5.22,5.51,3.58,24.22,25.15,94.0,1000.0,5.53,198.0,Clouds,overcast clouds
sundargarh,2026-07-06 21:19:27.410856,1,139.49,0.0,3.16,35.74,0.56,4.27,4.53,3.51,24.23,25.14,93.0,999.0,4.89,193.0,Clouds,overcast clouds
sundargarh,2026-07-06 22:55:57.167005,1,140.57,0.0,2.96,36.41,0.5,3.59,3.89,4.0,24.31,25.22,93.0,999.0,4.98,189.0,Clouds,overcast clouds
sundargarh,2026-07-06 23:57:57.383825,1,144.18,0.0,2.95,36.19,0.52,3.67,4.01,4.25,24.49,25.45,94.0,1000.0,5.25,189.0,Clouds,overcast clouds
sundargarh,2026-07-07 02:37:33.007345,1,147.98,0.24,2.92,35.44,0.88,4.23,4.89,4.79,26.69,29.3,83.0,1002.0,5.71,205.0,Clouds,overcast clouds
sundargarh,2026-07-07 06:35:22.683771,1,118.48,0.2,0.92,57.04,1.28,9.37,10.32,5.68,31.46,36.12,61.0,1000.0,6.7,218.0,Clouds,overcast clouds
sundargarh,2026-07-07 10:17:38.981491,1,102.94,0.15,0.82,59.68,1.09,8.15,9.12,5.21,31.49,36.76,63.0,998.0,6.36,221.0,Clouds,broken clouds
sundargarh,2026-07-07 13:10:43.928362,1,109.59,0.04,1.89,54.94,1.02,5.49,6.33,6.49,29.48,34.24,72.0,999.0,4.25,194.0,Clouds,few clouds
sundargarh,2026-07-07 16:16:57.609094,1,125.17,0.0,3.02,43.76,1.47,3.04,4.08,9.46,27.73,31.43,80.0,1002.0,3.37,201.0,Clouds,broken clouds
sundargarh,2026-07-07 18:54:10.205463,1,127.78,0.0,2.88,44.83,1.23,2.09,2.91,10.05,26.82,29.35,80.0,1002.0,3.89,205.0,Clouds,scattered clouds
sundargarh,2026-07-07 20:44:32.923165,1,126.74,0.0,2.59,47.54,0.97,1.79,2.33,8.28,26.64,26.64,79.0,1001.0,3.99,192.0,Clouds,broken clouds
sundargarh,2026-07-07 22:04:16.572946,1,126.85,0.0,2.47,48.24,0.89,1.69,2.16,7.61,26.15,26.15,81.0,1001.0,4.2,189.0,Clouds,broken clouds
sundargarh,2026-07-07 23:44:50.235766,1,129.33,0.0,2.45,47.76,0.87,1.68,2.13,7.47,25.53,26.36,85.0,1001.0,3.44,193.0,Clouds,overcast clouds
sundargarh,2026-07-08 01:26:36.457973,1,131.29,0.03,2.52,46.2,0.9,1.72,2.22,7.43,26.36,26.36,82.0,1002.0,3.91,195.0,Clouds,overcast clouds
sundargarh,2026-07-08 04:57:27.781402,1,124.72,0.23,1.17,55.3,1.15,5.9,6.72,6.22,31.48,35.89,60.0,1002.0,6.65,224.0,Clouds,overcast clouds
sundargarh,2026-07-08 07:25:06.331528,1,118.45,0.08,1.16,57.34,1.16,7.94,8.82,5.96,31.92,36.3,58.0,1001.0,6.74,218.0,Clouds,overcast clouds
sundargarh,2026-07-08 10:05:43.000858,1,106.28,0.09,1.15,55.73,1.0,6.67,7.4,5.49,31.72,35.87,58.0,999.0,5.75,218.0,Clouds,overcast clouds
sundargarh,2026-07-08 12:13:03.747365,1,108.18,0.04,1.8,51.62,1.12,5.57,6.42,6.8,31.61,35.9,59.0,999.0,4.75,190.0,Clouds,overcast clouds
sundargarh,2026-07-08 15:07:42.637419,1,127.43,0.0,3.32,41.61,1.45,2.97,4.08,10.52,29.46,33.55,69.0,1001.0,2.85,165.0,Clouds,overcast clouds
sundargarh,2026-07-08 17:17:31.089345,1,132.94,0.0,3.41,39.79,1.34,2.67,3.74,11.17,29.1,32.76,69.0,1002.0,3.35,178.0,Clouds,overcast clouds
sundargarh,2026-07-08 19:04:15.367972,1,128.64,0.0,3.06,39.44,1.15,2.16,2.94,10.15,28.75,32.02,69.0,1002.0,5.69,202.0,Clouds,overcast clouds
sundargarh,2026-07-08 20:55:09.283021,1,127.83,0.0,2.84,39.07,1.07,2.28,3.02,10.78,27.46,30.32,76.0,1001.0,4.65,204.0,Clouds,overcast clouds
sundargarh,2026-07-08 21:57:52.632179,1,125.66,0.0,2.73,38.45,0.96,2.18,2.82,10.41,27.02,29.69,79.0,1001.0,3.43,199.0,Clouds,overcast clouds
sundargarh,2026-07-08 22:59:51.230067,1,125.3,0.0,2.74,37.4,0.87,1.99,2.49,9.35,27.0,29.74,80.0,1001.0,3.42,201.0,Clouds,overcast clouds
sundargarh,2026-07-09 00:09:22.183153,1,129.27,0.0,2.94,35.8,0.82,1.96,2.37,8.12,26.51,26.51,83.0,1001.0,2.82,200.0,Clouds,overcast clouds
sundargarh,2026-07-09 04:46:09.995762,1,177.23,0.41,2.82,50.13,1.07,4.67,5.1,4.46,31.23,36.43,64.0,1002.0,5.09,228.0,Clouds,overcast clouds
sundargarh,2026-07-09 08:18:33.796994,2,176.76,0.09,1.91,69.3,1.01,4.92,5.2,3.74,31.6,37.63,65.0,1001.0,4.51,227.0,Clouds,overcast clouds
sundargarh,2026-07-09 11:44:16.194603,2,174.64,0.02,2.6,69.22,1.37,4.95,5.39,5.56,29.45,34.61,74.0,1000.0,4.02,235.0,Clouds,overcast clouds
sundargarh,2026-07-09 14:27:19.887200,1,205.62,0.0,5.5,32.52,1.15,5.37,6.37,6.44,27.12,30.75,87.0,1002.0,2.46,284.0,Rain,light rain
sundargarh,2026-07-09 17:11:20.967937,1,223.38,0.0,5.58,28.17,1.2,8.11,9.97,8.83,26.8,29.9,87.0,1003.0,2.84,265.0,Clouds,overcast clouds
sundargarh,2026-07-09 19:19:21.597529,1,227.1,0.0,5.76,23.62,1.14,9.18,11.02,9.49,27.07,30.2,83.0,1002.0,3.63,238.0,Clouds,overcast clouds
sundargarh,2026-07-09 21:10:19.740697,1,213.68,0.0,5.55,20.75,1.12,8.51,10.33,9.82,25.88,26.82,88.0,1001.0,3.69,236.0,Clouds,overcast clouds
sundargarh,2026-07-09 23:01:43.453504,1,196.93,0.0,5.17,19.89,1.1,7.06,8.36,8.53,25.92,26.89,89.0,1001.0,2.13,219.0,Clouds,overcast clouds
sundargarh,2026-07-10 01:47:07.529278,1,187.85,0.24,4.69,18.81,1.11,6.31,7.49,7.89,26.66,26.66,85.0,1003.0,3.37,212.0,Clouds,overcast clouds
sundargarh,2026-07-10 05:52:41.569695,1,139.73,0.22,3.1,52.51,1.53,7.54,8.32,4.82,32.66,38.33,59.0,1002.0,4.27,256.0,Clouds,overcast clouds
sundargarh,2026-07-10 08:58:47.071319,2,152.65,0.05,2.53,67.36,1.65,6.46,6.99,4.95,33.86,39.47,54.0,1000.0,4.42,280.0,Clouds,overcast clouds
sundargarh,2026-07-10 11:48:53.161120,1,179.04,0.02,5.21,55.1,2.42,7.31,7.97,8.51,31.9,37.45,62.0,1000.0,2.53,274.0,Rain,light rain
sundargarh,2026-07-10 13:54:11.577099,1,187.43,0.0,5.48,37.87,1.59,5.54,6.61,8.68,28.73,33.41,77.0,1002.0,0.97,273.0,Rain,light rain
sundargarh,2026-07-10 16:13:14.266624,1,203.51,0.0,5.37,35.28,1.58,6.11,7.73,11.53,24.96,25.94,93.0,1004.0,4.55,309.0,Rain,light rain
sundargarh,2026-07-10 18:16:19.881354,1,200.46,0.0,5.08,35.62,1.8,5.97,7.82,14.09,25.25,26.23,92.0,1004.0,1.98,253.0,Rain,heavy intensity rain
sundargarh,2026-07-10 20:12:07.665860,1,185.56,0.0,4.47,38.67,2.32,5.91,7.71,16.64,26.36,26.36,85.0,1002.0,2.54,233.0,Clouds,overcast clouds
sundargarh,2026-07-10 21:50:25.384771,1,181.51,0.0,4.25,39.11,2.68,6.39,8.18,19.13,25.99,25.99,87.0,1002.0,0.83,295.0,Clouds,overcast clouds
sundargarh,2026-07-10 22:48:46.272549,1,179.19,0.0,4.14,39.49,2.79,6.74,8.38,18.65,25.86,26.8,88.0,1002.0,0.89,5.0,Clouds,overcast clouds
sundargarh,2026-07-10 23:46:19.118580,1,176.87,0.0,4.04,39.33,2.76,7.28,8.72,17.39,25.89,26.83,88.0,1002.0,0.09,131.0,Clouds,overcast clouds
sundargarh,2026-07-11 01:26:19.266411,1,173.7,0.01,3.97,38.32,2.7,8.01,9.34,15.94,25.77,26.75,90.0,1002.0,2.42,201.0,Clouds,overcast clouds
sundargarh,2026-07-11 04:52:33.492282,2,145.1,0.14,3.2,57.62,4.82,12.26,14.95,7.01,27.68,30.92,77.0,1002.0,4.26,238.0,Clouds,overcast clouds
sundargarh,2026-07-11 07:04:57.157301,2,149.95,0.09,1.96,72.05,4.55,15.69,18.32,6.71,30.59,34.7,63.0,1001.0,4.94,238.0,Clouds,overcast clouds
sundargarh,2026-07-11 09:15:23.181140,2,148.41,0.14,1.94,76.11,4.05,14.62,16.7,6.42,33.02,36.92,52.0,1000.0,4.6,244.0,Clouds,overcast clouds
sundargarh,2026-07-11 10:53:10.077801,2,143.44,0.09,1.9,80.24,3.04,10.32,11.35,5.37,32.14,36.21,56.0,999.0,4.07,250.0,Clouds,overcast clouds
sundargarh,2026-07-11 11:43:23.121748,2,143.06,0.05,1.97,81.39,2.6,8.68,9.32,5.05,31.69,35.8,58.0,999.0,3.93,229.0,Clouds,overcast clouds
sundargarh,2026-07-11 12:51:34.551130,2,153.9,0.01,2.51,77.64,2.49,9.57,10.32,7.7,29.58,33.2,66.0,1000.0,3.63,227.0,Clouds,overcast clouds
sundargarh,2026-07-11 14:17:24.319027,2,174.04,0.0,3.27,70.9,2.68,12.07,13.26,12.59,28.85,32.23,69.0,1000.0,3.34,233.0,Clouds,overcast clouds
sundargarh,2026-07-11 15:43:45.452060,2,198.19,0.0,4.25,62.07,2.8,14.5,16.41,20.29,28.56,31.79,70.0,1001.0,3.75,248.0,Clouds,overcast clouds
sundargarh,2026-07-11 16:41:39.377744,2,199.42,0.0,4.4,58.21,2.65,13.69,15.67,21.93,27.85,30.76,73.0,1001.0,3.31,248.0,Clouds,broken clouds
sundargarh,2026-07-11 17:44:47.860541,2,193.0,0.0,4.37,54.24,2.57,12.03,13.84,22.18,27.33,30.05,76.0,1001.0,2.48,239.0,Clouds,broken clouds
sundargarh,2026-07-11 18:42:59.351578,2,181.99,0.0,4.19,50.69,3.03,10.29,11.61,19.54,26.74,28.86,76.0,1001.0,2.59,234.0,Clouds,broken clouds
sundargarh,2026-07-11 19:58:10.806778,1,179.11,0.0,4.14,47.46,3.34,9.84,10.94,17.12,26.46,26.46,78.0,1000.0,2.39,232.0,Clouds,scattered clouds
sundargarh,2026-07-11 20:42:26.277686,2,178.26,0.0,4.04,45.31,3.44,10.2,11.31,15.27,26.23,26.23,80.0,1000.0,2.39,233.0,Clouds,broken clouds
sundargarh,2026-07-11 21:38:45.941863,2,177.39,0.0,3.92,43.82,2.92,10.94,12.28,15.29,26.17,26.17,80.0,1000.0,2.17,233.0,Clouds,broken clouds
sundargarh,2026-07-11 22:36:08.823788,2,176.48,0.0,3.81,43.19,2.63,11.73,13.36,16.66,25.99,25.99,81.0,1000.0,2.59,232.0,Clouds,broken clouds
sundargarh,2026-07-11 23:42:01.510857,2,176.08,0.0,3.75,42.67,2.63,12.35,14.15,17.72,25.8,26.58,82.0,1001.0,2.63,231.0,Clouds,broken clouds
sundargarh,2026-07-12 01:28:11.617602,2,175.48,0.01,3.73,41.77,2.81,12.77,14.73,18.4,26.89,29.41,79.0,1001.0,2.83,245.0,Clouds,broken clouds
sundargarh,2026-07-12 05:14:58.750976,2,151.49,0.12,3.72,47.88,5.43,12.24,14.4,10.5,33.12,36.24,49.0,1001.0,3.95,274.0,Clouds,broken clouds
sundargarh,2026-07-12 07:56:32.032472,2,135.75,0.07,2.38,61.19,3.39,9.31,12.08,7.14,35.42,38.33,41.0,998.0,5.04,282.0,Clouds,broken clouds
sundargarh,2026-07-12 09:43:39.133593,2,130.99,0.06,2.17,63.67,2.87,8.45,11.59,6.86,34.66,37.8,44.0,997.0,3.03,286.0,Clouds,broken clouds
sundargarh,2026-07-12 11:03:40.548014,2,131.64,0.04,2.55,62.88,3.28,8.08,11.66,7.59,32.22,35.82,54.0,997.0,2.83,282.0,Clouds,overcast clouds
sundargarh,2026-07-12 12:52:25.295107,1,141.6,0.0,4.02,56.15,5.09,7.8,11.5,9.7,32.27,35.65,53.0,998.0,3.77,288.0,Clouds,overcast clouds
sundargarh,2026-07-12 14:22:03.431700,1,149.13,0.0,4.06,59.81,5.36,7.61,9.31,11.2,31.35,34.58,56.0,999.0,3.28,265.0,Clouds,overcast clouds
sundargarh,2026-07-12 15:48:05.885357,2,152.4,0.0,3.91,59.67,6.58,10.42,12.56,12.87,30.24,33.51,61.0,1000.0,2.5,281.0,Clouds,overcast clouds
sundargarh,2026-07-12 16:43:36.645551,2,151.54,0.0,3.7,59.52,6.44,10.93,13.18,13.42,29.79,32.82,62.0,1000.0,2.81,252.0,Clouds,overcast clouds
sundargarh,2026-07-12 17:50:01.080202,2,149.16,0.0,3.48,59.14,5.94,10.84,13.06,13.9,29.27,32.37,65.0,1000.0,3.26,237.0,Clouds,overcast clouds
sundargarh,2026-07-12 18:46:40.051453,2,146.77,0.0,3.29,58.11,5.22,10.46,12.51,14.49,28.67,31.85,69.0,1000.0,3.21,239.0,Clouds,overcast clouds
sundargarh,2026-07-12 20:00:18.471633,2,147.94,0.0,3.22,56.43,4.62,10.26,12.2,15.51,28.4,31.46,70.0,1000.0,2.96,244.0,Clouds,overcast clouds
sundargarh,2026-07-12 20:51:02.164812,2,150.12,0.0,3.21,54.3,4.25,10.1,11.93,16.41,28.17,31.29,72.0,999.0,2.94,249.0,Clouds,overcast clouds
sundargarh,2026-07-12 21:38:26.847647,2,152.8,0.0,3.28,51.95,4.17,10.06,11.82,16.93,28.17,31.29,72.0,999.0,2.94,249.0,Clouds,overcast clouds
sundargarh,2026-07-12 22:37:11.831365,2,158.01,0.0,3.49,49.7,4.31,10.57,12.33,17.45,27.98,30.76,71.0,999.0,3.51,271.0,Clouds,overcast clouds
sundargarh,2026-07-12 23:41:37.778269,2,165.27,0.0,3.84,47.11,4.54,11.89,13.83,18.31,27.39,29.74,72.0,1000.0,2.44,274.0,Clouds,overcast clouds
sundargarh,2026-07-13 01:29:01.856794,2,174.86,0.02,4.33,44.13,4.92,13.75,16.05,18.88,28.22,31.1,70.0,1001.0,1.19,276.0,Clouds,overcast clouds
sundargarh,2026-07-13 05:24:15.773880,2,146.05,0.13,2.14,65.19,2.42,8.14,9.65,6.21,33.88,37.17,47.0,1002.0,2.91,299.0,Clouds,overcast clouds
sundargarh,2026-07-13 08:44:27.777328,2,139.63,0.04,1.31,86.22,1.74,7.03,8.04,5.36,36.7,39.83,38.0,999.0,3.33,301.0,Clouds,overcast clouds
sundargarh,2026-07-13 11:49:52.415299,2,171.06,0.03,2.75,69.66,1.68,8.31,10.19,13.59,34.85,38.52,45.0,998.0,3.66,284.0,Clouds,overcast clouds
sundargarh,2026-07-13 14:00:23.581402,1,176.91,0.0,3.38,54.54,1.57,5.79,7.92,15.65,33.41,36.83,49.0,1000.0,1.46,277.0,Clouds,overcast clouds
sundargarh,2026-07-13 16:35:36.463265,1,207.09,0.0,6.02,41.01,4.11,7.54,10.21,20.6,32.18,35.21,52.0,1001.0,0.77,130.0,Clouds,overcast clouds
sundargarh,2026-07-13 18:25:58.473822,1,210.76,0.0,7.02,37.78,6.28,8.08,10.89,20.3,32.01,35.39,54.0,1001.0,0.49,250.0,Clouds,overcast clouds
sundargarh,2026-07-13 20:07:03.015234,2,208.9,0.0,7.32,38.24,10.11,10.28,13.58,18.24,30.64,33.87,59.0,1000.0,2.53,270.0,Clouds,overcast clouds
sundargarh,2026-07-13 21:43:20.313089,2,214.72,0.0,6.55,42.42,9.94,13.46,16.97,18.53,30.14,33.1,60.0,1000.0,2.06,298.0,Clouds,overcast clouds
sundargarh,2026-07-13 22:43:29.679616,2,227.18,0.0,6.86,41.38,10.02,15.52,19.32,20.06,29.75,32.75,62.0,1000.0,1.79,303.0,Clouds,overcast clouds
sundargarh,2026-07-13 23:42:00.184616,2,242.72,0.0,7.47,39.03,10.25,17.49,21.63,21.7,29.63,32.7,63.0,1001.0,2.12,305.0,Clouds,overcast clouds
sundargarh,2026-07-14 01:18:17.283668,2,255.94,0.04,8.02,36.31,10.14,18.8,23.33,22.48,29.99,33.86,65.0,1001.0,2.2,302.0,Clouds,overcast clouds
sundargarh,2026-07-14 04:39:26.449407,2,164.81,0.22,2.71,71.93,4.62,19.4,28.84,7.92,35.28,38.39,42.0,1002.0,3.11,326.0,Clouds,overcast clouds
sundargarh,2026-07-14 07:02:23.791128,2,149.45,0.04,2.05,81.52,5.54,20.85,32.32,6.38,37.51,39.95,34.0,1000.0,3.34,306.0,Clouds,broken clouds
sundargarh,2026-07-14 09:44:43.869416,2,147.08,0.04,1.59,90.26,4.72,17.9,27.16,6.57,37.38,39.71,34.0,998.0,2.63,178.0,Clouds,overcast clouds
sundargarh,2026-07-14 11:16:29.034330,2,155.72,0.03,2.02,85.84,4.28,16.42,25.53,8.7,35.22,37.94,41.0,998.0,3.68,215.0,Rain,moderate rain
sundargarh,2026-07-14 13:03:29.083767,2,176.27,0.0,2.99,76.62,3.2,15.17,24.53,13.34,32.95,36.77,52.0,1000.0,1.92,127.0,Rain,moderate rain
sundargarh,2026-07-14 15:15:31.228339,2,194.1,0.0,2.65,76.45,2.39,17.86,25.33,15.65,31.52,34.92,56.0,1001.0,0.9,8.0,Clouds,overcast clouds
sundargarh,2026-07-14 17:00:59.584134,2,214.24,0.0,2.65,66.3,2.05,18.04,23.1,17.38,30.38,34.02,62.0,1002.0,1.94,93.0,Clouds,overcast clouds
sundargarh,2026-07-14 18:59:39.794735,2,218.33,0.0,2.8,57.06,1.96,17.04,20.31,15.29,29.31,33.22,69.0,1002.0,0.78,153.0,Clouds,overcast clouds
sundargarh,2026-07-14 20:11:08.721685,2,225.42,0.0,3.33,52.24,2.35,17.38,20.14,14.48,29.3,33.19,69.0,1001.0,0.83,125.0,Clouds,overcast clouds
sundargarh,2026-07-14 21:45:31.111775,2,245.86,0.0,4.51,44.58,4.34,18.54,20.35,11.64,29.11,32.97,70.0,1001.0,0.29,314.0,Clouds,overcast clouds
sundargarh,2026-07-14 22:45:21.749083,2,260.47,0.0,5.06,42.16,5.06,18.58,19.7,8.68,28.76,32.38,71.0,1001.0,0.83,27.0,Clouds,overcast clouds
sundargarh,2026-07-14 23:41:19.754139,2,279.86,0.0,5.74,39.94,5.13,19.13,19.96,6.53,28.8,32.3,70.0,1002.0,1.03,38.0,Clouds,overcast clouds
sundargarh,2026-07-15 01:15:42.671811,2,293.7,0.01,6.25,36.9,4.5,19.81,20.62,5.53,29.92,33.71,65.0,1002.0,1.73,17.0,Clouds,scattered clouds
sundargarh,2026-07-15 04:39:15.513770,2,299.06,0.53,6.42,40.96,3.1,18.69,19.83,5.99,30.89,34.86,61.0,1003.0,0.55,93.0,Clouds,overcast clouds
sundargarh,2026-07-15 07:05:41.585222,2,265.38,0.21,4.45,55.11,3.08,20.63,21.83,7.82,31.45,35.29,58.0,1002.0,1.82,154.0,Clouds,overcast clouds
sundargarh,2026-07-15 09:48:29.679854,2,172.56,0.02,2.34,71.14,2.02,11.84,13.35,7.59,34.07,38.21,49.0,1000.0,3.72,215.0,Clouds,overcast clouds
sundargarh,2026-07-15 11:20:18.767222,2,162.38,0.01,2.26,71.33,1.86,10.56,12.96,8.29,32.52,36.75,55.0,999.0,4.26,200.0,Clouds,overcast clouds
sundargarh,2026-07-15 13:07:04.004755,2,174.48,0.0,3.27,66.08,3.7,11.34,15.39,11.82,29.18,33.32,71.0,1001.0,4.7,207.0,Clouds,overcast clouds
sundargarh,2026-07-15 15:16:55.045143,2,255.16,0.0,5.35,47.09,3.04,14.54,17.65,11.88,27.15,30.28,82.0,1003.0,3.84,233.0,Clouds,overcast clouds
sundargarh,2026-07-15 17:03:37.396614,2,235.11,0.0,3.89,52.03,2.3,14.09,16.82,10.64,26.42,26.42,87.0,1003.0,3.96,222.0,Clouds,overcast clouds
sundargarh,2026-07-15 18:53:08.615930,2,245.39,0.0,4.23,48.07,3.36,15.46,18.33,11.26,26.09,26.09,86.0,1003.0,1.74,187.0,Clouds,overcast clouds
sundargarh,2026-07-15 20:01:00.362978,2,269.44,0.0,5.16,41.32,4.25,16.6,19.36,10.58,25.99,25.99,87.0,1002.0,0.98,193.0,Clouds,overcast clouds
sundargarh,2026-07-15 21:45:36.779854,2,315.48,0.0,6.93,31.37,6.09,19.4,22.5,10.92,26.47,26.47,85.0,1001.0,1.37,202.0,Clouds,overcast clouds
sundargarh,2026-07-15 22:46:39.282434,2,327.92,0.0,7.47,30.38,6.92,20.54,23.24,9.8,26.63,26.63,84.0,1002.0,1.09,192.0,Clouds,overcast clouds
sundargarh,2026-07-15 23:48:11.127095,2,333.15,0.0,7.84,31.27,6.98,21.39,23.31,8.14,26.87,29.72,83.0,1002.0,1.27,191.0,Clouds,overcast clouds
sundargarh,2026-07-16 01:25:09.959567,2,332.19,0.01,8.1,32.94,6.26,21.81,23.05,6.52,27.11,30.19,82.0,1003.0,1.02,199.0,Clouds,overcast clouds
sundargarh,2026-07-16 04:49:12.022715,2,302.75,0.86,5.83,43.91,2.28,21.27,22.13,5.08,32.95,37.7,55.0,1003.0,0.95,206.0,Clouds,overcast clouds
sundargarh,2026-07-16 07:14:09.604668,3,276.79,0.54,2.95,67.22,1.43,30.99,31.61,4.66,32.04,37.48,61.0,1002.0,2.73,221.0,Clouds,overcast clouds
sundargarh,2026-07-16 09:54:35.319817,3,271.45,0.25,4.01,65.14,1.54,26.64,27.24,6.46,32.64,37.95,58.0,1000.0,2.59,255.0,Clouds,overcast clouds
sundargarh,2026-07-16 11:25:57.426046,2,284.72,0.31,4.85,59.48,1.7,24.32,24.95,6.93,31.82,37.25,62.0,1000.0,2.97,236.0,Clouds,overcast clouds
sundargarh,2026-07-16 13:15:52.373745,3,324.92,0.01,5.63,68.75,2.15,42.69,43.32,4.6,30.17,35.46,70.0,1000.0,3.31,232.0,Clouds,overcast clouds
sundargarh,2026-07-16 15:24:51.991607,3,330.08,0.0,7.92,49.86,2.87,28.75,29.42,4.45,26.44,26.44,87.0,1003.0,4.39,231.0,Clouds,overcast clouds
sundargarh,2026-07-16 17:01:29.547600,2,295.8,0.0,8.04,47.21,3.42,19.69,20.24,3.88,25.6,26.59,91.0,1003.0,4.61,226.0,Clouds,overcast clouds
sundargarh,2026-07-16 18:53:58.415217,2,260.85,0.0,6.3,50.05,2.52,15.05,15.34,3.45,25.56,26.52,90.0,1002.0,3.25,204.0,Clouds,overcast clouds
sundargarh,2026-07-16 19:55:10.649128,2,254.14,0.0,5.78,49.83,2.26,13.8,14.05,3.26,25.47,26.45,91.0,1002.0,3.14,200.0,Clouds,overcast clouds
sundargarh,2026-07-16 20:44:13.321856,2,253.6,0.0,5.64,48.28,2.04,13.04,13.25,3.07,25.68,26.68,91.0,1001.0,3.05,213.0,Clouds,overcast clouds
sundargarh,2026-07-16 21:54:27.528218,2,256.71,0.0,5.8,45.86,1.87,13.0,13.21,3.08,25.69,26.69,91.0,1001.0,3.09,223.0,Clouds,overcast clouds
sundargarh,2026-07-16 22:46:56.066113,2,260.37,0.0,6.12,42.67,1.72,13.5,13.73,3.3,25.59,26.61,92.0,1001.0,3.45,229.0,Rain,light rain
sundargarh,2026-07-16 23:47:33.047119,2,263.01,0.0,6.45,39.48,1.59,13.99,14.24,3.5,25.58,26.6,92.0,1002.0,4.0,228.0,Rain,light rain
sundargarh,2026-07-17 01:28:03.274565,2,264.64,0.01,6.75,36.74,1.51,14.0,14.32,3.62,25.9,26.9,90.0,1003.0,4.1,237.0,Rain,light rain
sundargarh,2026-07-17 04:52:15.780229,2,269.05,0.5,7.75,32.69,1.1,13.77,14.23,2.97,29.89,35.01,71.0,1003.0,5.26,233.0,Clouds,overcast clouds
sundargarh,2026-07-17 07:09:04.804449,2,278.94,0.92,6.74,37.61,0.89,15.03,15.43,3.03,30.56,35.9,68.0,1002.0,6.07,241.0,Clouds,overcast clouds
sundargarh,2026-07-17 09:45:03.219083,2,284.9,0.25,6.46,46.5,0.99,17.76,18.16,3.99,31.52,37.13,64.0,1000.0,5.67,244.0,Clouds,overcast clouds
sundargarh,2026-07-17 11:13:31.086758,2,286.92,0.08,6.58,46.28,1.07,17.93,18.35,4.28,30.86,36.09,66.0,1000.0,5.76,245.0,Clouds,overcast clouds
sundargarh,2026-07-17 13:00:29.405514,2,308.83,0.0,7.69,43.39,1.42,19.37,19.88,4.42,29.5,34.73,74.0,1001.0,4.38,244.0,Clouds,overcast clouds
sundargarh,2026-07-17 14:44:55.031940,2,325.02,0.0,7.97,37.47,1.73,17.44,18.6,6.46,27.85,31.87,81.0,1002.0,3.98,244.0,Clouds,overcast clouds
sundargarh,2026-07-17 16:07:26.002637,2,342.92,0.0,8.54,35.09,2.1,19.26,20.52,6.92,27.72,31.55,81.0,1003.0,3.78,245.0,Rain,moderate rain
sundargarh,2026-07-17 17:56:55.282661,2,356.91,0.0,8.29,34.7,2.63,22.14,23.12,6.4,26.77,29.65,85.0,1003.0,3.21,230.0,Rain,light rain
sundargarh,2026-07-17 18:55:58.274827,2,347.81,0.0,7.68,35.72,2.65,22.58,23.24,5.82,26.01,26.01,88.0,1003.0,3.54,221.0,Rain,light rain
sundargarh,2026-07-17 19:57:29.516406,2,335.5,0.0,7.08,36.94,2.47,22.23,22.68,5.09,25.64,26.61,90.0,1002.0,3.73,219.0,Rain,light rain
sundargarh,2026-07-17 20:45:57.307262,2,319.06,0.0,6.64,38.39,2.17,20.69,21.0,4.33,25.22,26.17,91.0,1002.0,3.38,218.0,Clouds,overcast clouds
sundargarh,2026-07-17 21:40:35.957202,2,296.45,0.0,6.24,40.4,1.85,18.29,18.52,3.56,24.95,25.93,93.0,1002.0,3.02,217.0,Clouds,overcast clouds
sundargarh,2026-07-17 22:37:40.158455,2,278.0,0.0,6.16,40.31,1.62,16.35,16.56,3.44,24.93,25.91,93.0,1002.0,2.64,216.0,Clouds,overcast clouds
sundargarh,2026-07-17 23:41:35.806633,2,261.08,0.0,6.03,39.66,1.43,14.66,14.87,3.44,24.85,25.85,94.0,1002.0,2.58,213.0,Clouds,overcast clouds
sundargarh,2026-07-18 01:19:56.035967,2,245.61,0.0,5.73,39.11,1.22,13.09,13.34,3.4,25.29,26.28,92.0,1003.0,2.78,228.0,Clouds,overcast clouds
sundargarh,2026-07-18 04:37:39.120404,2,229.79,0.48,5.89,33.01,0.78,11.23,11.62,3.34,30.63,36.35,69.0,1003.0,2.84,224.0,Clouds,overcast clouds
sundargarh,2026-07-18 06:52:22.698697,2,241.08,0.66,6.32,32.53,0.8,13.11,13.46,3.64,32.03,38.41,64.0,1001.0,3.53,256.0,Clouds,overcast clouds
sundargarh,2026-07-18 08:30:36.640649,2,253.51,0.63,7.46,29.62,0.91,14.94,15.33,4.29,32.15,38.39,63.0,1000.0,3.73,267.0,Clouds,overcast clouds
sundargarh,2026-07-18 10:08:23.481382,2,258.41,0.69,7.56,30.03,0.91,15.33,15.7,4.19,31.55,37.82,66.0,1000.0,3.62,275.0,Clouds,overcast clouds
sundargarh,2026-07-18 11:43:24.534631,2,266.72,0.28,8.84,27.87,0.84,14.1,14.43,3.89,29.12,34.63,78.0,1000.0,3.44,290.0,Clouds,overcast clouds
sundargarh,2026-07-18 12:46:14.086573,2,276.51,0.04,9.78,25.18,0.88,13.74,14.12,4.03,27.89,32.28,83.0,1000.0,4.71,311.0,Clouds,overcast clouds
sundargarh,2026-07-18 14:14:43.476364,2,236.02,0.0,6.89,36.09,1.15,10.75,11.61,7.85,26.95,30.49,89.0,1001.0,2.79,288.0,Rain,heavy intensity rain
sundargarh,2026-07-18 15:43:27.174620,2,269.94,0.0,8.2,27.43,1.33,12.71,13.73,7.43,25.41,26.51,96.0,1003.0,3.59,297.0,Rain,moderate rain
sundargarh,2026-07-18 16:42:49.462995,2,279.47,0.0,8.6,24.25,1.26,12.97,13.91,7.22,25.72,26.83,95.0,1004.0,3.19,305.0,Clouds,overcast clouds
sundargarh,2026-07-18 17:45:31.313204,2,283.86,0.0,8.93,21.01,1.11,12.92,13.7,7.07,25.75,26.84,94.0,1003.0,2.38,285.0,Clouds,overcast clouds
sundargarh,2026-07-18 18:43:59.440283,2,283.94,0.0,9.3,17.81,0.92,12.79,13.4,7.19,26.04,26.04,92.0,1003.0,1.79,264.0,Clouds,overcast clouds
sundargarh,2026-07-18 19:58:13.044890,2,283.85,0.01,9.7,15.26,0.8,12.59,13.13,7.27,25.68,26.73,93.0,1002.0,2.43,254.0,Clouds,overcast clouds
sundargarh,2026-07-18 20:41:39.787050,2,280.66,0.01,9.75,14.37,0.73,11.92,12.38,6.85,25.51,26.57,94.0,1002.0,2.22,240.0,Clouds,overcast clouds
sundargarh,2026-07-18 21:39:12.349532,2,268.3,0.0,9.06,16.86,0.69,10.61,11.02,6.25,25.42,26.45,93.0,1002.0,2.94,230.0,Clouds,overcast clouds
sundargarh,2026-07-18 22:37:27.812900,1,256.56,0.0,8.22,20.02,0.68,9.4,9.8,6.21,25.33,26.37,94.0,1002.0,3.27,228.0,Clouds,overcast clouds
sundargarh,2026-07-18 23:41:31.211215,1,248.95,0.0,7.69,21.64,0.69,8.72,9.14,6.15,25.28,26.32,94.0,1002.0,3.35,224.0,Clouds,overcast clouds
sundargarh,2026-07-19 01:25:51.512135,1,244.72,0.02,7.55,21.52,0.72,8.41,8.84,5.74,25.41,26.38,91.0,1003.0,3.49,225.0,Clouds,overcast clouds
sundargarh,2026-07-19 04:59:29.065765,2,247.32,0.45,7.73,20.96,0.84,10.28,10.8,5.65,29.59,34.73,73.0,1004.0,3.74,208.0,Clouds,overcast clouds
sundargarh,2026-07-19 07:26:15.652089,2,238.56,0.6,6.41,29.21,0.8,10.68,11.09,5.23,30.51,35.78,68.0,1002.0,3.59,197.0,Clouds,overcast clouds
sundargarh,2026-07-19 09:43:06.528201,2,237.2,0.31,5.65,37.61,0.85,12.76,13.23,6.83,31.29,36.57,64.0,1001.0,3.53,223.0,Clouds,overcast clouds
sundargarh,2026-07-19 11:03:12.444317,2,261.1,0.43,6.73,32.0,1.02,14.72,15.39,9.29,31.3,36.88,65.0,1000.0,3.53,220.0,Clouds,overcast clouds
sundargarh,2026-07-19 12:49:26.116454,2,287.78,0.06,9.36,22.06,1.32,14.78,15.79,9.6,29.64,35.33,75.0,1001.0,2.61,201.0,Rain,light rain
sundargarh,2026-07-19 14:19:08.766108,2,257.95,0.0,7.19,29.01,1.21,11.06,12.42,10.43,28.83,34.07,79.0,1002.0,2.7,191.0,Clouds,overcast clouds
sundargarh,2026-07-19 15:44:40.578214,2,286.12,0.0,7.79,23.05,1.39,12.93,14.85,10.27,27.86,32.35,84.0,1003.0,2.3,178.0,Clouds,overcast clouds
sundargarh,2026-07-19 16:42:49.556854,2,292.9,0.0,7.76,21.66,1.41,13.31,14.91,9.35,27.53,31.6,85.0,1003.0,2.48,175.0,Clouds,overcast clouds
sundargarh,2026-07-19 17:47:04.761557,2,290.4,0.0,7.43,21.15,1.33,13.29,14.53,8.63,27.23,30.93,86.0,1003.0,2.26,193.0,Clouds,overcast clouds
sundargarh,2026-07-19 18:46:57.789950,2,278.2,0.0,6.74,21.28,1.19,12.63,13.53,8.01,26.61,26.61,87.0,1003.0,2.36,196.0,Clouds,overcast clouds
sundargarh,2026-07-19 20:01:11.146298,2,272.87,0.0,6.25,20.21,1.08,12.05,12.84,8.04,26.37,26.37,89.0,1002.0,2.18,202.0,Clouds,overcast clouds
sundargarh,2026-07-19 21:40:23.945544,2,267.5,0.01,5.65,16.77,0.86,10.9,11.6,8.03,26.03,26.03,90.0,1002.0,1.88,229.0,Clouds,overcast clouds
sundargarh,2026-07-19 22:40:08.567970,2,260.86,0.01,5.45,15.66,0.76,10.2,10.85,7.72,25.94,26.91,89.0,1002.0,1.59,211.0,Clouds,overcast clouds
sundargarh,2026-07-19 23:45:31.990311,1,249.58,0.01,5.25,15.45,0.69,9.35,9.94,7.16,25.97,25.97,89.0,1002.0,1.53,185.0,Clouds,overcast clouds
sundargarh,2026-07-20 01:55:29.654118,1,222.37,0.13,4.7,17.52,0.68,7.59,8.27,5.82,26.97,29.96,83.0,1004.0,3.45,206.0,Clouds,overcast clouds
sundargarh,2026-07-20 05:28:28.250776,1,181.27,0.43,4.42,22.66,0.85,5.62,6.21,4.95,29.97,35.21,71.0,1004.0,3.55,223.0,Clouds,overcast clouds
sundargarh,2026-07-20 08:36:23.292587,1,163.3,0.38,3.37,41.08,0.59,5.81,6.16,4.47,31.21,36.66,65.0,1001.0,4.16,252.0,Rain,moderate rain
sundargarh,2026-07-20 11:34:37.892602,1,241.13,0.47,7.02,25.67,1.2,9.53,10.8,10.96,30.65,35.86,67.0,1001.0,3.54,271.0,Clouds,overcast clouds
sundargarh,2026-07-20 13:45:20.094605,2,288.84,0.0,11.27,20.54,1.45,14.44,15.78,8.62,28.46,32.92,78.0,1003.0,1.27,227.0,Rain,light rain
sundargarh,2026-07-20 15:43:49.378992,2,333.24,0.01,11.89,15.25,1.43,15.66,17.13,7.85,27.72,31.69,82.0,1004.0,1.88,202.0,Clouds,overcast clouds
sundargarh,2026-07-20 17:18:44.547010,2,339.94,0.01,11.43,14.89,1.32,15.74,17.0,7.14,27.02,30.27,85.0,1004.0,1.82,201.0,Clouds,overcast clouds
sundargarh,2026-07-20 19:22:54.623942,2,307.54,0.0,9.01,18.25,1.02,14.57,15.17,5.56,25.7,26.7,91.0,1003.0,1.94,204.0,Rain,moderate rain
sundargarh,2026-07-20 20:59:33.266563,2,288.75,0.0,6.88,16.8,0.88,13.2,13.67,6.07,25.77,26.75,90.0,1002.0,2.0,228.0,Rain,very heavy rain
sundargarh,2026-07-20 21:59:09.853185,2,278.33,0.01,6.28,15.47,0.79,12.26,12.7,6.24,25.82,26.81,90.0,1002.0,2.27,236.0,Rain,light rain
sundargarh,2026-07-20 22:58:54.766877,2,263.79,0.01,5.95,14.41,0.73,11.21,11.62,6.07,25.58,26.57,91.0,1002.0,2.05,223.0,Rain,light rain
sundargarh,2026-07-20 23:55:15.125586,2,246.66,0.01,5.81,13.85,0.7,10.18,10.57,5.79,25.38,26.4,93.0,1003.0,1.97,213.0,Clouds,overcast clouds
sundargarh,2026-07-21 01:25:29.636385,1,230.47,0.03,5.82,13.62,0.72,9.33,9.8,5.73,25.2,26.23,94.0,1003.0,1.02,202.0,Clouds,overcast clouds
sundargarh,2026-07-21 04:57:20.083038,1,179.33,0.95,5.34,19.6,0.6,5.04,5.65,5.25,26.66,26.66,87.0,1004.0,2.72,173.0,Clouds,overcast clouds
sundargarh,2026-07-21 07:29:09.087668,1,185.09,1.24,5.43,23.33,0.46,4.94,5.48,5.77,26.87,29.81,84.0,1003.0,2.02,192.0,Rain,moderate rain
sundargarh,2026-07-21 10:13:04.136985,1,216.84,1.48,5.62,30.32,0.52,8.66,9.44,7.35,26.24,26.24,88.0,1002.0,2.01,205.0,Rain,light rain
sundargarh,2026-07-21 12:18:15.691970,1,230.71,0.56,7.78,26.7,0.98,8.26,9.04,5.85,24.83,25.82,94.0,1002.0,3.23,220.0,Rain,light rain
sundargarh,2026-07-21 14:54:11.417363,2,265.26,0.0,8.74,19.41,1.0,11.56,12.12,3.72,24.85,25.85,94.0,1004.0,3.37,205.0,Clouds,overcast clouds
sundargarh,2026-07-21 16:14:01.422038,2,251.56,0.0,7.93,18.65,0.91,10.91,11.48,3.82,24.63,25.63,95.0,1004.0,3.21,196.0,Clouds,overcast clouds
sundargarh,2026-07-21 18:07:58.438488,2,236.92,0.0,7.3,16.79,0.8,10.22,10.75,4.38,24.35,25.32,95.0,1004.0,2.6,197.0,Rain,light rain
sundargarh,2026-07-21 20:12:17.620986,1,213.67,0.0,6.39,18.79,0.63,9.73,10.05,4.4,24.25,25.24,96.0,1002.0,3.81,222.0,Rain,light rain
sundargarh,2026-07-21 21:53:11.644325,1,189.84,0.0,4.94,23.06,0.49,9.13,9.39,4.49,24.28,25.24,95.0,1001.0,4.92,232.0,Rain,light rain
sundargarh,2026-07-21 22:43:43.645993,1,177.45,0.0,4.25,25.22,0.45,8.8,9.06,4.45,24.21,25.17,95.0,1001.0,4.87,227.0,Rain,light rain
sundargarh,2026-07-21 23:47:02.959254,1,165.58,0.0,3.72,27.22,0.44,8.43,8.69,4.29,24.53,25.49,94.0,1002.0,5.04,243.0,Rain,light rain
sundargarh,2026-07-22 01:24:07.363900,1,153.13,0.01,3.33,29.49,0.47,7.94,8.24,3.84,24.4,25.35,94.0,1002.0,5.04,239.0,Rain,light rain
sundargarh,2026-07-22 04:56:56.896919,1,152.81,0.28,3.23,28.56,0.85,7.17,7.79,4.28,24.65,25.57,92.0,1004.0,5.2,221.0,Clouds,overcast clouds
sundargarh,2026-07-22 07:30:30.213989,1,125.41,0.26,1.88,38.03,0.66,5.41,5.7,2.93,24.49,25.4,92.0,1002.0,4.35,207.0,Rain,light rain
sundargarh,2026-07-22 10:12:56.109799,1,119.16,0.2,1.67,42.16,0.67,6.07,6.39,3.2,24.86,25.75,90.0,1002.0,5.1,205.0,Rain,light rain
sundargarh,2026-07-22 12:20:37.812892,1,124.22,0.09,2.76,35.82,0.85,4.83,5.32,4.21,24.12,25.02,93.0,1002.0,4.82,192.0,Clouds,overcast clouds
sundargarh,2026-07-22 14:54:25.034991,1,149.45,0.0,4.22,28.49,1.18,5.08,6.39,7.78,24.57,25.46,91.0,1004.0,5.14,216.0,Clouds,overcast clouds
sundargarh,2026-07-22 16:13:20.103894,1,150.61,0.0,4.22,27.91,1.2,5.15,6.46,8.18,24.3,25.19,92.0,1005.0,4.88,213.0,Clouds,overcast clouds
sundargarh,2026-07-22 18:00:53.568130,1,144.58,0.0,3.92,28.55,0.99,5.2,6.05,7.13,24.14,24.99,91.0,1004.0,4.5,199.0,Rain,heavy intensity rain
sundargarh,2026-07-22 20:05:20.267178,1,140.06,0.0,3.5,30.01,0.82,5.25,5.61,4.72,23.78,24.75,97.0,1002.0,5.28,205.0,Rain,moderate rain
sundargarh,2026-07-22 21:55:42.430963,1,139.61,0.0,3.08,30.91,0.67,5.54,5.85,4.07,23.97,24.88,94.0,1002.0,4.31,209.0,Rain,light rain
sundargarh,2026-07-22 22:52:27.918041,1,137.5,0.0,2.94,30.57,0.68,5.71,6.06,4.37,23.97,24.85,93.0,1002.0,4.88,216.0,Rain,light rain
sundargarh,2026-07-22 23:53:32.851110,1,135.91,0.0,2.9,29.9,0.71,5.77,6.16,4.54,24.01,24.87,92.0,1003.0,4.71,213.0,Rain,light rain
sundargarh,2026-07-23 01:44:01.510047,1,135.44,0.05,3.16,27.86,0.88,5.52,6.15,5.37,23.92,24.8,93.0,1004.0,4.59,195.0,Rain,light rain
sundargarh,2026-07-23 05:14:39.200986,1,128.38,0.15,2.79,29.48,1.0,4.61,5.3,4.78,24.56,25.4,89.0,1005.0,4.18,210.0,Rain,light rain
sundargarh,2026-07-23 08:08:44.099211,1,115.79,0.13,1.65,40.05,0.86,5.01,5.52,4.38,25.67,26.38,80.0,1003.0,5.82,253.0,Clouds,overcast clouds
sundargarh,2026-07-23 10:58:05.389116,1,111.14,0.06,1.29,50.35,0.82,7.29,7.82,5.0,24.42,25.14,85.0,1003.0,5.01,252.0,Clouds,overcast clouds
sundargarh,2026-07-23 12:21:17.628821,1,111.7,0.03,1.55,49.28,0.84,6.67,7.2,5.5,24.14,24.86,86.0,1004.0,4.32,252.0,Clouds,overcast clouds
sundargarh,2026-07-23 14:59:53.768342,1,175.77,0.0,5.03,28.66,1.37,5.71,7.95,13.65,24.66,25.4,85.0,1005.0,2.9,249.0,Clouds,overcast clouds
sundargarh,2026-07-23 16:26:19.119787,1,192.92,0.0,5.58,26.06,1.43,6.25,8.92,14.49,24.62,25.36,85.0,1005.0,3.09,240.0,Clouds,overcast clouds
sundargarh,2026-07-23 18:06:32.502926,1,204.37,0.0,5.76,24.7,1.32,6.89,9.64,16.45,24.77,25.52,85.0,1005.0,2.18,225.0,Clouds,overcast clouds
sundargarh,2026-07-23 20:07:07.064332,1,188.45,0.0,4.79,28.5,1.1,6.78,8.76,18.47,24.77,25.55,86.0,1003.0,1.73,237.0,Clouds,overcast clouds
sundargarh,2026-07-23 21:55:25.179030,1,164.39,0.0,3.37,38.75,1.02,5.88,7.12,16.49,24.37,25.13,87.0,1003.0,1.69,207.0,Clouds,overcast clouds
sundargarh,2026-07-23 22:45:28.427548,1,161.51,0.0,3.12,41.55,0.99,5.76,6.81,15.03,24.26,25.01,87.0,1003.0,1.99,207.0,Clouds,overcast clouds
sundargarh,2026-07-23 23:48:39.446450,1,161.2,0.0,3.01,42.93,0.98,5.75,6.71,13.6,24.17,24.94,88.0,1003.0,1.63,207.0,Clouds,overcast clouds
sundargarh,2026-07-24 01:28:16.293969,1,161.67,0.01,3.03,42.7,1.01,5.7,6.68,12.58,24.99,25.79,86.0,1004.0,2.07,220.0,Clouds,overcast clouds
sundargarh,2026-07-24 04:59:12.251838,1,119.85,0.23,1.77,39.23,1.33,4.34,5.81,6.79,27.9,30.6,71.0,1004.0,5.09,252.0,Clouds,overcast clouds
sundargarh,2026-07-24 07:29:40.537555,1,109.18,0.13,1.13,48.2,1.1,6.69,7.78,5.48,27.5,30.4,76.0,1003.0,3.55,242.0,Rain,light rain
sundargarh,2026-07-24 10:05:40.581739,2,108.26,0.12,1.03,60.42,0.95,6.76,7.35,4.95,30.34,34.39,64.0,1000.0,5.81,252.0,Clouds,broken clouds
sundargarh,2026-07-24 12:11:27.954618,1,127.64,0.05,2.34,56.98,1.3,7.77,8.48,8.02,29.13,33.01,70.0,1000.0,4.23,239.0,Clouds,overcast clouds
sundargarh,2026-07-24 14:42:54.565565,1,201.4,0.0,5.66,34.94,1.67,9.95,12.07,12.53,26.99,29.72,80.0,1002.0,2.54,235.0,Clouds,overcast clouds
sundargarh,2026-07-24 18:10:00.605079,2,225.05,0.0,5.95,26.31,1.36,10.88,13.59,12.45,26.37,26.37,82.0,1003.0,2.08,246.0,Rain,light rain
sundargarh,2026-07-24 20:09:26.738663,1,199.23,0.0,4.9,25.8,1.27,9.4,10.61,9.43,25.48,26.38,88.0,1002.0,2.41,254.0,Rain,moderate rain
sundargarh,2026-07-24 21:54:07.031000,1,184.18,0.0,4.24,26.02,0.95,8.16,8.84,7.61,24.71,25.66,93.0,1002.0,1.67,256.0,Rain,moderate rain
sundargarh,2026-07-24 22:51:41.900654,1,178.7,0.0,3.95,26.65,0.85,7.72,8.29,7.13,24.68,25.66,94.0,1002.0,1.17,247.0,Rain,moderate rain
sundargarh,2026-07-24 23:55:00.011553,1,174.25,0.0,3.79,27.07,0.83,7.47,7.99,6.81,24.6,25.57,94.0,1002.0,1.07,239.0,Rain,light rain
sundargarh,2026-07-25 01:28:38.473808,1,172.23,0.01,3.72,26.74,0.89,7.52,8.06,6.48,25.3,26.24,90.0,1003.0,1.25,256.0,Rain,light rain
sundargarh,2026-07-25 04:55:04.594736,2,167.68,0.55,4.9,27.28,1.18,10.87,11.28,3.76,31.13,36.19,64.0,1003.0,1.81,273.0,Rain,moderate rain
sundargarh,2026-07-25 07:09:10.936765,2,187.23,1.1,5.33,30.67,1.07,12.4,12.74,3.58,33.11,38.4,56.0,1001.0,3.13,295.0,Rain,light rain
sundargarh,2026-07-25 09:26:06.297301,2,196.99,0.61,4.99,36.96,1.1,13.35,13.64,3.5,33.06,38.28,56.0,999.0,3.54,300.0,Rain,light rain
sundargarh,2026-07-25 11:00:40.181552,2,205.23,0.24,3.81,45.51,1.09,17.17,17.5,4.17,30.15,35.41,70.0,999.0,5.61,306.0,Rain,light rain
sundargarh,2026-07-25 12:03:54.769588,2,204.43,0.13,3.86,45.89,1.03,16.91,17.3,4.47,27.9,32.0,81.0,1000.0,3.32,312.0,Rain,light rain
sundargarh,2026-07-25 14:27:05.109263,2,191.29,0.0,4.48,42.08,1.05,10.47,11.6,9.6,27.68,31.31,80.0,1001.0,3.79,291.0,Rain,heavy intensity rain
sundargarh,2026-07-25 15:56:47.591554,2,239.44,0.0,5.75,29.49,1.73,13.07,15.01,11.11,27.69,31.34,80.0,1001.0,2.7,294.0,Rain,moderate rain
sundargarh,2026-07-25 16:43:39.081120,2,261.91,0.0,6.36,24.6,2.29,13.81,15.91,11.24,27.5,30.88,80.0,1001.0,2.78,291.0,Rain,moderate rain
sundargarh,2026-07-25 17:48:26.319995,2,280.35,0.01,6.83,20.63,2.76,14.32,16.47,12.0,27.37,30.58,80.0,1001.0,2.72,308.0,Rain,light rain
sundargarh,2026-07-25 18:49:18.377593,2,289.01,0.01,7.0,17.58,3.24,14.34,16.32,12.57,26.94,29.79,82.0,1001.0,2.17,23.0,Clouds,overcast clouds
sundargarh,2026-07-25 20:04:30.018598,2,294.52,0.01,7.06,15.34,3.6,14.22,16.01,12.5,26.72,29.37,83.0,1000.0,2.33,19.0,Rain,moderate rain
sundargarh,2026-07-25 21:43:10.735483,2,298.26,0.02,7.63,12.8,3.24,14.5,15.63,10.97,26.22,26.22,85.0,999.0,2.27,17.0,Rain,moderate rain
sundargarh,2026-07-25 22:42:54.517395,2,293.29,0.02,7.95,13.39,2.7,14.66,15.47,9.44,26.3,26.3,85.0,1000.0,2.15,24.0,Rain,heavy intensity rain
sundargarh,2026-07-25 23:49:56.819642,2,285.21,0.01,8.2,14.73,2.19,14.51,15.11,7.92,26.37,26.37,84.0,1000.0,2.48,15.0,Rain,light rain
sundargarh,2026-07-26 01:42:30.280305,2,268.56,0.1,8.46,16.82,1.74,14.28,14.92,5.88,28.52,32.37,74.0,1002.0,2.02,10.0,Clouds,overcast clouds
sundargarh,2026-07-26 05:20:14.485572,2,247.8,0.48,9.64,21.0,1.67,15.54,16.3,4.6,31.99,36.46,58.0,1001.0,4.21,38.0,Clouds,overcast clouds
sundargarh,2026-07-26 08:05:02.265217,2,207.37,0.39,7.49,42.58,2.02,15.27,15.79,3.37,33.11,38.06,55.0,999.0,2.89,29.0,Rain,light rain
sundargarh,2026-07-26 10:27:18.376564,2,214.31,0.29,8.03,43.53,2.68,14.98,15.64,5.03,33.49,38.6,54.0,998.0,2.71,359.0,Clouds,overcast clouds
sundargarh,2026-07-26 11:54:04.497553,2,243.78,0.12,8.09,31.89,2.09,14.35,15.07,6.43,31.34,37.28,66.0,997.0,3.05,350.0,Clouds,overcast clouds
sundargarh,2026-07-26 12:54:42.756823,2,259.96,0.02,7.69,26.53,1.44,13.93,14.72,6.68,30.16,35.18,69.0,998.0,2.43,10.0,Clouds,overcast clouds
sundargarh,2026-07-26 14:22:59.740658,2,228.62,0.0,5.65,36.72,1.47,16.2,17.08,7.65,28.7,32.96,75.0,999.0,1.17,41.0,Rain,moderate rain
sundargarh,2026-07-26 15:53:41.995846,2,245.96,0.0,4.97,30.81,1.03,15.62,16.88,8.34,28.05,31.76,77.0,1000.0,0.42,130.0,Rain,light rain
sundargarh,2026-07-26 16:44:44.458783,2,257.85,0.0,5.04,27.96,1.01,16.02,17.39,8.38,27.94,31.65,78.0,1000.0,0.66,151.0,Rain,light rain
sundargarh,2026-07-26 17:54:18.951149,2,272.31,0.0,5.59,25.1,1.24,17.36,18.73,8.4,27.48,30.84,80.0,1001.0,0.62,303.0,Rain,light rain
sundargarh,2026-07-26 18:54:01.610777,2,289.88,0.0,6.53,22.74,2.11,19.68,20.92,7.9,27.29,30.4,80.0,1000.0,0.95,358.0,Clear,clear sky
sundargarh,2026-07-26 20:04:07.972906,2,307.47,0.0,7.5,21.32,2.98,22.37,23.36,7.14,26.92,29.65,81.0,999.0,1.25,326.0,Clouds,few clouds
sundargarh,2026-07-26 21:47:25.419755,2,310.96,0.0,7.9,22.45,3.2,24.01,24.55,5.39,26.38,26.38,83.0,998.0,1.78,358.0,Rain,light rain
sundargarh,2026-07-26 22:48:41.262471,2,302.13,0.0,7.57,23.59,2.94,22.6,22.97,4.59,26.16,26.16,84.0,999.0,1.34,16.0,Rain,light rain
sundargarh,2026-07-26 23:51:13.438792,2,283.98,0.0,7.0,25.23,2.34,19.33,19.6,3.83,26.19,26.19,83.0,1000.0,0.59,19.0,Clouds,scattered clouds
sundargarh,2026-07-27 01:49:30.570417,2,249.87,0.0,6.49,27.1,1.24,12.87,13.23,3.39,28.53,32.05,72.0,1001.0,0.84,327.0,Clear,clear sky
sundargarh,2026-07-27 05:38:16.602523,2,259.93,0.57,7.91,28.34,1.02,10.19,10.9,4.42,31.64,35.97,59.0,1000.0,2.29,21.0,Rain,light rain
sundargarh,2026-07-27 09:25:37.000900,2,233.58,0.63,4.03,61.05,0.82,11.85,12.39,4.0,32.87,36.9,53.0,997.0,2.75,2.0,Rain,light rain
sundargarh,2026-07-27 12:49:00.423762,2,338.47,0.02,7.85,36.59,1.61,19.44,20.45,7.67,29.83,33.95,67.0,998.0,2.15,280.0,Rain,light rain
sundargarh,2026-07-27 15:36:08.790954,2,379.61,0.0,9.11,20.17,2.27,19.59,21.28,7.85,27.88,31.37,77.0,999.0,1.21,257.0,Clouds,broken clouds
sundargarh,2026-07-27 17:28:22.935770,2,368.58,0.0,9.86,19.09,2.43,17.62,19.07,7.07,27.72,31.27,79.0,999.0,1.06,263.0,Rain,light rain
sundargarh,2026-07-27 19:09:06.761389,2,314.58,0.0,9.87,19.22,2.49,15.18,16.09,5.95,27.11,30.09,81.0,998.0,2.07,341.0,Rain,light rain
sundargarh,2026-07-27 21:00:46.475911,2,275.82,0.0,9.48,18.69,2.56,13.48,14.06,5.39,26.59,26.59,82.0,997.0,2.8,336.0,Clouds,overcast clouds
sundargarh,2026-07-27 22:09:42.439304,2,268.63,0.0,9.22,18.53,2.36,13.59,14.09,5.27,26.32,26.32,83.0,997.0,3.03,347.0,Rain,light rain
sundargarh,2026-07-27 23:54:23.312800,2,258.11,0.0,8.98,19.01,1.79,13.63,14.01,4.65,26.03,26.03,84.0,998.0,3.15,359.0,Clouds,overcast clouds
sundargarh,2026-07-28 01:23:41.456789,2,257.01,0.01,8.95,18.95,1.72,13.8,14.21,4.38,26.47,26.47,83.0,999.0,2.65,4.0,Rain,light rain
sundargarh,2026-07-28 04:52:45.358464,2,269.6,0.5,9.21,18.56,2.0,16.55,17.16,3.83,31.36,36.45,63.0,999.0,3.72,23.0,Rain,light rain
sundargarh,2026-07-28 07:30:46.723134,2,284.72,0.66,10.82,21.38,1.61,17.2,17.79,4.98,30.75,36.65,69.0,995.0,1.31,290.0,Rain,moderate rain
sundargarh,2026-07-28 10:22:05.083814,2,305.76,0.71,12.24,19.93,1.61,17.02,17.67,5.72,30.65,36.4,69.0,994.0,2.45,296.0,Clouds,overcast clouds
sundargarh,2026-07-28 12:29:35.072125,2,321.76,0.25,12.93,17.62,1.61,16.02,16.58,4.85,27.88,31.95,81.0,994.0,1.63,293.0,Rain,moderate rain
sundargarh,2026-07-28 15:10:27.367675,2,321.21,0.0,12.39,25.59,2.56,15.32,15.7,2.58,27.04,30.22,84.0,995.0,3.62,355.0,Rain,moderate rain
sundargarh,2026-07-28 17:16:44.293358,2,310.58,0.0,11.89,22.73,2.17,14.65,14.99,2.48,26.33,26.33,87.0,996.0,3.29,357.0,Rain,moderate rain
sundargarh,2026-07-28 19:04:21.430912,2,305.68,0.0,13.9,15.94,1.57,12.08,12.25,2.36,25.74,26.69,89.0,995.0,4.91,30.0,Rain,moderate rain
sundargarh,2026-07-28 20:57:19.066873,2,290.0,0.0,13.63,14.33,1.29,10.1,10.23,2.25,25.51,26.41,88.0,994.0,4.71,26.0,Clouds,overcast clouds
sundargarh,2026-07-28 21:57:05.858441,2,286.88,0.0,12.86,15.04,1.72,10.21,10.37,2.61,25.17,26.07,89.0,994.0,5.68,26.0,Rain,light rain
sundargarh,2026-07-28 22:52:20.454632,2,282.85,0.0,11.89,15.87,2.22,10.37,10.57,3.15,25.21,26.11,89.0,994.0,5.59,40.0,Rain,light rain
sundargarh,2026-07-28 23:49:41.707277,2,282.9,0.0,11.13,16.8,2.64,10.51,10.76,3.6,24.86,25.78,91.0,994.0,5.62,36.0,Rain,light rain
sundargarh,2026-07-29 01:24:17.332131,2,289.08,0.01,10.74,17.57,3.35,10.98,11.34,3.89,25.01,25.92,90.0,995.0,5.83,39.0,Rain,light rain
sundargarh,2026-07-29 04:57:43.286576,2,343.31,0.8,8.79,27.62,3.21,12.22,12.69,2.74,24.96,25.91,92.0,996.0,6.33,80.0,Rain,light rain
sundargarh,2026-07-29 07:39:17.036111,2,368.36,0.2,7.86,33.56,1.89,12.79,13.12,2.93,26.23,26.23,84.0,995.0,5.12,108.0,Clouds,overcast clouds
sundargarh,2026-07-29 10:27:53.878233,2,374.18,0.03,9.81,26.47,1.64,12.77,13.08,3.33,26.06,26.06,86.0,994.0,3.54,124.0,Clouds,overcast clouds
sundargarh,2026-07-29 12:54:32.414545,2,347.93,0.02,12.02,21.59,1.77,14.13,14.51,3.31,24.84,25.76,91.0,996.0,4.48,163.0,Clouds,broken clouds
sundargarh,2026-07-29 15:03:40.006060,1,230.25,0.0,6.69,19.08,1.09,6.65,7.25,3.34,24.23,25.14,93.0,998.0,2.7,152.0,Clouds,broken clouds
sundargarh,2026-07-29 17:02:48.409209,1,205.94,0.0,5.41,20.86,0.97,5.36,5.86,2.85,24.09,25.01,94.0,998.0,2.54,122.0,Clouds,broken clouds
sundargarh,2026-07-29 18:53:34.041959,1,185.47,0.0,4.29,23.6,0.68,5.29,5.53,2.42,23.78,24.67,94.0,997.0,1.54,102.0,Clouds,broken clouds
sundargarh,2026-07-29 20:07:07.805111,1,183.4,0.0,3.88,24.97,0.58,5.71,5.89,2.41,23.88,24.75,93.0,996.0,1.72,73.0,Clouds,broken clouds
sundargarh,2026-07-29 21:45:53.089186,1,187.48,0.0,3.45,26.78,0.43,6.91,7.08,2.65,24.25,25.11,91.0,996.0,1.75,61.0,Clouds,broken clouds
sundargarh,2026-07-29 22:47:03.354389,1,189.04,0.0,3.41,27.01,0.42,7.37,7.56,2.91,24.37,25.24,91.0,996.0,1.97,44.0,Clouds,overcast clouds
sundargarh,2026-07-29 23:52:30.897009,1,189.06,0.0,3.41,26.79,0.43,7.51,7.72,3.1,24.51,25.39,91.0,996.0,1.88,32.0,Clouds,overcast clouds
sundargarh,2026-07-30 01:17:28.289956,1,189.46,0.0,3.43,26.22,0.43,7.37,7.71,3.5,25.08,25.94,88.0,997.0,1.89,63.0,Clouds,overcast clouds
sundargarh,2026-07-30 04:46:10.027008,1,178.24,0.21,2.67,37.43,0.63,5.47,5.95,3.44,28.06,31.64,76.0,998.0,4.38,125.0,Clouds,overcast clouds
sundargarh,2026-07-30 07:26:18.537019,1,170.09,0.19,2.13,45.75,0.58,6.83,7.15,3.53,30.78,35.9,66.0,997.0,4.97,141.0,Rain,light rain
sundargarh,2026-07-30 10:10:54.525926,1,165.29,0.17,2.28,45.75,0.46,5.54,5.84,3.74,30.97,36.36,66.0,995.0,4.41,166.0,Rain,moderate rain
sundargarh,2026-07-30 12:22:32.703958,1,167.85,0.06,2.78,48.71,0.58,7.11,7.62,5.38,28.97,34.03,77.0,996.0,3.27,156.0,Rain,moderate rain
sundargarh,2026-07-30 15:00:35.094941,1,223.75,0.0,4.07,38.69,0.98,9.88,11.09,6.48,26.89,29.95,85.0,998.0,3.04,161.0,Rain,light rain
sundargarh,2026-07-30 16:28:00.172459,1,227.78,0.0,4.2,36.25,0.99,9.37,10.83,6.85,26.73,29.64,86.0,999.0,2.65,188.0,Rain,light rain
sundargarh,2026-07-30 18:08:41.575309,1,230.63,0.0,4.41,32.55,0.95,7.71,9.31,7.26,26.0,26.0,87.0,999.0,2.26,201.0,Rain,light rain
sundargarh,2026-07-30 20:11:07.063906,1,221.34,0.0,4.43,28.88,0.88,6.39,7.59,7.27,25.68,26.6,88.0,999.0,1.31,138.0,Clouds,overcast clouds
sundargarh,2026-07-30 21:57:52.271396,1,218.04,0.0,4.58,25.12,0.93,6.35,7.42,7.3,25.39,26.36,91.0,999.0,1.84,134.0,Clouds,overcast clouds
sundargarh,2026-07-30 22:59:52.736952,1,218.68,0.0,4.69,23.16,0.94,6.43,7.49,7.36,25.66,26.63,90.0,999.0,1.5,137.0,Clouds,overcast clouds
sundargarh,2026-07-31 00:01:44.347275,1,219.32,0.0,4.8,21.46,0.96,6.55,7.65,7.37,25.45,26.43,91.0,999.0,1.41,118.0,Clouds,overcast clouds
sundargarh,2026-07-31 04:15:49.636117,1,170.99,0.45,2.03,45.15,1.08,8.0,8.91,5.56,30.79,35.4,64.0,1001.0,3.46,169.0,Clouds,broken clouds
sundargarh,2026-07-31 07:44:10.896774,2,138.92,0.12,0.88,67.52,0.64,12.47,12.95,4.56,31.95,36.66,59.0,999.0,4.21,173.0,Clouds,overcast clouds
sundargarh,2026-07-31 10:26:59.712292,2,132.96,0.06,1.2,61.28,0.6,7.78,8.18,4.53,32.3,37.78,60.0,998.0,4.11,183.0,Clouds,overcast clouds
sundargarh,2026-07-31 12:50:08.541931,1,156.89,0.0,2.88,48.75,0.74,6.36,7.06,7.08,28.65,33.21,77.0,999.0,2.85,174.0,Rain,light rain
sundargarh,2026-07-31 15:12:23.324646,1,204.64,0.0,4.14,41.02,0.98,9.63,10.97,8.69,27.96,32.0,80.0,1001.0,2.52,167.0,Rain,light rain
sundargarh,2026-07-31 17:17:12.246980,2,242.64,0.0,5.11,34.26,1.17,14.92,16.77,9.3,27.47,30.94,81.0,1002.0,2.79,147.0,Rain,light rain
sundargarh,2026-07-31 19:05:33.891414,2,248.87,0.0,6.15,26.34,1.31,14.16,15.54,8.61,27.0,30.03,83.0,1001.0,2.53,160.0,Rain,light rain
sundargarh,2026-07-31 20:51:43.639959,2,249.13,0.0,7.5,19.11,1.62,12.03,13.23,8.64,26.79,29.53,83.0,1000.0,2.34,197.0,Rain,light rain
sundargarh,2026-07-31 21:55:56.850649,2,248.25,0.0,7.72,17.2,1.65,11.53,12.79,8.72,26.64,26.64,84.0,1000.0,2.52,200.0,Rain,light rain
sundargarh,2026-07-31 22:50:23.993665,2,246.86,0.0,7.62,16.0,1.56,11.08,12.44,8.98,26.13,26.13,86.0,1001.0,2.38,192.0,Clouds,overcast clouds
sundargarh,2026-07-31 23:52:13.052674,2,244.45,0.01,7.3,15.35,1.39,10.4,11.86,9.26,25.73,26.63,87.0,1001.0,2.44,198.0,Clouds,overcast clouds
sundargarh,2026-08-01 01:45:35.061088,1,230.01,1.06,4.51,18.22,1.16,8.38,10.08,6.38,27.81,31.21,77.0,1003.0,3.82,221.0,Clouds,overcast clouds
sundargarh,2026-08-01 05:17:00.183265,1,158.67,0.36,1.48,47.3,0.88,9.7,10.5,3.22,31.44,36.64,63.0,1002.0,3.84,233.0,Rain,light rain
sundargarh,2026-08-01 08:00:30.264546,2,140.8,0.11,0.91,60.56,0.58,11.54,11.99,1.69,32.56,37.45,57.0,1000.0,3.24,228.0,Clouds,overcast clouds
sundargarh,2026-08-01 10:03:22.325140,2,151.43,0.03,1.71,54.19,0.63,10.46,11.06,2.06,32.66,38.0,58.0,999.0,3.18,229.0,Clouds,overcast clouds
sundargarh,2026-08-01 11:54:38.566931,2,194.98,0.02,3.59,40.57,0.83,12.3,13.37,2.41,30.16,35.68,71.0,1000.0,3.01,226.0,Rain,light rain
sundargarh,2026-08-01 12:53:06.308596,2,207.55,0.0,4.14,36.77,0.86,12.65,13.86,2.2,29.37,34.41,74.0,1000.0,2.94,224.0,Rain,light rain
sundargarh,2026-08-01 14:20:44.439481,2,201.76,0.0,4.48,31.6,0.99,10.6,11.86,2.13,28.62,33.14,77.0,1001.0,2.5,213.0,Rain,light rain
sundargarh,2026-08-01 15:51:24.707339,2,209.9,0.0,4.72,26.94,1.01,10.14,11.73,2.03,27.54,31.23,82.0,1003.0,2.23,200.0,Rain,moderate rain
sundargarh,2026-08-01 16:45:43.943733,1,211.12,0.0,4.68,24.71,0.97,9.71,11.43,2.02,27.48,31.09,82.0,1003.0,2.14,223.0,Rain,light rain
sundargarh,2026-08-01 17:50:44.960531,1,211.32,0.0,4.63,22.7,0.88,9.3,11.0,1.97,27.39,30.98,83.0,1002.0,2.16,223.0,Clouds,overcast clouds
sundargarh,2026-08-01 18:52:01.650826,1,210.39,0.0,4.54,20.45,0.74,8.83,10.41,1.89,26.94,29.79,82.0,1003.0,2.02,224.0,Clouds,overcast clouds
sundargarh,2026-08-01 20:04:16.935849,1,211.92,0.0,4.5,18.19,0.65,8.48,10.05,1.85,26.66,26.66,82.0,1002.0,1.68,227.0,Clouds,overcast clouds
sundargarh,2026-08-01 21:43:09.640136,1,217.62,0.01,4.5,14.33,0.56,7.63,8.97,1.68,26.19,26.19,85.0,1002.0,2.24,238.0,Clouds,overcast clouds
sundargarh,2026-08-01 22:43:09.800959,1,219.29,0.01,4.52,12.96,0.53,7.02,8.09,1.5,26.0,26.0,86.0,1002.0,2.07,242.0,Clouds,overcast clouds
sundargarh,2026-08-01 23:46:42.176495,1,216.31,0.01,4.47,12.44,0.52,6.33,7.17,1.35,25.81,26.72,87.0,1002.0,2.0,246.0,Clouds,overcast clouds
sundargarh,2026-08-02 01:30:56.772583,1,201.34,0.19,3.9,14.73,0.64,4.93,5.54,1.11,27.78,31.14,77.0,1004.0,2.88,242.0,Clouds,overcast clouds
sundargarh,2026-08-02 05:15:36.022620,1,167.75,0.27,2.27,32.77,0.71,6.27,6.91,1.31,31.65,36.56,61.0,1004.0,3.34,242.0,Clouds,overcast clouds
sundargarh,2026-08-02 08:02:09.350395,1,125.35,0.05,1.07,54.15,0.29,5.31,5.57,0.87,32.23,37.0,58.0,1001.0,2.95,236.0,Clouds,overcast clouds
sundargarh,2026-08-02 10:24:08.886653,1,126.4,0.04,1.11,58.82,0.34,5.2,5.43,0.93,31.67,37.19,63.0,1000.0,3.27,218.0,Clouds,overcast clouds
sundargarh,2026-08-02 11:52:47.029870,2,132.11,0.01,1.45,62.24,0.57,4.77,5.06,1.16,31.13,36.75,66.0,1001.0,2.91,228.0,Clouds,overcast clouds
sundargarh,2026-08-02 12:54:30.985587,1,146.97,0.0,2.26,58.01,0.77,5.13,5.77,2.1,29.57,34.68,73.0,1001.0,2.8,227.0,Clouds,overcast clouds
sundargarh,2026-08-02 14:22:51.242536,1,206.78,0.0,5.01,35.14,1.28,6.14,8.02,3.15,28.89,33.42,75.0,1002.0,2.7,217.0,Clouds,overcast clouds
sundargarh,2026-08-02 15:51:46.289602,1,272.66,0.01,6.59,22.79,1.47,8.59,12.02,3.64,28.36,32.5,77.0,1003.0,1.95,200.0,Clouds,overcast clouds
sundargarh,2026-08-02 16:44:32.324781,1,289.21,0.01,6.79,19.51,1.36,9.3,13.21,3.58,27.78,31.56,80.0,1003.0,1.61,190.0,Rain,light rain
sundargarh,2026-08-02 17:51:50.966349,1,296.55,0.01,6.82,17.15,1.14,9.64,13.53,3.33,27.18,30.57,84.0,1003.0,1.65,210.0,Rain,light rain
sundargarh,2026-08-02 18:52:11.112756,1,293.59,0.01,6.6,15.45,0.94,9.65,12.92,2.93,27.11,30.4,84.0,1003.0,1.51,228.0,Clouds,overcast clouds
sundargarh,2026-08-02 20:04:31.295451,1,292.65,0.02,6.41,13.97,0.86,9.74,12.46,2.62,27.13,30.24,82.0,1002.0,1.3,239.0,Rain,light rain
sundargarh,2026-08-02 21:43:40.085776,1,278.51,0.01,5.76,13.32,0.85,9.43,11.36,2.2,26.77,29.48,83.0,1002.0,1.73,224.0,Rain,light rain
sundargarh,2026-08-02 22:44:04.648658,1,269.49,0.01,5.44,13.31,0.89,9.11,10.78,2.04,26.16,26.16,87.0,1002.0,1.46,210.0,Clouds,overcast clouds
sundargarh,2026-08-02 23:48:44.348217,1,262.51,0.02,5.19,13.13,0.91,8.8,10.35,1.94,25.4,26.35,90.0,1003.0,1.8,231.0,Rain,moderate rain
sundargarh,2026-08-03 01:31:08.026956,1,255.44,0.18,4.9,12.7,0.9,8.77,11.17,2.31,26.45,26.45,86.0,1004.0,1.44,221.0,Rain,light rain
sundargarh,2026-08-03 05:29:43.652867,1,145.78,0.07,2.63,39.21,1.28,6.17,7.03,0.86,32.09,37.91,62.0,1004.0,3.1,243.0,Rain,light rain
sundargarh,2026-08-03 08:59:08.023502,2,173.07,0.31,3.04,43.76,1.18,11.24,11.78,0.9,32.64,38.61,60.0,1002.0,3.35,211.0,Rain,light rain
sundargarh,2026-08-03 12:19:16.344994,2,203.23,0.12,4.68,44.97,1.67,16.84,17.58,1.28,31.59,38.24,67.0,1002.0,2.3,230.0,Clouds,overcast clouds
sundargarh,2026-08-03 15:36:21.769147,1,206.27,0.0,5.86,32.43,1.61,7.22,8.45,1.68,28.83,33.28,75.0,1004.0,1.47,161.0,Clouds,overcast clouds
sundargarh,2026-08-03 17:45:28.862381,1,219.5,0.0,5.77,27.66,1.55,7.37,8.37,1.45,28.35,32.48,77.0,1004.0,1.38,190.0,Clouds,overcast clouds
sundargarh,2026-08-03 19:16:33.989693,1,219.82,0.0,5.5,25.21,1.32,6.98,7.7,1.25,27.89,31.54,78.0,1004.0,1.31,202.0,Clouds,overcast clouds
sundargarh,2026-08-03 20:53:29.200684,1,207.8,0.0,4.6,23.65,0.85,5.65,6.04,0.98,27.65,31.11,79.0,1003.0,1.97,223.0,Rain,heavy intensity rain
sundargarh,2026-08-03 21:57:20.582611,1,201.24,0.0,4.28,22.84,0.69,5.22,5.55,0.97,27.33,30.49,80.0,1003.0,1.87,222.0,Rain,light rain
sundargarh,2026-08-03 22:55:03.217672,1,200.32,0.0,4.13,21.19,0.59,5.11,5.45,1.09,27.26,30.44,81.0,1003.0,1.57,210.0,Rain,light rain
sundargarh,2026-08-03 23:59:05.415356,1,201.48,0.0,4.08,19.59,0.55,5.16,5.54,1.21,27.11,30.19,82.0,1003.0,1.95,205.0,Clouds,overcast clouds
sundargarh,2026-08-04 02:12:17.047341,1,209.66,0.05,4.31,16.65,0.7,5.59,6.37,1.39,28.8,33.59,77.0,1005.0,3.18,224.0,Rain,light rain
sundargarh,2026-08-04 05:37:29.477471,1,191.95,0.33,2.76,31.1,0.43,6.43,7.02,1.23,32.51,38.29,60.0,1004.0,4.07,241.0,Clouds,overcast clouds
sundargarh,2026-08-04 08:15:26.271322,1,155.23,0.13,1.87,52.22,0.25,7.26,7.59,0.74,33.51,39.35,56.0,1003.0,3.66,264.0,Rain,light rain
sundargarh,2026-08-04 11:14:33.653530,2,175.56,0.1,2.77,51.86,0.71,10.55,11.19,1.64,33.29,39.17,57.0,1001.0,2.67,262.0,Clouds,overcast clouds
sundargarh,2026-08-04 13:43:02.492772,2,297.66,0.01,7.85,20.4,1.49,10.58,13.51,3.5,30.26,35.68,70.0,1002.0,1.96,239.0,Rain,light rain
sundargarh,2026-08-04 16:05:09.571309,1,262.76,0.0,6.16,25.89,1.42,9.44,11.27,1.81,29.41,34.73,75.0,1003.0,1.95,216.0,Clouds,overcast clouds
sundargarh,2026-08-04 18:21:52.783671,1,271.37,0.0,6.32,22.55,1.41,9.87,11.26,1.66,28.61,33.49,79.0,1003.0,2.86,219.0,Rain,moderate rain
sundargarh,2026-08-04 20:17:23.235504,1,250.31,0.0,5.51,21.23,1.11,8.35,9.06,1.37,27.53,31.34,83.0,1001.0,3.25,229.0,Rain,moderate rain
sundargarh,2026-08-04 22:02:42.922391,1,232.66,0.0,4.77,19.84,0.78,6.99,7.46,1.32,27.28,30.83,84.0,1001.0,2.59,211.0,Rain,light rain
sundargarh,2026-08-04 23:53:35.953836,1,232.63,0.01,4.57,16.58,0.58,6.92,7.4,1.43,26.46,26.46,88.0,1001.0,2.15,209.0,Rain,light rain
sundargarh,2026-08-05 01:25:28.963355,1,237.71,0.02,4.62,14.7,0.58,7.11,7.7,1.49,26.74,29.75,87.0,1002.0,1.81,219.0,Rain,moderate rain
sundargarh,2026-08-05 04:53:40.912403,1,217.3,0.56,3.54,22.57,0.84,8.57,9.43,1.25,27.76,31.79,82.0,1002.0,2.45,260.0,Clouds,overcast clouds
sundargarh,2026-08-05 07:31:13.432228,2,202.72,0.29,2.93,38.76,0.55,12.25,12.78,1.13,28.38,32.89,79.0,1001.0,3.4,241.0,Clouds,overcast clouds
sundargarh,2026-08-05 10:23:21.526927,2,206.26,0.18,3.28,43.98,0.57,12.96,13.38,1.05,28.06,32.73,83.0,1000.0,2.91,241.0,Clouds,overcast clouds
sundargarh,2026-08-05 12:46:17.798121,2,233.86,0.01,5.71,37.39,1.14,12.94,13.76,1.4,27.7,32.06,85.0,1001.0,1.51,254.0,Clouds,overcast clouds
sundargarh,2026-08-05 15:06:48.898848,2,318.41,0.01,8.02,19.64,1.49,19.98,22.5,2.59,27.49,31.5,85.0,1003.0,2.0,203.0,Clouds,overcast clouds
sundargarh,2026-08-05 17:17:42.226495,2,328.22,0.01,7.5,17.09,1.42,20.27,22.46,2.14,27.05,30.45,86.0,1003.0,1.9,202.0,Clouds,overcast clouds
sundargarh,2026-08-05 19:11:29.787198,2,325.52,0.01,6.82,16.0,1.03,19.86,21.38,1.85,25.99,25.99,89.0,1002.0,1.83,210.0,Clouds,overcast clouds
sundargarh,2026-08-05 20:55:32.238255,2,329.94,0.01,6.31,13.84,0.86,19.17,20.42,1.76,25.36,26.35,92.0,1001.0,1.31,235.0,Rain,light rain
sundargarh,2026-08-05 22:04:42.979353,2,331.12,0.01,6.08,12.66,0.84,18.37,19.51,1.71,25.36,26.38,93.0,1001.0,1.48,220.0,Rain,light rain
sundargarh,2026-08-05 23:45:59.475476,2,327.29,0.02,5.59,10.68,0.78,15.89,16.79,1.7,25.06,26.1,95.0,1001.0,1.64,230.0,Clouds,overcast clouds
sundargarh,2026-08-06 01:22:45.171265,2,319.88,0.05,5.38,10.23,0.77,14.5,15.4,1.73,25.35,26.37,93.0,1002.0,1.91,213.0,Clouds,overcast clouds
sundargarh,2026-08-06 04:53:55.829918,2,234.59,0.59,3.92,22.01,0.82,10.73,11.58,1.24,27.61,31.68,84.0,1003.0,2.85,228.0,Rain,moderate rain
sundargarh,2026-08-06 07:31:35.433184,2,240.97,0.38,4.75,27.84,0.81,14.12,14.77,1.15,27.36,31.03,84.0,1001.0,2.62,210.0,Rain,moderate rain
sundargarh,2026-08-06 10:25:23.852756,2,257.39,0.36,5.59,25.33,0.79,14.86,15.49,1.16,26.94,30.27,87.0,1000.0,2.36,176.0,Rain,light rain
sundargarh,2026-08-06 12:50:22.870303,2,271.11,0.02,6.71,25.43,1.35,17.62,18.44,1.32,26.72,29.86,89.0,1000.0,2.65,171.0,Clouds,broken clouds
sundargarh,2026-08-06 15:05:12.800255,2,266.8,0.0,6.61,25.99,1.88,10.36,11.85,1.65,26.15,26.15,91.0,1002.0,2.18,184.0,Clouds,overcast clouds
sundargarh,2026-08-06 23:48:09.761619,1,286.35,0.01,5.23,14.15,0.78,9.64,10.3,1.9,24.32,25.34,97.0,1000.0,1.8,184.0,Rain,moderate rain
sundargarh,2026-08-07 02:02:04.044752,1,288.52,0.14,5.14,13.13,0.87,8.93,10.0,1.94,24.61,25.66,97.0,1001.0,2.73,209.0,Rain,light rain
sundargarh,2026-08-07 04:46:31.739439,1,274.23,0.43,4.1,21.26,1.01,9.17,10.47,1.77,24.98,25.99,94.0,1001.0,4.5,223.0,Rain,moderate rain
sundargarh,2026-08-07 06:03:47.670638,2,269.52,0.38,3.71,24.47,0.94,10.21,11.36,1.64,28.91,33.28,74.0,1001.0,5.08,231.0,Clouds,overcast clouds
sundargarh,2026-08-07 08:05:07.168810,2,243.79,0.19,3.54,29.9,0.69,11.66,12.34,1.17,28.25,32.07,76.0,1000.0,5.77,229.0,Clouds,overcast clouds
sundargarh,2026-08-07 09:48:51.993604,2,221.52,0.18,4.02,38.54,0.64,11.53,12.01,0.87,28.67,32.89,75.0,999.0,6.07,243.0,Clouds,overcast clouds
sundargarh,2026-08-07 10:41:11.190751,2,203.52,0.08,4.03,44.81,0.65,11.49,11.94,0.78,28.34,32.12,75.0,998.0,6.2,245.0,Clouds,overcast clouds
sundargarh,2026-08-07 11:37:05.611199,2,199.75,0.03,4.32,46.93,0.76,11.28,11.75,0.84,27.31,30.55,81.0,999.0,5.33,237.0,Clouds,overcast clouds
sundargarh,2026-08-07 12:37:13.361404,2,207.79,0.0,4.83,46.49,1.02,11.82,12.4,1.12,26.46,26.46,84.0,1000.0,4.68,227.0,Clouds,broken clouds
sundargarh,2026-08-07 14:04:22.497568,2,275.3,0.0,7.91,32.88,1.77,20.33,21.43,1.72,25.86,26.77,87.0,1000.0,4.0,219.0,Clouds,broken clouds
sundargarh,2026-08-07 15:42:43.259963,2,290.95,0.0,8.84,25.79,2.25,19.46,20.79,1.85,25.32,26.23,89.0,1001.0,3.04,207.0,Clouds,broken clouds
sundargarh,2026-08-07 16:40:04.976837,2,296.71,0.0,8.78,23.05,2.18,18.6,19.98,1.81,25.07,25.98,90.0,1001.0,3.33,199.0,Clouds,broken clouds
sundargarh,2026-08-07 17:39:14.748198,2,299.41,0.0,8.66,20.84,1.96,17.75,19.03,1.73,24.76,25.69,92.0,1001.0,2.75,194.0,Rain,light rain
sundargarh,2026-08-07 18:37:40.610077,2,295.69,0.0,8.33,19.1,1.86,16.5,17.49,1.56,25.0,25.88,89.0,1002.0,2.72,203.0,Clouds,broken clouds
sundargarh,2026-08-07 19:42:49.736116,2,290.69,0.0,7.97,17.95,1.67,15.44,16.17,1.43,24.64,25.54,91.0,1001.0,2.9,194.0,Rain,light rain
sundargarh,2026-08-07 20:27:49.384883,2,290.69,0.0,7.97,17.95,1.67,15.44,16.17,1.43,24.64,25.54,91.0,1001.0,2.9,194.0,Rain,light rain
sundargarh,2026-08-07 21:27:36.424690,2,287.75,0.0,7.7,16.85,1.46,14.92,15.45,1.38,24.49,25.4,92.0,1000.0,3.1,198.0,Rain,light rain
sundargarh,2026-08-07 22:23:53.238351,2,287.86,0.01,7.79,15.59,1.3,14.98,15.41,1.32,24.07,24.99,94.0,1000.0,2.41,200.0,Rain,moderate rain
sundargarh,2026-08-07 23:23:51.495012,2,291.03,0.01,8.21,14.13,1.23,15.32,15.7,1.25,24.05,24.99,95.0,1000.0,1.97,188.0,Rain,light rain
sundargarh,2026-08-08 00:45:32.959096,2,302.56,0.01,9.73,11.73,1.13,15.97,16.31,1.0,24.84,25.86,95.0,1001.0,1.96,176.0,Clouds,overcast clouds
sundargarh,2026-08-08 02:48:54.526827,2,316.27,0.36,10.14,9.27,1.08,15.83,16.48,1.2,27.36,31.03,84.0,1002.0,3.25,192.0,Rain,light rain
sundargarh,2026-08-08 04:02:56.161285,2,316.02,0.67,9.49,9.74,1.04,15.4,16.15,1.28,28.43,33.02,79.0,1002.0,3.35,196.0,Clouds,overcast clouds
sundargarh,2026-08-08 05:34:23.652130,2,312.7,0.87,8.19,13.89,0.93,15.05,15.79,1.36,30.41,36.06,70.0,1001.0,3.67,217.0,Clouds,overcast clouds
sundargarh,2026-08-08 06:32:14.026231,2,313.21,1.38,6.63,19.75,0.88,15.86,16.54,1.39,29.88,35.23,72.0,1000.0,2.63,216.0,Rain,moderate rain
sundargarh,2026-08-08 07:39:55.882228,2,310.74,1.4,4.88,29.89,0.82,19.36,20.07,1.54,30.06,35.43,71.0,1000.0,2.02,210.0,Clouds,overcast clouds
sundargarh,2026-08-08 08:26:30.056611,2,310.74,1.4,4.88,29.89,0.82,19.36,20.07,1.54,30.06,35.43,71.0,1000.0,2.02,210.0,Rain,light rain
sundargarh,2026-08-08 09:26:07.611726,3,307.25,0.91,3.63,44.0,0.75,28.07,28.82,1.64,30.36,35.67,69.0,999.0,1.67,190.0,Rain,light rain
sundargarh,2026-08-08 10:19:43.379955,3,307.83,0.54,3.02,55.11,0.68,36.23,37.0,1.68,30.2,35.79,71.0,999.0,2.54,202.0,Rain,light rain
sundargarh,2026-08-08 11:19:18.886063,3,313.47,0.39,3.8,53.71,0.67,35.61,36.35,1.67,29.48,34.91,75.0,999.0,3.2,214.0,Rain,moderate rain
sundargarh,2026-08-08 12:22:48.868394,3,324.19,0.23,5.8,43.69,0.73,30.37,31.07,1.68,28.4,33.49,82.0,999.0,1.8,192.0,Rain,moderate rain
sundargarh,2026-08-08 13:37:01.076152,2,340.95,0.0,7.99,24.32,1.2,17.84,18.72,1.43,26.09,26.09,91.0,1001.0,2.06,201.0,Rain,light rain
sundargarh,2026-08-08 14:22:08.528024,2,340.95,0.0,7.99,24.32,1.2,17.84,18.72,1.43,26.09,26.09,91.0,1001.0,2.06,201.0,Rain,light rain
sundargarh,2026-08-08 15:18:13.029352,2,361.31,0.0,8.83,19.52,1.31,18.17,19.14,1.47,25.83,26.9,93.0,1002.0,2.07,203.0,Rain,light rain
sundargarh,2026-08-08 16:18:51.906923,2,379.44,0.01,9.93,14.86,1.41,18.18,19.15,1.49,25.6,26.64,93.0,1003.0,2.16,192.0,Rain,light rain
sundargarh,2026-08-08 17:19:45.163121,2,393.23,0.02,10.86,11.92,1.46,18.36,19.31,1.57,25.33,26.37,94.0,1003.0,2.62,187.0,Rain,light rain
sundargarh,2026-08-08 18:20:59.891930,2,396.71,0.02,11.35,10.46,1.41,18.53,19.37,1.62,25.35,26.37,93.0,1003.0,3.95,172.0,Rain,moderate rain
sundargarh,2026-08-08 19:20:43.946777,2,387.47,0.02,11.19,10.38,1.28,18.5,19.14,1.58,25.19,26.19,93.0,1002.0,3.12,175.0,Clouds,overcast clouds
sundargarh,2026-08-08 20:15:57.011333,2,368.62,0.01,10.52,11.51,1.19,18.4,18.91,1.48,25.17,26.2,94.0,1002.0,2.56,184.0,Clouds,overcast clouds
sundargarh,2026-08-08 21:19:03.959537,2,343.61,0.01,9.54,13.3,1.14,18.05,18.48,1.35,25.05,26.09,95.0,1001.0,2.14,189.0,Clouds,overcast clouds
sundargarh,2026-08-08 22:16:14.492334,2,316.73,0.0,8.69,15.64,1.06,17.96,18.36,1.27,24.83,25.85,95.0,1001.0,2.12,184.0,Clouds,overcast clouds
sundargarh,2026-08-08 23:17:14.152789,2,297.24,0.0,8.19,16.7,1.08,17.9,18.32,1.33,24.78,25.82,96.0,1002.0,2.18,173.0,Rain,light rain
sundargarh,2026-08-09 00:49:16.345441,2,266.25,0.02,7.74,16.75,1.15,16.29,16.74,1.17,24.63,25.71,98.0,1002.0,1.7,184.0,Rain,light rain
sundargarh,2026-08-09 02:56:07.849572,2,250.63,0.29,7.77,15.44,1.13,14.49,15.07,1.1,26.7,29.64,87.0,1003.0,2.92,201.0,Rain,light rain
sundargarh,2026-08-09 04:10:02.199822,2,246.08,0.42,7.62,15.69,1.14,13.58,14.12,1.01,27.66,31.54,82.0,1003.0,3.22,206.0,Clouds,overcast clouds
sundargarh,2026-08-09 05:40:06.695932,2,242.93,1.2,6.24,19.67,1.1,13.15,13.6,0.94,29.93,35.35,72.0,1002.0,3.22,200.0,Rain,light rain
sundargarh,2026-08-09 06:36:06.532888,2,244.34,1.02,5.81,23.23,1.07,13.29,13.69,0.92,29.82,35.32,73.0,1001.0,2.51,166.0,Rain,moderate rain
sundargarh,2026-08-09 07:44:00.058506,2,239.54,0.78,5.11,27.52,1.0,12.36,12.71,0.9,30.46,36.18,70.0,1000.0,2.91,185.0,Rain,moderate rain
sundargarh,2026-08-09 08:29:00.913107,2,239.54,0.78,5.11,27.52,1.0,12.36,12.71,0.9,30.46,36.18,70.0,1000.0,2.91,185.0,Rain,moderate rain
sundargarh,2026-08-09 09:28:04.377301,2,236.29,0.73,4.56,31.73,0.98,12.05,12.39,0.91,30.38,36.25,71.0,1000.0,3.34,198.0,Rain,moderate rain
sundargarh,2026-08-09 10:21:20.059648,2,237.25,0.61,4.5,34.98,0.98,11.84,12.16,0.91,30.22,35.84,71.0,1000.0,3.57,196.0,Rain,light rain
sundargarh,2026-08-09 11:19:58.238957,2,238.88,0.42,5.23,33.98,1.0,10.76,11.06,0.88,30.02,35.33,71.0,999.0,3.58,195.0,Rain,light rain
sundargarh,2026-08-09 12:25:11.907046,2,241.03,0.2,6.59,31.23,1.1,10.14,10.44,0.8,29.2,34.63,77.0,1000.0,3.28,187.0,Clouds,broken clouds
sundargarh,2026-08-09 13:40:32.909519,2,213.61,0.0,5.97,31.87,1.51,11.18,11.88,1.51,27.19,30.82,86.0,1001.0,3.27,219.0,Clouds,broken clouds
sundargarh,2026-08-09 14:23:27.396532,2,213.61,0.0,5.97,31.87,1.51,11.18,11.88,1.51,27.19,30.82,86.0,1001.0,3.27,219.0,Rain,moderate rain
sundargarh,2026-08-09 15:20:00.315708,2,226.88,0.0,6.44,29.63,1.64,11.49,12.37,1.64,26.87,30.08,87.0,1002.0,2.6,221.0,Rain,moderate rain
sundargarh,2026-08-09 16:20:35.676241,2,236.5,0.0,6.8,28.03,1.65,11.5,12.57,1.73,26.33,26.33,90.0,1003.0,2.6,246.0,Rain,moderate rain
sundargarh,2026-08-09 17:20:51.358360,2,242.97,0.0,6.91,26.75,1.61,11.41,12.66,1.81,26.18,26.18,91.0,1002.0,2.86,229.0,Rain,light rain
sundargarh,2026-08-09 18:22:52.103387,2,241.23,0.0,6.72,25.46,1.45,11.15,12.41,1.81,25.74,26.75,91.0,1003.0,3.23,227.0,Rain,light rain
sundargarh,2026-08-09 19:24:45.582732,2,230.61,0.0,6.25,24.32,1.21,10.6,11.74,1.73,25.58,26.62,93.0,1002.0,2.35,209.0,Rain,light rain
sundargarh,2026-08-09 20:18:48.791262,1,217.79,0.0,5.64,23.61,1.01,9.99,11.03,1.64,25.35,26.37,93.0,1002.0,2.53,200.0,Rain,light rain
sundargarh,2026-08-09 21:20:34.865507,1,204.45,0.0,5.04,23.18,0.84,9.27,10.2,1.54,25.15,26.18,94.0,1001.0,2.78,202.0,Clouds,overcast clouds
sundargarh,2026-08-09 22:18:13.127836,1,192.68,0.0,4.54,22.91,0.73,8.54,9.38,1.46,24.79,25.83,96.0,1001.0,2.55,205.0,Clouds,overcast clouds
sundargarh,2026-08-09 23:19:08.430001,1,185.56,0.0,4.23,22.2,0.67,7.95,8.78,1.5,24.72,25.78,97.0,1002.0,1.89,200.0,Rain,light rain
sundargarh,2026-08-10 00:51:51.504394,1,177.73,0.05,4.02,20.31,0.7,6.96,7.87,1.57,25.28,26.27,92.0,1003.0,1.76,220.0,Clouds,overcast clouds
sundargarh,2026-08-10 03:05:31.511526,1,161.42,0.78,3.12,24.93,0.94,6.14,7.05,1.36,27.52,31.18,82.0,1004.0,3.02,219.0,Rain,light rain
sundargarh,2026-08-10 05:14:38.988782,1,143.13,0.6,2.84,36.67,1.25,7.81,8.31,0.75,29.92,35.33,72.0,1003.0,3.07,225.0,Rain,light rain
sundargarh,2026-08-10 07:06:21.470989,2,148.0,0.31,2.36,47.79,1.52,11.4,11.81,0.65,31.53,37.15,64.0,1001.0,4.26,226.0,Clouds,overcast clouds
sundargarh,2026-08-10 09:05:40.042332,2,153.43,0.17,1.89,58.38,1.52,14.69,15.08,0.68,31.04,36.53,66.0,1000.0,4.91,213.0,Clouds,overcast clouds
sundargarh,2026-08-10 10:56:14.326191,2,173.05,0.07,2.46,59.11,1.86,19.26,19.82,1.06,30.71,36.27,68.0,999.0,4.96,226.0,Rain,light rain
sundargarh,2026-08-10 11:41:56.447927,2,184.91,0.02,3.03,58.23,2.08,20.42,21.03,1.06,29.41,34.96,76.0,999.0,4.25,218.0,Rain,moderate rain
sundargarh,2026-08-10 12:41:11.682233,2,204.34,0.0,3.85,52.46,2.27,20.74,21.61,1.22,27.09,30.35,84.0,1000.0,4.26,235.0,Rain,heavy intensity rain
sundargarh,2026-08-10 14:11:38.498734,2,195.16,0.0,4.25,46.77,2.27,11.36,12.75,1.62,26.87,29.9,85.0,1001.0,4.12,232.0,Rain,moderate rain
sundargarh,2026-08-10 15:48:11.142158,2,207.68,0.0,4.47,38.88,1.79,10.98,12.84,1.86,26.18,26.18,89.0,1003.0,3.2,224.0,Clouds,overcast clouds
sundargarh,2026-08-10 16:41:31.375583,2,219.56,0.0,4.75,33.72,1.52,11.17,13.56,2.13,26.2,26.2,88.0,1003.0,3.43,207.0,Rain,light rain
sundargarh,2026-08-10 17:42:20.348146,2,229.39,0.0,4.98,28.99,1.28,11.26,13.97,2.26,25.55,26.59,93.0,1002.0,3.41,197.0,Clouds,overcast clouds
sundargarh,2026-08-10 18:40:41.631977,2,234.56,0.0,5.03,25.46,1.04,11.25,13.85,2.31,24.81,25.85,96.0,1002.0,3.34,213.0,Clouds,overcast clouds
sundargarh,2026-08-10 19:46:43.538051,2,241.73,0.0,5.07,22.65,0.95,11.51,13.89,2.35,24.73,25.77,96.0,1001.0,3.85,226.0,Rain,light rain
sundargarh,2026-08-10 20:30:19.878005,2,249.42,0.0,5.14,20.55,0.99,12.05,14.32,2.37,24.69,25.72,96.0,1001.0,3.13,234.0,Rain,heavy intensity rain
sundargarh,2026-08-10 21:30:46.334866,2,257.71,0.01,5.27,19.4,1.33,12.92,15.09,2.26,24.71,25.74,96.0,1001.0,2.76,224.0,Rain,moderate rain
sundargarh,2026-08-10 22:25:15.634901,2,257.71,0.01,5.27,19.4,1.33,12.92,15.09,2.26,24.71,25.74,96.0,1001.0,2.76,224.0,Rain,light rain
sundargarh,2026-08-10 23:24:30.714898,2,265.6,0.01,5.44,19.08,1.64,14.02,16.21,2.11,24.84,25.89,96.0,1001.0,2.74,217.0,Clouds,overcast clouds
sundargarh,2026-08-11 00:51:27.130021,2,268.7,0.09,5.67,20.96,2.13,16.61,18.68,1.81,25.25,26.26,93.0,1002.0,2.18,215.0,Clouds,overcast clouds
sundargarh,2026-08-11 02:58:42.656440,2,247.7,1.25,3.86,31.43,2.76,20.09,22.24,1.48,27.93,31.92,80.0,1003.0,3.4,240.0,Clouds,overcast clouds
sundargarh,2026-08-11 04:17:00.403481,2,180.52,0.58,2.61,52.05,2.95,20.29,21.73,0.12,28.97,33.62,75.0,1003.0,4.15,245.0,Rain,light rain
sundargarh,2026-08-11 05:45:38.919201,2,145.67,0.12,1.36,65.26,2.34,18.9,19.95,0.0,30.64,36.37,69.0,1002.0,5.11,239.0,Rain,light rain
sundargarh,2026-08-11 06:44:36.470766,2,139.63,0.1,1.11,68.3,2.0,17.22,18.15,0.0,31.94,37.86,63.0,1001.0,5.15,239.0,Clouds,overcast clouds
sundargarh,2026-08-11 08:01:50.247919,2,134.71,0.11,0.86,71.36,1.71,15.75,16.54,0.06,31.55,37.2,64.0,1000.0,5.21,242.0,Clouds,overcast clouds
sundargarh,2026-08-11 09:48:42.704875,2,136.72,0.13,0.84,76.04,1.67,14.35,15.06,0.32,31.68,37.22,63.0,999.0,4.81,245.0,Clouds,overcast clouds
sundargarh,2026-08-11 10:40:43.393348,2,145.35,0.13,1.1,77.16,1.91,15.25,16.03,0.56,31.29,36.57,64.0,999.0,4.53,249.0,Clouds,overcast clouds
sundargarh,2026-08-11 11:35:54.438491,2,152.47,0.1,1.51,76.35,2.04,15.29,16.15,0.84,30.13,35.61,71.0,999.0,3.33,236.0,Clouds,overcast clouds
sundargarh,2026-08-11 12:38:28.040605,2,171.98,0.02,2.62,66.79,2.09,15.71,17.04,1.93,28.71,33.17,76.0,1000.0,2.48,223.0,Clouds,overcast clouds
sundargarh,2026-08-11 14:11:04.180253,3,285.12,0.0,6.43,35.55,2.48,25.39,29.67,5.49,28.21,31.98,76.0,1001.0,2.55,209.0,Clouds,overcast clouds
sundargarh,2026-08-11 15:48:26.085061,3,394.07,0.01,8.94,19.09,2.77,29.71,36.79,6.28,27.02,29.98,82.0,1003.0,2.5,201.0,Rain,light rain
sundargarh,2026-08-11 16:44:38.470144,3,426.86,0.03,9.33,14.59,2.74,30.2,37.37,5.24,26.61,26.61,83.0,1003.0,2.45,206.0,Rain,moderate rain
sundargarh,2026-08-11 17:47:09.125196,3,436.21,0.04,9.22,12.26,2.38,29.15,35.46,4.05,26.32,26.32,84.0,1003.0,2.37,218.0,Clouds,overcast clouds
sundargarh,2026-08-11 18:44:23.405150,3,404.09,0.03,8.26,12.81,1.85,25.52,30.05,2.99,26.21,26.21,85.0,1002.0,1.89,220.0,Rain,light rain
sundargarh,2026-08-11 19:53:20.191975,2,366.37,0.02,7.19,14.28,1.46,21.38,24.63,2.36,25.61,26.52,88.0,1001.0,1.94,235.0,Rain,moderate rain
sundargarh,2026-08-11 20:32:54.007425,2,324.47,0.01,6.2,16.56,1.17,17.19,19.53,2.03,25.61,26.52,88.0,1001.0,1.94,235.0,Rain,moderate rain
sundargarh,2026-08-11 21:34:27.076085,2,272.17,0.0,5.03,21.37,0.89,12.85,14.42,1.81,24.87,25.84,93.0,1001.0,1.55,230.0,Rain,moderate rain
sundargarh,2026-08-11 22:30:38.819508,2,263.11,0.0,4.83,19.84,0.73,11.64,13.14,1.93,25.04,26.03,93.0,1002.0,1.56,225.0,Rain,light rain
sundargarh,2026-08-11 23:28:44.877094,2,263.11,0.0,4.83,19.84,0.73,11.64,13.14,1.93,25.04,26.03,93.0,1002.0,1.56,225.0,Rain,light rain
sundargarh,2026-08-12 00:57:43.916957,2,274.33,0.1,4.92,15.42,0.7,11.78,13.7,2.24,25.57,26.48,88.0,1003.0,1.17,193.0,Clouds,broken clouds
sundargarh,2026-08-12 03:20:19.513755,2,283.79,1.02,3.89,18.11,1.05,13.44,16.43,2.83,28.62,32.95,76.0,1004.0,2.8,221.0,Clouds,overcast clouds
sundargarh,2026-08-12 05:23:17.056094,2,175.08,0.29,1.75,50.6,1.42,11.93,13.03,1.09,30.92,36.24,66.0,1003.0,3.87,222.0,Rain,light rain
sundargarh,2026-08-12 07:05:12.836982,2,145.73,0.15,1.04,60.5,0.96,12.12,12.73,0.94,32.46,38.17,60.0,1001.0,4.37,237.0,Rain,light rain
sundargarh,2026-08-12 08:59:29.702969,1,124.26,0.04,1.16,56.39,0.61,6.69,7.08,0.94,32.94,39.94,64.0,1001.0,3.71,243.0,Rain,light rain
sundargarh,2026-08-12 10:02:40.298766,1,132.07,0.02,1.7,51.31,0.66,5.91,6.44,1.46,32.94,39.94,64.0,1000.0,3.62,240.0,Rain,light rain
sundargarh,2026-08-12 11:38:07.587398,1,173.08,0.09,3.72,41.21,1.04,7.3,8.56,3.01,31.58,37.28,64.0,1000.0,3.26,231.0,Rain,light rain
sundargarh,2026-08-12 12:41:15.331101,1,191.53,0.03,4.66,37.99,1.22,8.16,9.76,3.2,28.5,33.38,80.0,1002.0,2.83,234.0,Rain,light rain
sundargarh,2026-08-12 14:12:06.948097,1,195.61,0.0,5.0,36.42,1.14,8.02,9.31,1.61,27.87,32.07,82.0,1003.0,2.54,232.0,Clouds,overcast clouds
sundargarh,2026-08-12 15:48:08.173179,1,234.68,0.0,5.98,29.12,1.21,8.94,10.96,2.09,27.23,30.81,85.0,1004.0,2.27,222.0,Rain,light rain
sundargarh,2026-08-12 16:44:45.370212,1,244.11,0.0,5.98,27.04,1.15,9.05,11.11,2.04,27.09,30.45,85.0,1004.0,1.97,230.0,Clouds,overcast clouds
sundargarh,2026-08-12 17:48:49.669191,1,243.24,0.0,5.66,25.34,0.98,8.67,10.27,1.85,26.65,26.65,86.0,1004.0,1.61,249.0,Clouds,overcast clouds
sundargarh,2026-08-12 18:45:14.819131,1,233.67,0.0,5.05,24.1,0.82,7.81,8.84,1.59,26.87,29.72,83.0,1004.0,1.46,247.0,Rain,light rain
sundargarh,2026-08-12 19:55:09.710215,1,228.27,0.0,4.55,22.74,0.74,7.21,7.92,1.46,26.7,29.32,83.0,1003.0,1.73,247.0,Rain,light rain
sundargarh,2026-08-12 20:31:30.181878,1,227.52,0.0,4.27,21.16,0.7,6.94,7.49,1.39,26.1,26.1,87.0,1003.0,2.0,237.0,Rain,moderate rain
sundargarh,2026-08-12 21:33:42.443312,1,228.62,0.0,4.18,19.18,0.67,6.99,7.47,1.36,25.92,26.87,88.0,1003.0,2.47,217.0,Clouds,overcast clouds
sundargarh,2026-08-12 22:28:39.100490,1,228.62,0.0,4.18,19.18,0.67,6.99,7.47,1.36,25.93,26.88,88.0,1003.0,2.47,217.0,Rain,light rain
sundargarh,2026-08-12 23:29:25.325580,1,232.62,0.0,4.31,17.11,0.67,7.4,7.85,1.33,25.58,26.57,91.0,1003.0,2.65,209.0,Rain,heavy intensity rain
sundargarh,2026-08-13 00:58:52.872501,1,233.38,0.03,5.22,14.05,0.89,8.85,9.33,1.17,25.33,26.35,93.0,1004.0,3.44,182.0,Rain,heavy intensity rain
sundargarh,2026-08-13 03:25:12.142115,2,230.01,0.99,5.85,13.98,1.58,11.65,12.52,1.08,25.94,27.17,99.0,1004.0,3.76,200.0,Rain,heavy intensity rain
sundargarh,2026-08-13 05:27:06.999864,2,223.3,1.87,6.49,16.1,2.36,15.19,15.98,0.86,26.6,26.6,89.0,1004.0,3.56,218.0,Rain,very heavy rain
sundargarh,2026-08-13 07:09:08.284719,2,232.11,2.15,7.16,17.07,2.64,17.27,18.07,1.0,25.94,27.1,96.0,1004.0,3.35,231.0,Rain,light rain
sundargarh,2026-08-13 09:00:43.352702,2,215.96,1.09,6.97,24.55,2.7,14.21,14.85,0.96,25.94,26.94,90.0,1001.0,3.41,250.0,Clouds,overcast clouds
sundargarh,2026-08-13 10:09:06.499038,2,209.45,0.76,6.93,29.56,2.85,11.45,12.03,0.92,26.94,30.98,94.0,1002.0,3.24,246.0,Clouds,overcast clouds
sundargarh,2026-08-13 11:38:07.307146,1,201.93,0.22,8.31,35.12,3.53,8.03,8.54,0.95,26.94,30.77,92.0,1001.0,2.33,223.0,Rain,heavy intensity rain
sundargarh,2026-08-13 12:42:01.097767,1,204.71,0.02,8.53,36.57,3.43,7.58,8.25,1.3,25.94,27.07,95.0,1001.0,2.35,213.0,Clouds,overcast clouds
sundargarh,2026-08-13 14:13:50.952143,1,213.8,0.0,8.21,36.33,3.42,8.21,9.23,1.93,25.94,27.12,97.0,1002.0,2.45,201.0,Clouds,overcast clouds
sundargarh,2026-08-13 15:47:17.853287,2,255.06,0.0,9.76,24.86,4.53,13.07,14.43,1.98,25.94,27.07,95.0,1003.0,2.82,201.0,Clouds,overcast clouds
sundargarh,2026-08-13 16:43:44.325893,2,257.04,0.0,9.39,25.57,4.77,12.72,13.96,1.76,25.94,27.07,95.0,1003.0,2.5,203.0,Rain,light rain
sundargarh,2026-08-13 17:48:09.844941,2,259.01,0.0,9.32,25.5,4.98,12.75,13.86,1.55,25.27,26.31,94.0,1003.0,2.37,207.0,Clouds,overcast clouds
sundargarh,2026-08-13 18:45:23.522130,2,258.85,0.0,9.41,24.32,5.65,13.02,13.96,1.32,24.97,26.0,95.0,1002.0,3.51,244.0,Rain,light rain
sundargarh,2026-08-13 19:50:23.567450,2,264.25,0.0,9.71,22.47,5.93,13.58,14.43,1.21,24.85,25.85,94.0,1001.0,4.52,253.0,Rain,light rain
sundargarh,2026-08-13 20:28:58.844100,2,264.25,0.0,9.71,22.47,5.93,13.58,14.43,1.21,24.85,25.85,94.0,1001.0,4.52,253.0,Rain,light rain
sundargarh,2026-08-13 21:33:44.388419,2,279.21,0.0,10.29,18.1,4.88,15.77,16.55,1.14,24.47,25.48,96.0,1001.0,2.7,242.0,Rain,light rain
sundargarh,2026-08-13 22:29:33.534123,2,279.21,0.0,10.29,18.1,4.88,15.77,16.55,1.14,24.46,25.47,96.0,1001.0,2.7,242.0,Rain,light rain
sundargarh,2026-08-13 23:30:08.536804,2,271.55,0.0,9.75,18.36,3.75,16.77,17.28,0.84,24.47,25.53,98.0,1001.0,2.13,244.0,Rain,heavy intensity rain
sundargarh,2026-08-14 00:58:14.883965,2,249.88,0.0,8.51,21.35,3.32,15.59,16.03,0.7,24.98,25.99,94.0,1002.0,1.28,261.0,Rain,moderate rain
sundargarh,2026-08-14 03:22:18.852374,2,225.7,0.14,7.35,23.58,2.72,13.97,14.51,0.71,26.94,30.77,92.0,1003.0,3.98,255.0,Rain,light rain
sundargarh,2026-08-14 05:23:19.962249,2,219.9,0.35,7.26,24.55,2.51,12.73,13.31,0.73,29.34,34.77,76.0,1002.0,4.99,257.0,Rain,light rain
sundargarh,2026-08-14 07:05:39.884748,2,231.18,0.27,7.6,27.01,2.5,12.35,12.87,0.83,26.94,30.67,91.0,1001.0,5.28,257.0,Rain,light rain
sundargarh,2026-08-14 08:56:38.450430,2,250.47,0.15,8.03,25.96,2.1,12.97,13.5,1.0,29.94,36.94,90.0,999.0,5.3,265.0,Rain,light rain
sundargarh,2026-08-14 09:52:32.821766,2,256.71,0.13,8.06,26.9,1.96,13.47,13.98,0.98,28.32,33.27,82.0,999.0,6.16,262.0,Rain,moderate rain
sundargarh,2026-08-14 10:47:14.598337,2,262.84,0.13,8.82,27.61,2.03,13.48,13.96,0.94,26.94,30.67,91.0,999.0,5.78,255.0,Rain,moderate rain
sundargarh,2026-08-14 11:35:51.170785,2,272.05,0.13,10.84,26.03,2.25,13.28,13.74,0.89,26.94,31.19,96.0,1000.0,5.78,255.0,Clouds,overcast clouds
sundargarh,2026-08-14 12:37:44.564530,2,281.54,0.06,12.85,23.53,2.36,13.45,13.93,0.87,26.94,30.67,91.0,1000.0,6.55,246.0,Rain,light rain
sundargarh,2026-08-14 14:07:40.472688,2,265.43,0.0,8.47,29.1,2.86,13.22,14.06,1.14,25.94,27.15,98.0,1001.0,5.64,247.0,Rain,light rain
sundargarh,2026-08-14 15:40:57.774363,2,263.14,0.0,8.68,27.59,3.32,13.4,14.58,1.3,25.94,27.1,96.0,1002.0,4.92,242.0,Rain,light rain
sundargarh,2026-08-14 16:39:17.226213,2,256.72,0.0,8.56,26.57,3.11,13.33,14.63,1.38,25.94,27.12,97.0,1002.0,4.72,239.0,Rain,light rain
sundargarh,2026-08-14 17:43:30.618487,2,247.71,0.0,8.46,25.05,2.79,13.05,14.31,1.4,24.71,25.77,97.0,1002.0,4.65,239.0,Rain,light rain
sundargarh,2026-08-14 18:39:15.628249,2,236.45,0.0,8.38,23.13,2.52,12.55,13.66,1.33,24.39,25.37,95.0,1001.0,4.12,236.0,Rain,moderate rain
sundargarh,2026-08-14 19:41:09.613615,2,226.56,0.0,8.38,21.02,2.41,12.1,13.09,1.23,24.27,25.23,95.0,1001.0,3.8,237.0,Rain,moderate rain
sundargarh,2026-08-14 20:20:27.189709,2,226.56,0.0,8.38,21.02,2.41,12.1,13.09,1.23,24.29,25.26,95.0,1001.0,3.8,237.0,Rain,moderate rain
sundargarh,2026-08-14 21:14:40.377557,2,217.7,0.0,8.48,18.69,2.41,11.73,12.61,1.13,24.31,25.28,95.0,1001.0,3.48,239.0,Rain,light rain
sundargarh,2026-08-14 22:11:17.228695,2,210.56,0.0,8.93,16.44,2.56,11.31,11.94,0.91,24.23,25.22,96.0,1001.0,2.88,232.0,Rain,moderate rain
sundargarh,2026-08-14 23:11:24.336288,2,206.15,0.0,9.61,14.08,2.25,10.84,11.23,0.76,24.25,25.24,96.0,1001.0,2.99,227.0,Rain,light rain
sundargarh,2026-08-15 00:34:23.168367,2,207.91,0.03,10.91,10.25,1.61,10.37,10.65,0.68,24.53,25.55,96.0,1002.0,2.21,228.0,Clouds,overcast clouds
talcher,2026-05-21 19:17:04.709584,4,487.93,0.0,11.09,73.55,3.98,60.4,77.25,18.02,,,,,,,,
talcher,2026-05-21 20:03:37.090369,4,539.75,0.0,12.21,57.83,3.93,64.49,82.57,19.57,,,,,,,,
talcher,2026-05-21 20:38:20.423909,4,539.75,0.0,12.21,57.83,3.93,64.49,82.57,19.57,,,,,,,,
talcher,2026-05-24 09:50:35.756604,5,418.61,0.27,4.85,170.9,6.01,97.27,119.87,23.26,,,,,,,,
talcher,2026-05-24 11:06:56.261215,5,400.75,0.23,5.45,163.63,5.96,90.8,114.15,22.77,,,,,,,,
talcher,2026-05-24 12:57:05.450845,4,260.82,0.01,3.03,104.44,3.51,61.29,86.18,7.32,,,,,,,,
talcher,2026-05-24 14:21:54.284718,4,247.14,0.0,2.85,85.73,2.46,54.42,78.4,4.73,,,,,,,,
talcher,2026-05-24 14:50:50.703234,5,406.5,0.27,3.77,161.47,5.68,98.8,119.99,19.71,,,,,,,,
talcher,2026-05-24 15:54:19.346471,4,265.81,0.0,3.08,73.61,1.77,53.2,77.73,3.88,,,,,,,,
talcher,2026-05-24 16:50:55.629424,4,275.2,0.0,3.16,70.37,1.59,52.82,77.58,4.02,,,,,,,,
talcher,2026-05-24 17:51:17.808221,4,282.55,0.0,3.22,68.44,1.45,52.51,77.41,4.47,,,,,,,,
talcher,2026-05-24 18:59:27.290521,4,286.75,0.0,3.18,66.93,1.34,52.31,77.21,4.93,,,,,,,,
talcher,2026-05-24 20:05:39.134504,4,294.95,0.0,3.19,65.62,1.31,52.59,77.34,5.09,,,,,,,,
talcher,2026-05-24 21:44:54.756496,4,318.72,0.0,3.34,63.69,1.37,54.98,78.29,5.13,,,,,,,,
talcher,2026-05-24 22:46:01.646869,4,328.33,0.0,3.35,64.42,1.44,57.39,80.17,5.28,,,,,,,,
talcher,2026-05-24 23:50:52.571785,4,335.92,0.0,3.37,65.6,1.52,59.75,82.34,5.52,,,,,,,,
talcher,2026-05-25 02:11:16.971626,4,343.76,0.18,3.61,68.84,1.97,61.71,83.44,5.47,,,,,,,,
talcher,2026-05-25 07:01:24.120630,5,278.61,0.1,0.84,126.28,4.85,81.76,107.77,3.97,,,,,,,,
talcher,2026-05-25 11:42:06.560284,4,234.85,0.06,2.31,111.83,3.32,61.31,92.15,5.18,,,,,,,,
talcher,2026-05-25 14:31:13.108451,4,265.23,0.0,3.97,86.89,2.92,61.59,89.45,5.73,,,,,,,,
talcher,2026-05-25 16:58:16.294964,4,277.97,0.0,4.2,74.24,2.25,59.29,86.77,4.53,,,,,,,,
talcher,2026-05-25 18:24:11.483901,4,282.62,0.0,4.19,70.22,2.03,58.81,86.44,4.29,,,,,,,,
talcher,2026-05-25 20:18:30.913664,4,304.8,0.0,4.74,56.3,1.41,58.99,85.06,5.0,26.99,30.92,92.0,1003.0,2.43,86.0,Clouds,broken clouds
talcher,2026-05-25 22:01:05.750591,4,331.04,0.0,5.05,46.38,1.09,60.44,84.75,6.3,26.77,30.45,94.0,1003.0,2.08,109.0,Clouds,scattered clouds
talcher,2026-05-25 23:55:28.605492,4,356.47,0.0,5.29,40.95,0.97,62.83,83.97,6.53,26.76,30.33,93.0,1004.0,2.81,120.0,Clouds,scattered clouds
talcher,2026-05-26 00:46:37.443978,4,289.17,0.0,4.38,63.94,1.71,58.49,85.43,4.43,27.27,31.52,90.0,1003.0,2.5,74.0,Clouds,broken clouds
talcher,2026-05-26 02:01:42.843254,4,382.18,0.61,5.37,42.05,1.52,65.31,87.44,6.1,31.85,38.85,67.0,1005.0,3.03,134.0,Clouds,few clouds
talcher,2026-05-26 06:36:51.195579,5,255.65,0.1,0.92,127.54,4.8,83.37,112.26,2.75,45.95,45.79,15.0,1001.0,2.94,340.0,Clouds,broken clouds
talcher,2026-05-26 10:40:27.561117,4,255.81,0.15,2.75,109.64,3.37,73.8,104.96,6.19,38.88,40.64,29.0,999.0,8.9,143.0,Clouds,broken clouds
talcher,2026-05-26 13:46:25.462051,4,352.29,0.0,7.67,60.35,3.25,61.88,83.51,11.84,33.81,36.16,44.0,1001.0,4.92,189.0,Clouds,few clouds
talcher,2026-05-26 17:19:54.405369,4,444.87,0.0,9.8,41.22,2.51,64.83,88.16,12.24,28.86,32.6,71.0,1003.0,2.93,81.0,Clouds,few clouds
talcher,2026-05-26 19:54:22.450084,4,431.31,0.0,8.3,37.41,1.33,61.36,83.29,8.55,26.54,26.54,94.0,1004.0,2.34,91.0,Clear,clear sky
talcher,2026-05-26 21:27:39.444584,4,429.94,0.0,7.89,36.04,1.23,60.69,82.32,9.82,26.21,26.21,96.0,1004.0,2.16,85.0,Clear,clear sky
talcher,2026-05-26 23:00:14.641172,4,435.39,0.0,7.95,37.59,1.55,60.29,81.14,18.44,25.98,25.98,97.0,1004.0,2.13,97.0,Clouds,scattered clouds
talcher,2026-05-27 00:07:15.947385,4,439.16,0.0,8.33,40.97,1.89,60.37,80.78,23.84,26.58,26.58,94.0,1005.0,2.36,86.0,Clouds,scattered clouds
talcher,2026-05-27 05:08:42.304302,4,307.66,0.18,1.55,115.0,5.57,70.93,94.59,6.68,40.79,45.2,31.0,1005.0,1.58,192.0,Clear,clear sky
talcher,2026-05-27 08:59:21.384609,4,211.7,0.08,0.87,122.52,4.05,50.97,73.46,5.71,45.09,44.07,14.0,999.0,2.38,359.0,Clouds,few clouds
talcher,2026-05-27 12:20:44.387021,3,260.88,0.15,4.61,92.6,3.48,44.34,62.46,9.52,28.21,29.89,61.0,1002.0,8.45,129.0,Clouds,broken clouds
talcher,2026-05-27 16:32:29.209401,4,320.68,0.0,5.11,80.1,2.84,57.73,77.95,10.04,27.64,28.14,51.0,1005.0,2.8,119.0,Clouds,overcast clouds
talcher,2026-05-27 19:13:23.314571,4,371.85,0.0,5.08,76.17,2.07,71.81,95.79,7.58,27.62,29.0,61.0,1005.0,4.09,144.0,Clouds,overcast clouds
talcher,2026-05-27 21:44:58.024643,5,429.17,0.0,5.96,51.7,1.25,75.16,97.94,8.3,26.85,29.94,86.0,1004.0,3.94,128.0,Clouds,broken clouds
talcher,2026-05-27 23:08:43.628610,4,432.72,0.0,5.84,49.45,1.23,74.33,96.74,8.43,26.52,26.52,90.0,1004.0,3.19,131.0,Clouds,broken clouds
talcher,2026-05-28 01:53:23.722913,5,453.77,0.54,5.77,50.81,1.47,76.31,100.19,7.35,31.59,37.0,63.0,1006.0,2.14,144.0,Clouds,few clouds
talcher,2026-05-28 06:01:26.839454,4,283.01,0.11,1.11,110.97,2.3,64.15,85.19,5.6,42.89,45.72,24.0,1003.0,2.94,146.0,Clouds,broken clouds
talcher,2026-05-28 10:44:08.936959,4,306.79,0.23,3.82,105.74,3.04,62.6,82.74,10.32,44.15,43.29,15.0,998.0,1.63,192.0,Clear,clear sky
talcher,2026-05-28 14:27:52.763242,3,246.19,0.0,3.95,91.18,2.71,47.57,66.61,6.42,31.21,35.56,61.0,1002.0,6.97,144.0,Clouds,broken clouds
talcher,2026-05-28 17:55:47.938032,4,343.78,0.0,7.03,62.45,2.15,54.19,75.17,11.72,28.59,33.06,77.0,1004.0,5.82,116.0,Clouds,few clouds
talcher,2026-05-28 20:04:10.006657,4,369.06,0.0,7.81,66.09,2.6,57.56,78.02,23.09,27.54,31.63,85.0,1004.0,5.81,116.0,Clear,clear sky
talcher,2026-05-28 22:25:53.105275,4,389.98,0.0,7.5,71.22,2.93,65.07,87.37,29.21,26.98,30.17,85.0,1004.0,5.11,124.0,Clear,clear sky
talcher,2026-05-29 00:01:31.429743,4,378.0,0.0,5.84,69.74,2.56,68.1,93.57,24.47,26.81,30.02,88.0,1005.0,4.07,119.0,Clouds,few clouds
talcher,2026-05-29 05:04:09.429635,3,247.79,0.12,1.01,106.63,2.01,49.78,66.47,5.31,39.35,42.73,32.0,1005.0,1.85,148.0,Clouds,scattered clouds
talcher,2026-05-29 09:32:21.404538,4,272.54,0.14,1.86,109.96,3.59,69.33,89.92,5.99,45.0,44.45,15.0,999.0,3.18,136.0,Clear,clear sky
talcher,2026-05-29 12:39:58.973387,5,354.73,0.0,4.72,86.15,5.14,77.86,88.72,3.44,30.78,33.92,58.0,1004.0,11.42,85.0,Rain,light rain
talcher,2026-05-29 16:34:36.116305,4,437.91,0.0,8.3,47.14,3.16,55.78,64.28,7.78,26.12,26.12,75.0,1006.0,3.9,116.0,Clouds,overcast clouds
talcher,2026-05-29 19:26:35.571416,4,458.28,0.0,8.23,40.35,2.15,57.9,66.55,7.97,27.02,29.6,78.0,1005.0,3.54,138.0,Clouds,overcast clouds
talcher,2026-05-29 21:31:20.534290,4,488.38,0.0,8.07,32.93,1.7,62.71,71.47,15.55,25.83,26.56,80.0,1005.0,2.61,119.0,Clouds,broken clouds
talcher,2026-05-29 23:02:23.603181,4,491.35,0.0,8.02,32.81,1.7,63.15,71.93,18.06,25.53,26.25,81.0,1005.0,2.17,87.0,Clouds,overcast clouds
talcher,2026-05-30 01:56:54.105676,4,462.12,0.73,5.88,40.8,1.43,57.0,65.55,10.74,28.61,31.41,67.0,1007.0,3.34,135.0,Clouds,broken clouds
talcher,2026-05-30 05:43:06.375941,4,269.5,0.07,1.07,106.81,1.36,52.38,59.87,3.57,36.94,40.31,38.0,1006.0,3.6,92.0,Clouds,scattered clouds
talcher,2026-05-30 08:14:58.070209,4,263.62,0.04,1.2,110.18,1.67,58.38,68.0,2.88,39.47,43.88,34.0,1003.0,4.89,108.0,Clouds,few clouds
talcher,2026-05-30 10:43:40.261678,4,340.19,0.12,4.42,75.51,3.07,66.82,75.02,6.99,34.38,39.24,50.0,1000.0,11.02,181.0,Clear,clear sky
talcher,2026-05-30 12:01:14.074985,4,385.33,0.11,6.76,63.47,3.21,67.74,75.87,8.52,28.72,31.79,68.0,1003.0,4.32,238.0,Clouds,scattered clouds
talcher,2026-05-30 14:23:48.461514,4,332.4,0.0,3.68,93.36,2.88,73.06,80.98,4.68,28.66,31.2,65.0,1005.0,3.73,186.0,Clouds,overcast clouds
talcher,2026-05-30 15:58:29.265575,4,305.13,0.0,3.36,87.18,2.22,58.84,67.36,3.76,27.78,30.75,74.0,1007.0,6.69,55.0,Rain,light rain
talcher,2026-05-30 16:59:58.386448,4,294.12,0.0,3.24,83.96,1.87,52.34,61.29,3.65,27.87,30.8,73.0,1007.0,3.74,108.0,Clouds,overcast clouds
talcher,2026-05-30 18:02:56.720412,3,286.17,0.0,3.14,81.62,1.58,47.73,56.85,3.73,27.97,31.01,73.0,1006.0,2.56,130.0,Clouds,overcast clouds
talcher,2026-05-30 20:02:08.107525,3,277.92,0.0,2.87,76.98,1.18,41.81,50.52,3.96,27.6,30.74,77.0,1006.0,1.31,162.0,Clouds,overcast clouds
talcher,2026-05-30 21:49:40.564738,3,276.79,0.0,2.81,72.76,0.98,38.1,47.04,4.3,26.74,29.17,80.0,1006.0,1.17,51.0,Clouds,broken clouds
talcher,2026-05-30 22:45:44.838460,3,282.03,0.0,2.94,69.7,0.94,37.6,46.16,4.67,26.78,29.42,82.0,1006.0,1.63,88.0,Clouds,broken clouds
talcher,2026-05-30 23:51:35.106707,3,290.36,0.0,3.14,67.3,0.97,37.93,46.31,5.31,26.4,26.4,83.0,1007.0,2.26,115.0,Clouds,overcast clouds
talcher,2026-05-31 02:11:45.800993,3,301.51,0.14,3.41,65.93,1.24,39.35,48.65,5.47,28.86,31.74,66.0,1007.0,2.56,120.0,Clouds,broken clouds
talcher,2026-05-31 06:46:47.950980,3,241.07,0.13,1.05,98.99,2.02,40.76,49.07,3.55,37.64,40.57,35.0,1005.0,1.77,79.0,Clouds,few clouds
talcher,2026-05-31 09:41:27.128276,3,282.95,0.08,3.42,78.45,3.05,42.66,49.99,7.7,38.38,39.43,28.0,1002.0,3.62,74.0,Clouds,few clouds
talcher,2026-05-31 11:26:18.808464,3,284.23,0.05,3.73,74.01,3.18,41.09,47.64,6.65,35.95,37.15,34.0,1002.0,1.99,134.0,Clouds,few clouds
talcher,2026-05-31 13:10:31.680489,3,402.61,0.03,9.47,102.83,4.7,44.73,54.16,25.15,30.45,33.49,59.0,1004.0,3.97,142.0,Clouds,broken clouds
talcher,2026-05-31 15:10:48.063032,3,359.72,0.0,6.22,72.03,2.51,46.69,58.23,10.89,26.83,28.8,73.0,1007.0,8.65,115.0,Clouds,overcast clouds
talcher,2026-05-31 16:55:12.448940,4,329.4,0.0,4.94,64.63,1.76,51.13,64.56,5.7,26.91,29.19,76.0,1006.0,2.55,143.0,Clouds,overcast clouds
talcher,2026-05-31 17:53:39.548622,4,348.48,0.0,5.61,57.88,1.56,53.83,68.01,6.51,27.22,29.72,75.0,1006.0,2.58,153.0,Clouds,overcast clouds
talcher,2026-05-31 19:00:47.106520,4,365.35,0.0,6.23,51.09,1.38,55.87,70.06,7.99,27.02,29.06,72.0,1006.0,2.29,137.0,Clouds,overcast clouds
talcher,2026-05-31 20:13:23.272907,4,392.35,0.0,6.84,43.37,1.26,58.16,72.22,9.09,26.99,29.26,75.0,1006.0,2.86,123.0,Clouds,overcast clouds
talcher,2026-05-31 21:47:11.340518,4,441.41,0.0,7.75,32.78,1.28,61.71,74.96,13.93,26.66,26.66,77.0,1006.0,2.1,106.0,Clouds,broken clouds
talcher,2026-05-31 22:47:13.279021,4,460.52,0.0,8.53,33.49,1.61,63.72,76.16,20.42,26.46,26.46,78.0,1006.0,1.81,100.0,Clouds,broken clouds
talcher,2026-05-31 23:55:46.578832,4,475.52,0.0,9.28,34.97,1.87,64.94,76.72,25.79,26.57,26.57,78.0,1007.0,1.64,97.0,Clouds,broken clouds
talcher,2026-06-01 02:35:29.377197,4,512.74,1.76,8.18,53.51,2.44,66.58,79.34,47.88,32.23,36.41,56.0,1008.0,2.89,131.0,Clouds,scattered clouds
talcher,2026-06-01 08:23:47.184471,5,362.49,0.41,3.23,103.72,2.56,79.48,89.75,25.99,39.98,42.66,29.0,1005.0,4.14,85.0,Clear,clear sky
talcher,2026-06-01 14:48:54.760257,4,329.87,0.0,6.09,82.69,3.36,55.82,64.58,24.96,30.81,33.75,57.0,1006.0,4.49,153.0,Rain,light rain
talcher,2026-06-01 19:51:27.840471,4,452.06,0.0,8.64,55.72,2.29,68.26,79.72,44.55,29.81,33.91,67.0,1005.0,2.36,129.0,Clouds,broken clouds
talcher,2026-06-01 22:29:12.771085,4,518.97,0.0,11.39,50.85,2.79,74.14,85.61,85.19,29.45,34.16,72.0,1005.0,2.02,118.0,Clouds,overcast clouds
talcher,2026-06-02 00:05:36.161002,5,562.44,0.0,12.55,43.98,2.87,77.7,88.69,104.83,28.56,33.36,79.0,1007.0,1.89,116.0,Clouds,broken clouds
talcher,2026-06-02 05:21:42.545766,4,319.77,0.18,1.44,117.1,2.55,66.64,74.31,16.32,37.81,42.12,38.0,1007.0,3.26,129.0,Clouds,scattered clouds
talcher,2026-06-02 10:00:55.740977,5,365.49,0.27,4.15,109.65,3.64,81.1,88.76,26.29,26.89,29.32,78.0,1003.0,8.81,166.0,Clouds,broken clouds
talcher,2026-06-02 14:41:43.038455,4,414.68,0.0,10.14,62.03,3.33,57.96,68.44,38.56,31.75,35.39,56.0,1004.0,5.68,143.0,Clouds,broken clouds
talcher,2026-06-02 18:30:26.766930,4,518.64,0.0,13.42,56.12,4.18,67.95,79.71,92.65,28.96,32.82,71.0,1004.0,2.34,114.0,Clear,clear sky
talcher,2026-06-02 21:40:37.009758,5,590.32,0.0,14.46,53.96,4.41,78.07,88.78,130.64,28.34,32.28,76.0,1003.0,1.65,96.0,Clouds,scattered clouds
talcher,2026-06-02 23:26:29.996511,5,613.46,0.0,14.74,53.34,4.53,81.59,91.89,141.71,28.32,32.4,77.0,1004.0,1.17,107.0,Clouds,broken clouds
talcher,2026-06-03 02:38:45.939344,5,658.03,2.49,10.49,54.63,3.71,87.73,97.73,89.64,34.87,39.26,47.0,1005.0,1.2,128.0,Clear,clear sky
talcher,2026-06-03 07:30:44.271592,3,208.85,0.06,0.67,118.92,3.75,39.35,43.16,8.72,41.53,42.84,23.0,1000.0,2.95,357.0,Clouds,scattered clouds
talcher,2026-06-03 12:29:38.335269,3,229.11,0.08,2.58,103.56,3.18,35.72,38.89,14.31,34.33,34.76,35.0,999.0,4.73,86.0,Clouds,scattered clouds
talcher,2026-06-03 17:55:51.867242,4,591.79,0.0,14.2,28.1,2.31,64.86,75.01,43.83,30.9,35.39,63.0,1002.0,5.14,113.0,Clouds,few clouds
talcher,2026-06-03 20:46:18.485320,4,538.5,0.0,10.99,25.62,1.22,54.59,61.12,33.02,29.2,34.85,78.0,1001.0,2.68,116.0,Clouds,overcast clouds
talcher,2026-06-03 22:57:51.623133,3,509.92,0.0,10.03,25.78,1.16,49.16,54.73,37.84,28.53,34.04,83.0,1002.0,2.05,90.0,Clouds,broken clouds
talcher,2026-06-04 00:28:18.438749,3,500.23,0.0,9.97,26.19,1.25,47.06,52.39,43.65,28.46,34.03,84.0,1002.0,1.3,82.0,Clouds,overcast clouds
talcher,2026-06-04 05:49:52.940526,3,278.0,0.17,1.29,113.14,1.47,46.81,50.31,18.48,41.65,43.49,24.0,1001.0,3.27,312.0,Clouds,overcast clouds
talcher,2026-06-04 09:41:44.044764,5,476.1,0.43,7.53,100.1,2.94,77.09,83.61,50.45,40.83,41.69,23.0,998.0,2.67,349.0,Clouds,broken clouds
talcher,2026-06-04 12:37:25.098657,5,500.12,0.02,8.91,84.96,3.2,86.54,93.47,37.73,35.99,38.13,37.0,999.0,7.59,165.0,Clouds,scattered clouds
talcher,2026-06-04 16:16:45.349246,3,495.42,0.0,13.66,34.16,2.6,33.12,41.43,51.0,32.84,34.19,43.0,1001.0,5.51,190.0,Clouds,scattered clouds
talcher,2026-06-04 19:12:46.986807,3,576.77,0.01,14.96,20.6,1.96,35.09,43.89,46.41,31.4,33.51,51.0,1001.0,1.27,38.0,Clouds,overcast clouds
talcher,2026-06-04 21:22:25.683468,3,569.79,0.01,13.63,19.33,1.54,32.94,40.53,47.91,30.92,33.09,53.0,1001.0,0.65,72.0,Clouds,overcast clouds
talcher,2026-06-04 23:00:31.228438,3,529.48,0.01,12.01,20.56,1.27,28.84,35.04,47.35,30.61,32.75,54.0,1001.0,1.45,109.0,Clouds,broken clouds
talcher,2026-06-05 00:11:07.260882,3,504.08,0.01,11.28,21.29,1.19,26.48,32.07,45.5,30.97,33.18,53.0,1002.0,0.96,283.0,Clouds,scattered clouds
talcher,2026-06-05 05:09:07.244862,2,252.1,0.25,1.61,96.83,0.85,24.68,27.26,17.03,41.07,42.92,25.0,1002.0,4.12,302.0,Clouds,scattered clouds
talcher,2026-06-05 09:27:18.216534,3,365.92,0.32,6.86,131.61,2.51,40.82,45.37,62.2,42.72,43.92,21.0,997.0,3.02,300.0,Clouds,broken clouds
talcher,2026-06-05 12:30:52.427027,3,435.46,0.03,10.97,94.4,2.63,43.34,47.87,53.03,34.92,37.07,40.0,998.0,2.61,162.0,Clouds,broken clouds
talcher,2026-06-05 15:48:03.033126,2,442.12,0.0,13.31,31.8,2.58,15.57,22.89,55.54,31.74,34.36,52.0,1001.0,3.52,124.0,Clouds,broken clouds
talcher,2026-06-05 17:46:26.766552,2,524.33,0.01,15.55,23.34,2.76,20.42,29.0,67.97,30.76,33.44,56.0,1002.0,1.86,146.0,Clouds,broken clouds
talcher,2026-06-05 19:29:45.198143,2,529.13,0.01,15.31,21.23,2.39,21.05,28.96,69.0,31.18,33.56,53.0,1001.0,1.67,131.0,Clouds,overcast clouds
talcher,2026-06-05 21:16:11.573805,2,532.14,0.01,13.71,19.08,1.6,22.0,28.62,54.37,30.24,32.49,56.0,1001.0,2.28,105.0,Clouds,overcast clouds
talcher,2026-06-05 22:56:47.206633,2,512.48,0.01,11.97,19.6,1.18,21.99,27.3,45.27,29.54,32.34,62.0,1001.0,1.98,123.0,Clouds,broken clouds
talcher,2026-06-06 00:01:00.408294,2,495.42,0.01,11.27,20.77,1.11,21.82,26.58,45.62,29.79,33.23,64.0,1002.0,1.78,133.0,Clouds,scattered clouds
talcher,2026-06-06 04:45:30.132282,3,263.27,0.21,1.56,102.06,1.32,25.87,29.75,18.57,40.83,43.83,28.0,1002.0,2.81,296.0,Clouds,few clouds
talcher,2026-06-06 07:40:10.835682,3,200.06,0.07,0.66,116.45,2.19,25.74,30.54,10.76,43.17,45.18,22.0,999.0,2.54,343.0,Clouds,few clouds
talcher,2026-06-06 09:52:30.605049,3,200.93,0.07,0.87,113.4,1.93,24.95,29.38,11.36,40.76,42.38,25.0,997.0,4.95,284.0,Clouds,scattered clouds
talcher,2026-06-06 11:15:44.314330,3,214.01,0.07,1.34,110.32,1.9,26.26,30.34,13.14,35.16,36.92,38.0,998.0,5.85,344.0,Clouds,broken clouds
talcher,2026-06-06 13:05:20.350943,3,270.16,0.01,3.8,92.33,2.22,32.81,36.53,19.89,32.75,36.65,53.0,1000.0,7.88,109.0,Clouds,overcast clouds
talcher,2026-06-06 15:05:15.557114,3,421.94,0.0,9.78,37.88,1.78,30.11,34.06,22.1,28.8,32.47,71.0,1003.0,5.65,109.0,Clouds,overcast clouds
talcher,2026-06-06 16:57:59.329201,3,456.62,0.0,10.36,28.03,1.6,28.07,32.77,27.89,28.89,33.23,74.0,1004.0,5.56,118.0,Clouds,overcast clouds
talcher,2026-06-06 18:03:14.133342,3,460.96,0.0,10.44,26.95,1.45,26.48,31.15,31.33,28.98,33.25,73.0,1003.0,5.11,127.0,Clouds,overcast clouds
talcher,2026-06-06 20:03:29.386618,2,442.22,0.0,9.69,27.82,1.08,21.81,25.62,31.77,28.77,32.76,73.0,1003.0,2.55,123.0,Clouds,overcast clouds
talcher,2026-06-06 21:55:16.070230,2,427.46,0.0,8.91,27.42,0.83,18.58,21.69,26.36,28.48,31.94,72.0,1002.0,1.74,104.0,Clouds,overcast clouds
talcher,2026-06-06 22:54:29.239164,2,419.33,0.0,8.6,27.15,0.73,17.29,20.14,25.43,28.19,31.63,74.0,1003.0,1.32,110.0,Clouds,overcast clouds
talcher,2026-06-06 23:55:46.308119,2,412.23,0.0,8.42,26.82,0.7,16.42,19.1,25.67,28.58,32.16,72.0,1003.0,1.3,86.0,Clouds,overcast clouds
talcher,2026-06-07 02:28:49.271300,2,421.03,0.86,7.84,25.4,1.0,16.5,19.94,30.56,30.67,35.13,64.0,1004.0,1.52,131.0,Clouds,overcast clouds
talcher,2026-06-07 06:57:41.884582,2,182.18,0.08,0.72,96.26,0.73,13.11,15.07,9.09,38.37,43.34,38.0,1002.0,1.93,97.0,Clouds,scattered clouds
talcher,2026-06-07 09:57:42.245734,2,203.11,0.16,2.38,83.01,0.96,10.86,12.51,17.3,36.77,41.12,41.0,999.0,7.52,191.0,Clouds,few clouds
talcher,2026-06-07 11:44:46.841301,2,302.98,0.1,7.42,54.32,1.66,14.26,16.89,31.72,32.1,35.85,55.0,1000.0,6.15,162.0,Clouds,scattered clouds
talcher,2026-06-07 13:17:42.878401,2,301.24,0.0,7.66,50.84,1.8,11.9,14.71,31.88,27.61,29.93,70.0,1003.0,4.12,190.0,Rain,moderate rain
talcher,2026-06-07 15:17:32.574070,2,419.64,0.0,11.66,32.04,2.09,18.8,24.14,45.54,27.95,30.7,71.0,1003.0,3.01,148.0,Rain,moderate rain
talcher,2026-06-07 17:03:43.887526,3,502.51,0.0,13.89,24.52,2.41,25.72,32.88,60.22,27.67,30.28,72.0,1003.0,1.96,101.0,Clouds,overcast clouds
talcher,2026-06-07 19:04:33.625908,3,554.89,0.0,16.55,22.51,2.83,29.15,36.47,95.68,29.79,33.02,63.0,1002.0,1.72,114.0,Clouds,broken clouds
talcher,2026-06-07 20:59:25.707334,3,591.19,0.0,18.01,23.95,3.11,32.8,39.89,127.61,28.98,31.8,65.0,1001.0,1.8,129.0,Clouds,overcast clouds
talcher,2026-06-07 22:03:13.398884,3,593.87,0.0,17.77,25.01,3.12,33.91,40.71,134.9,28.86,31.57,65.0,1001.0,1.55,122.0,Clouds,overcast clouds
talcher,2026-06-07 23:57:30.704005,3,555.77,0.0,14.37,25.66,2.51,33.94,39.8,108.01,28.67,31.53,67.0,1002.0,1.51,96.0,Clouds,overcast clouds
talcher,2026-06-08 02:56:16.157960,3,502.4,1.82,8.42,33.21,1.72,31.22,37.64,38.9,34.07,38.21,49.0,1003.0,0.84,149.0,Clouds,broken clouds
talcher,2026-06-08 07:23:49.553712,2,214.84,0.04,1.82,89.94,1.27,18.67,22.92,13.51,40.72,42.73,26.0,1000.0,1.7,345.0,Clouds,overcast clouds
talcher,2026-06-08 12:20:50.127865,2,298.55,0.15,5.92,63.97,2.02,17.34,20.25,25.12,36.9,39.86,37.0,998.0,7.14,174.0,Clouds,overcast clouds
talcher,2026-06-08 16:43:37.023897,3,573.49,0.0,14.41,26.78,2.79,32.95,42.53,49.28,30.13,31.93,54.0,1001.0,2.6,146.0,Clouds,overcast clouds
talcher,2026-06-08 19:13:54.324108,3,578.25,0.0,13.32,23.51,1.72,29.96,38.21,29.18,29.81,33.06,63.0,1001.0,0.42,153.0,Clouds,overcast clouds
talcher,2026-06-08 21:41:40.119798,2,527.67,0.01,10.88,22.83,1.28,23.44,29.41,40.51,29.21,32.25,65.0,1000.0,0.53,6.0,Clouds,overcast clouds
talcher,2026-06-08 23:06:57.726069,2,507.46,0.01,10.26,22.46,1.11,21.47,26.82,36.49,28.97,31.78,65.0,1000.0,0.72,22.0,Clouds,overcast clouds
talcher,2026-06-09 01:57:04.897657,2,476.36,2.38,6.86,25.47,1.2,18.25,23.46,28.57,33.6,36.91,48.0,1002.0,1.29,295.0,Clouds,overcast clouds
talcher,2026-06-09 06:03:37.857707,2,174.6,0.11,0.8,97.06,0.83,12.85,14.5,9.92,40.32,42.44,27.0,1001.0,6.44,292.0,Clouds,overcast clouds
talcher,2026-06-09 10:26:41.084469,2,194.43,0.28,2.29,93.74,1.43,17.39,22.03,20.1,36.48,38.71,36.0,998.0,7.85,1.0,Clouds,overcast clouds
talcher,2026-06-09 13:36:09.723885,3,343.16,0.0,8.89,53.91,2.23,27.45,33.39,34.67,31.44,34.03,53.0,1000.0,5.19,192.0,Clouds,overcast clouds
talcher,2026-06-09 16:25:09.727723,3,467.75,0.0,12.63,29.46,2.28,32.56,40.86,42.2,31.13,33.04,51.0,1001.0,3.03,146.0,Clouds,broken clouds
talcher,2026-06-09 19:06:26.030870,3,543.59,0.03,14.01,14.67,1.56,34.26,42.53,36.83,29.71,32.1,59.0,1001.0,2.11,94.0,Clouds,overcast clouds
talcher,2026-06-09 21:29:19.381003,3,532.19,0.05,12.56,12.28,1.19,30.72,37.53,36.97,29.03,31.24,61.0,1000.0,1.54,120.0,Clouds,scattered clouds
talcher,2026-06-09 23:09:26.179337,3,504.61,0.05,11.11,12.5,1.04,26.4,31.91,38.22,28.52,30.66,63.0,1001.0,0.83,35.0,Clouds,scattered clouds
talcher,2026-06-10 02:09:44.738936,2,480.36,2.46,7.7,18.14,1.34,21.02,26.44,36.69,33.54,36.21,46.0,1002.0,1.75,316.0,Clouds,overcast clouds
talcher,2026-06-10 06:57:41.029713,2,242.41,0.26,2.33,87.25,1.44,20.26,23.7,20.85,43.89,43.85,17.0,999.0,5.47,283.0,Clouds,few clouds
talcher,2026-06-10 10:52:39.136037,3,380.14,0.45,8.22,130.76,3.81,42.45,50.54,68.18,40.68,40.36,20.0,996.0,2.37,18.0,Clouds,scattered clouds
talcher,2026-06-10 14:16:53.734436,3,346.52,0.0,9.36,47.46,2.3,28.79,38.35,35.45,34.68,35.81,37.0,999.0,3.95,138.0,Clouds,broken clouds
talcher,2026-06-10 17:50:23.561583,3,495.1,0.0,12.32,27.34,2.04,43.17,55.02,34.41,32.87,36.9,53.0,1000.0,2.21,118.0,Clouds,few clouds
talcher,2026-06-10 20:08:49.140322,3,531.45,0.0,14.06,23.54,2.31,45.67,56.67,69.65,31.47,36.43,62.0,1000.0,2.62,101.0,Clouds,broken clouds
talcher,2026-06-10 22:46:44.197807,3,568.11,0.0,16.16,26.04,2.86,47.05,56.84,119.23,30.22,34.84,67.0,1001.0,1.83,122.0,Clouds,broken clouds
talcher,2026-06-11 00:07:44.697376,3,558.43,0.0,15.81,26.4,2.85,45.27,54.53,124.96,30.15,35.16,69.0,1002.0,1.57,115.0,Clouds,broken clouds
talcher,2026-06-11 05:20:08.722735,4,456.34,0.81,5.63,88.96,2.21,54.18,63.31,45.16,40.03,43.65,31.0,1002.0,1.29,284.0,Clouds,scattered clouds
talcher,2026-06-11 10:02:41.919269,4,321.12,0.15,2.67,120.53,2.01,63.23,71.26,28.53,40.34,40.9,23.0,998.0,9.9,3.0,Clear,clear sky
talcher,2026-06-11 14:29:09.710699,4,523.18,0.0,11.01,81.04,3.66,74.45,84.05,53.87,25.92,26.6,78.0,1003.0,8.72,145.0,Clouds,overcast clouds
talcher,2026-06-11 18:01:16.361058,5,559.22,0.0,9.96,57.5,2.23,81.4,97.79,29.31,28.91,31.5,64.0,1005.0,1.25,133.0,Clouds,overcast clouds
talcher,2026-06-11 21:11:22.284310,5,618.1,0.0,10.91,33.0,1.31,85.0,100.64,30.23,28.31,30.7,66.0,1003.0,4.54,119.0,Clouds,overcast clouds
talcher,2026-06-11 23:13:37.003342,5,664.18,0.0,12.46,27.21,1.85,89.29,103.54,65.86,27.97,30.35,68.0,1003.0,2.28,80.0,Clouds,overcast clouds
talcher,2026-06-12 02:16:13.677763,5,735.39,2.13,13.78,36.44,3.01,94.43,108.75,106.65,30.7,34.46,61.0,1005.0,2.26,112.0,Clouds,scattered clouds
talcher,2026-06-12 07:11:30.463337,5,374.31,0.23,1.89,120.75,2.3,97.85,107.15,21.84,39.28,43.03,33.0,1003.0,1.61,133.0,Clouds,scattered clouds
talcher,2026-06-12 11:33:41.176567,5,491.29,0.19,7.73,110.26,3.02,104.1,112.89,45.57,34.61,39.04,48.0,1001.0,8.04,205.0,Clouds,scattered clouds
talcher,2026-06-12 14:31:20.666548,5,466.44,0.0,7.74,75.85,3.34,79.49,86.25,24.51,25.06,25.63,77.0,1006.0,3.54,38.0,Clouds,overcast clouds
talcher,2026-06-12 17:30:36.244831,4,493.4,0.0,7.69,56.64,3.2,71.74,76.96,21.71,27.75,30.07,69.0,1006.0,2.03,207.0,Clouds,overcast clouds
talcher,2026-06-12 19:50:47.550425,5,595.21,0.0,10.27,25.19,1.55,84.72,90.5,36.55,27.84,30.24,69.0,1004.0,0.44,84.0,Clouds,overcast clouds
talcher,2026-06-12 21:23:13.143744,5,599.35,0.0,10.74,24.91,1.68,83.89,89.1,52.7,27.83,30.22,69.0,1004.0,1.4,77.0,Clouds,overcast clouds
talcher,2026-06-12 23:06:40.243453,5,606.07,0.01,11.39,23.66,1.75,82.23,86.74,71.11,27.52,29.88,71.0,1004.0,1.78,88.0,Clouds,overcast clouds
talcher,2026-06-13 02:08:45.772295,4,609.46,2.18,7.74,16.77,1.17,74.25,79.27,27.27,30.04,32.91,60.0,1006.0,0.8,163.0,Clouds,broken clouds
talcher,2026-06-13 06:45:58.759869,4,288.09,0.11,1.1,106.79,1.89,68.29,73.36,14.15,38.13,40.76,33.0,1003.0,2.67,334.0,Clouds,few clouds
talcher,2026-06-13 09:50:03.398318,4,324.03,0.08,3.3,77.13,2.29,63.11,66.21,16.58,39.79,42.3,29.0,1000.0,2.11,72.0,Clouds,few clouds
talcher,2026-06-13 11:46:09.650976,4,405.2,0.29,9.09,74.11,3.34,61.97,65.65,49.08,33.76,35.79,43.0,1001.0,3.07,53.0,Clouds,scattered clouds
talcher,2026-06-13 13:22:12.168040,4,461.64,0.06,13.51,73.7,3.95,64.74,69.26,70.38,31.85,35.07,54.0,1001.0,5.64,171.0,Clouds,overcast clouds
talcher,2026-06-13 15:24:58.645933,4,417.04,0.0,8.07,45.12,1.87,50.5,55.31,25.82,30.94,33.78,56.0,1003.0,4.28,186.0,Clouds,overcast clouds
talcher,2026-06-13 17:08:52.750829,4,495.26,0.0,10.05,28.18,1.67,53.73,60.25,24.72,30.25,33.11,59.0,1003.0,2.46,189.0,Clouds,overcast clouds
talcher,2026-06-13 19:06:14.758826,4,539.55,0.02,10.89,16.93,1.25,55.05,60.75,30.4,29.79,33.23,64.0,1003.0,1.37,153.0,Clouds,overcast clouds
talcher,2026-06-13 21:01:04.099005,4,544.15,0.03,10.71,14.08,1.19,54.02,58.32,45.83,29.27,32.19,64.0,1002.0,1.47,138.0,Clouds,broken clouds
talcher,2026-06-13 22:53:10.887633,4,529.94,0.03,10.19,15.3,1.01,50.27,54.43,43.19,28.82,31.5,65.0,1003.0,1.85,137.0,Clouds,broken clouds
talcher,2026-06-13 23:57:20.850731,3,514.54,0.03,9.71,15.86,0.84,47.61,51.62,31.54,28.83,31.68,66.0,1003.0,1.25,131.0,Clouds,broken clouds
talcher,2026-06-14 02:55:53.156379,3,457.85,2.05,5.79,31.03,1.12,38.74,42.98,27.01,34.23,37.89,47.0,1004.0,1.39,182.0,Clouds,scattered clouds
talcher,2026-06-14 07:15:18.187433,4,409.85,0.41,4.69,129.25,2.76,51.91,56.49,65.74,40.01,42.29,28.0,1001.0,2.39,11.0,Clouds,few clouds
talcher,2026-06-14 10:43:58.659720,2,225.35,0.11,1.71,81.28,0.88,21.03,22.68,12.89,33.08,35.09,45.0,999.0,7.28,327.0,Clouds,broken clouds
talcher,2026-06-14 12:56:56.486587,2,251.52,0.01,4.84,66.33,1.09,15.13,17.19,23.26,34.26,37.01,44.0,1000.0,7.16,96.0,Rain,very heavy rain
talcher,2026-06-14 15:05:34.818249,3,562.81,0.0,16.6,44.73,3.9,36.62,42.43,102.51,27.84,31.56,79.0,1004.0,7.97,124.0,Rain,moderate rain
talcher,2026-06-14 17:07:06.090988,3,562.04,0.0,13.85,25.88,2.2,31.63,37.76,47.95,27.21,29.8,76.0,1004.0,5.17,165.0,Rain,light rain
talcher,2026-06-14 19:06:42.661004,3,548.34,0.01,14.18,19.26,2.08,29.08,34.97,69.36,28.24,31.43,72.0,1003.0,2.5,119.0,Clouds,overcast clouds
talcher,2026-06-14 20:58:34.511262,3,548.85,0.01,15.62,19.05,2.46,28.38,34.09,104.52,28.29,31.39,71.0,1002.0,1.59,134.0,Clouds,overcast clouds
talcher,2026-06-14 22:06:51.535393,3,551.26,0.01,15.95,18.84,2.53,28.19,33.71,116.77,28.2,31.2,71.0,1002.0,1.39,93.0,Clouds,overcast clouds
talcher,2026-06-15 00:00:29.597479,3,539.81,0.02,16.13,18.43,2.58,26.97,32.15,132.28,28.18,31.16,71.0,1003.0,0.28,18.0,Clouds,overcast clouds
talcher,2026-06-15 04:26:25.728963,2,294.68,0.63,3.01,78.61,0.94,20.31,23.02,27.15,35.06,39.67,47.0,1004.0,1.53,286.0,Clouds,scattered clouds
talcher,2026-06-15 10:49:41.806470,3,300.2,0.09,4.99,74.54,1.81,33.72,36.37,26.55,39.88,40.88,25.0,999.0,3.32,101.0,Clouds,few clouds
talcher,2026-06-15 16:12:34.898473,3,647.58,0.0,15.78,33.92,3.73,44.62,52.98,68.9,30.24,34.18,64.0,1003.0,2.7,182.0,Clouds,broken clouds
talcher,2026-06-15 20:20:18.714511,3,670.25,0.01,16.31,17.84,2.86,48.88,57.59,89.56,29.91,34.36,68.0,1003.0,0.94,107.0,Clear,clear sky
talcher,2026-06-15 22:54:32.608112,4,673.9,0.04,15.18,13.08,2.15,52.82,60.22,83.83,29.07,33.07,71.0,1003.0,1.54,138.0,Clear,clear sky
talcher,2026-06-16 00:22:29.181400,4,664.3,0.05,14.51,11.99,1.86,50.89,57.0,74.21,29.05,33.03,71.0,1004.0,1.64,145.0,Clouds,few clouds
talcher,2026-06-16 06:22:50.435617,3,286.46,0.15,1.46,98.34,1.06,39.38,42.64,17.95,40.31,42.85,28.0,1004.0,0.83,95.0,Clouds,scattered clouds
talcher,2026-06-16 12:02:05.040870,4,538.69,0.01,13.09,69.35,4.85,72.94,76.61,48.19,37.28,38.85,32.0,1001.0,2.66,94.0,Rain,moderate rain
talcher,2026-06-16 17:53:26.064980,4,572.08,0.01,13.58,18.24,1.89,53.25,63.91,32.99,31.26,34.16,55.0,1004.0,2.56,121.0,Clouds,scattered clouds
talcher,2026-06-16 20:36:06.565654,4,556.67,0.01,13.29,22.01,1.93,51.34,60.42,68.28,29.99,33.43,63.0,1004.0,2.22,111.0,Clouds,broken clouds
talcher,2026-06-16 22:47:12.895688,3,549.58,0.0,13.58,25.2,2.14,49.12,56.85,91.85,29.24,33.26,70.0,1004.0,2.21,101.0,Clouds,scattered clouds
talcher,2026-06-17 00:08:08.100152,3,550.23,0.0,13.86,27.05,2.25,48.61,55.91,101.66,29.25,33.48,71.0,1005.0,1.19,110.0,Clouds,broken clouds
talcher,2026-06-17 05:58:49.749133,4,316.32,0.17,1.26,113.12,1.72,64.75,69.04,18.65,39.66,42.48,30.0,1004.0,1.44,307.0,Clouds,few clouds
talcher,2026-06-17 10:50:03.708623,5,472.69,0.47,6.42,107.14,2.25,86.01,91.78,49.52,40.26,41.92,26.0,1000.0,2.21,302.0,Clouds,few clouds
talcher,2026-06-17 14:23:13.976839,4,491.82,0.0,10.33,54.76,2.19,64.91,71.28,46.02,30.89,33.91,57.0,1002.0,5.04,170.0,Clouds,broken clouds
talcher,2026-06-17 17:43:58.490888,4,591.14,0.0,13.13,24.77,1.87,58.91,68.0,34.38,29.61,32.29,61.0,1005.0,2.52,178.0,Clouds,overcast clouds
talcher,2026-06-17 19:57:36.586858,3,445.04,0.0,9.94,27.06,2.09,27.67,31.48,53.73,30.16,32.73,58.0,1004.0,1.39,157.0,Clouds,overcast clouds
talcher,2026-06-17 21:55:45.501958,3,472.93,0.0,11.26,31.49,2.26,29.87,33.57,82.93,29.7,32.27,60.0,1003.0,0.72,152.0,Clouds,overcast clouds
talcher,2026-06-17 23:16:14.821219,3,479.3,0.0,11.48,33.61,2.26,30.23,33.79,92.08,29.43,31.96,61.0,1004.0,0.46,219.0,Clouds,overcast clouds
talcher,2026-06-18 02:33:45.513084,2,422.73,0.82,7.51,40.79,1.39,22.89,26.85,36.44,34.57,36.72,41.0,1006.0,2.76,299.0,Clouds,broken clouds
talcher,2026-06-18 07:25:49.195804,2,195.95,0.01,1.6,86.37,0.97,10.71,11.94,10.68,39.5,42.17,30.0,1004.0,3.93,238.0,Clouds,few clouds
talcher,2026-06-18 11:43:50.846768,2,325.69,0.3,8.93,52.45,1.72,14.69,18.26,39.92,32.89,35.79,49.0,1001.0,5.11,357.0,Clouds,broken clouds
talcher,2026-06-18 14:43:01.174224,2,506.84,0.01,13.46,21.74,2.32,24.61,31.37,51.08,29.95,32.16,57.0,1004.0,1.82,234.0,Clouds,overcast clouds
talcher,2026-06-18 17:53:57.625492,3,610.14,0.13,14.61,8.89,1.95,36.01,45.15,37.11,29.65,32.18,60.0,1004.0,0.38,75.0,Clouds,overcast clouds
talcher,2026-06-18 20:08:52.226274,3,617.83,0.14,13.35,7.72,1.4,41.96,50.08,36.57,29.21,32.07,64.0,1004.0,3.85,303.0,Clouds,overcast clouds
talcher,2026-06-18 22:50:59.058214,3,641.98,0.14,13.62,7.58,1.62,49.08,56.52,65.01,28.54,31.75,70.0,1004.0,0.94,333.0,Clouds,overcast clouds
talcher,2026-06-19 00:19:18.706272,4,652.75,0.16,14.79,7.36,1.89,50.07,57.35,83.4,28.51,31.69,70.0,1004.0,0.98,337.0,Clouds,overcast clouds
talcher,2026-06-19 06:07:00.561756,3,264.43,0.15,1.1,94.8,1.31,37.31,38.85,9.99,38.98,42.0,32.0,1004.0,0.49,263.0,Clouds,overcast clouds
talcher,2026-06-19 11:12:36.793253,3,339.68,0.41,6.57,66.29,1.41,27.22,29.8,36.06,28.9,32.16,68.0,1001.0,7.15,188.0,Rain,light rain
talcher,2026-06-19 14:39:44.172735,2,370.82,0.0,9.28,41.37,1.61,17.33,21.65,28.38,29.42,33.67,70.0,1005.0,0.95,272.0,Clouds,broken clouds
talcher,2026-06-19 17:10:49.721667,2,393.94,0.0,8.77,43.31,1.73,24.67,30.41,21.88,28.0,31.65,77.0,1005.0,1.78,73.0,Clouds,broken clouds
talcher,2026-06-19 19:23:36.852803,3,395.01,0.0,7.92,44.09,1.54,30.41,36.21,27.4,30.26,33.77,62.0,1005.0,1.43,270.0,Clouds,overcast clouds
talcher,2026-06-19 21:00:21.485181,3,431.45,0.0,9.73,41.37,1.84,34.07,39.66,62.67,29.3,32.61,66.0,1004.0,0.75,236.0,Clouds,overcast clouds
talcher,2026-06-19 22:05:02.871193,3,454.33,0.0,10.79,40.18,2.01,34.87,40.11,80.69,29.26,32.72,67.0,1004.0,0.71,218.0,Clouds,overcast clouds
talcher,2026-06-19 23:58:42.600769,3,478.52,0.0,11.38,31.93,2.04,35.12,38.97,92.67,29.33,32.87,67.0,1004.0,0.67,127.0,Clouds,overcast clouds
talcher,2026-06-20 03:24:25.998068,3,493.43,2.35,6.15,31.09,1.75,35.57,40.58,31.63,34.43,38.31,47.0,1005.0,1.71,203.0,Clouds,broken clouds
talcher,2026-06-20 07:41:23.788845,3,420.9,0.09,9.25,90.19,4.1,41.55,45.25,65.27,41.05,43.32,26.0,1002.0,2.99,312.0,Clouds,broken clouds
talcher,2026-06-20 10:25:18.622586,2,238.26,0.02,2.64,82.43,1.78,21.93,23.08,17.12,39.0,41.24,30.0,1000.0,1.11,272.0,Clouds,broken clouds
talcher,2026-06-20 12:22:56.070367,2,247.81,0.0,4.01,71.31,1.73,21.72,23.18,20.5,38.63,40.94,31.0,1000.0,5.54,106.0,Clouds,broken clouds
talcher,2026-06-20 14:58:50.054887,4,501.86,0.0,8.74,37.13,2.04,60.09,64.83,23.26,30.51,35.52,67.0,1004.0,6.9,159.0,Rain,light rain
talcher,2026-06-20 16:15:48.046955,4,517.95,0.0,8.86,31.0,1.77,60.94,66.19,20.32,29.78,33.84,67.0,1006.0,2.66,132.0,Clouds,overcast clouds
talcher,2026-06-20 18:04:11.171104,4,546.54,0.01,9.16,22.21,1.32,63.69,69.41,20.27,29.39,33.19,68.0,1004.0,2.08,141.0,Clouds,overcast clouds
talcher,2026-06-20 20:10:10.517092,4,529.75,0.02,8.44,17.89,0.82,60.75,65.47,21.04,30.91,33.72,56.0,1004.0,1.56,147.0,Clouds,overcast clouds
talcher,2026-06-20 21:58:48.262194,4,516.98,0.03,8.12,15.56,0.65,55.91,59.83,22.12,30.81,33.75,57.0,1003.0,1.69,145.0,Clouds,overcast clouds
talcher,2026-06-20 23:05:37.719924,4,504.76,0.03,7.91,15.34,0.61,52.72,56.25,21.81,30.55,33.47,58.0,1003.0,1.84,154.0,Clouds,overcast clouds
talcher,2026-06-21 02:33:34.113088,3,475.76,0.52,7.64,17.54,1.02,42.22,46.21,25.47,31.15,34.91,59.0,1006.0,0.43,130.0,Clouds,overcast clouds
talcher,2026-06-21 07:23:45.945354,2,213.79,0.06,1.8,78.91,0.97,21.62,23.24,14.62,33.05,36.1,49.0,1004.0,2.16,125.0,Clouds,overcast clouds
talcher,2026-06-21 10:58:44.723646,2,249.52,0.05,5.03,54.22,1.36,16.69,18.99,25.61,35.72,38.26,39.0,1000.0,3.9,163.0,Clouds,overcast clouds
talcher,2026-06-21 13:04:11.212363,2,229.44,0.0,4.66,58.27,1.37,13.07,14.98,21.25,32.9,36.09,50.0,1003.0,2.1,100.0,Clouds,overcast clouds
talcher,2026-06-21 15:45:17.820598,3,487.23,0.02,12.27,16.94,2.01,30.09,34.78,43.78,29.17,32.72,68.0,1005.0,2.27,205.0,Clouds,overcast clouds
talcher,2026-06-21 17:17:16.984047,3,520.66,0.03,14.29,16.3,2.56,31.31,35.82,66.98,28.82,32.7,72.0,1005.0,3.33,167.0,Clouds,overcast clouds
talcher,2026-06-21 19:12:31.127737,3,547.19,0.02,16.7,17.59,2.86,30.77,34.33,99.04,28.96,32.82,71.0,1004.0,0.62,172.0,Clouds,broken clouds
talcher,2026-06-21 21:03:36.369673,3,547.24,0.02,16.11,17.54,2.78,29.53,32.76,101.56,28.54,32.07,72.0,1003.0,1.17,231.0,Clouds,overcast clouds
talcher,2026-06-21 22:59:00.838136,3,528.59,0.04,12.06,12.64,1.62,28.19,30.63,39.72,28.62,31.91,70.0,1004.0,2.21,310.0,Clouds,overcast clouds
talcher,2026-06-22 00:10:33.846319,3,517.18,0.05,10.86,11.73,1.38,28.52,30.91,28.44,28.62,31.75,69.0,1004.0,1.24,295.0,Clouds,overcast clouds
talcher,2026-06-22 06:19:24.574984,3,331.42,0.15,3.92,41.91,1.14,25.83,27.52,10.04,37.85,40.99,35.0,1004.0,3.52,251.0,Clouds,broken clouds
talcher,2026-06-22 12:42:17.353570,1,198.1,0.01,3.63,55.33,0.63,3.73,4.76,13.02,29.73,33.73,67.0,1002.0,4.97,147.0,Clouds,overcast clouds
talcher,2026-06-22 17:24:43.956911,3,534.64,0.04,11.21,14.49,1.93,28.13,34.73,27.73,26.74,29.33,82.0,1006.0,2.89,50.0,Clouds,overcast clouds
talcher,2026-06-22 20:32:09.551744,2,472.29,0.02,8.39,16.96,1.02,22.87,26.78,28.88,28.89,31.8,66.0,1002.0,0.96,340.0,Clouds,overcast clouds
talcher,2026-06-22 22:30:23.122646,2,455.14,0.03,8.13,15.98,0.97,19.42,22.76,38.22,28.94,31.89,66.0,1002.0,1.2,322.0,Clouds,overcast clouds
talcher,2026-06-22 23:59:13.729707,2,453.39,0.04,8.24,14.88,0.97,18.29,21.57,40.76,28.82,31.82,67.0,1003.0,1.97,309.0,Clouds,overcast clouds
talcher,2026-06-23 03:27:23.153199,2,442.34,1.06,7.47,15.87,1.16,14.71,18.76,21.16,32.73,36.03,51.0,1004.0,5.77,293.0,Clouds,overcast clouds
talcher,2026-06-23 07:37:50.761816,1,204.58,0.1,1.99,58.89,0.66,4.01,4.86,8.92,39.25,42.53,32.0,1000.0,4.12,284.0,Clouds,scattered clouds
talcher,2026-06-23 10:52:54.985432,1,221.65,0.22,2.59,57.91,0.91,6.22,7.46,12.37,39.63,41.6,28.0,998.0,4.19,284.0,Clouds,broken clouds
talcher,2026-06-23 13:35:23.077430,2,355.46,0.0,8.23,31.41,1.36,17.09,21.07,23.95,29.58,33.2,66.0,1002.0,7.46,138.0,Clouds,overcast clouds
talcher,2026-06-23 16:19:45.806178,2,424.64,0.01,9.53,19.73,1.47,20.32,26.17,22.03,28.45,32.21,74.0,1003.0,4.5,130.0,Clouds,overcast clouds
talcher,2026-06-23 19:01:17.082970,2,488.28,0.09,10.53,10.19,1.16,23.09,29.4,30.19,29.12,32.25,66.0,1003.0,1.68,83.0,Clouds,overcast clouds
talcher,2026-06-23 21:22:34.307580,2,488.84,0.12,9.91,8.19,0.98,22.72,28.13,35.07,28.39,31.29,69.0,1002.0,0.77,70.0,Clouds,overcast clouds
talcher,2026-06-23 22:58:24.488598,2,479.13,0.17,9.63,7.04,0.98,22.2,26.91,41.29,28.29,31.09,69.0,1002.0,0.77,311.0,Clouds,overcast clouds
talcher,2026-06-23 23:53:53.320131,2,469.12,0.19,9.5,6.8,1.03,21.68,26.06,44.76,28.61,31.41,67.0,1002.0,0.26,97.0,Clouds,overcast clouds
talcher,2026-06-24 02:05:56.375675,2,488.73,3.54,6.06,9.71,1.29,22.18,27.44,34.83,31.04,33.74,55.0,1004.0,2.8,261.0,Clouds,broken clouds
talcher,2026-06-24 06:35:18.914663,2,144.51,0.1,0.95,63.89,0.36,7.8,8.37,6.43,38.38,41.24,33.0,1001.0,5.05,280.0,Clouds,few clouds
talcher,2026-06-24 10:12:41.163047,2,210.37,0.12,3.47,54.51,1.17,16.33,17.77,14.7,39.57,41.49,28.0,998.0,2.94,253.0,Clouds,scattered clouds
talcher,2026-06-24 13:10:44.386541,2,312.7,0.03,7.87,39.4,1.95,21.69,24.73,20.49,35.79,38.07,38.0,999.0,4.19,155.0,Clouds,overcast clouds
talcher,2026-06-24 16:07:23.933749,3,522.0,0.05,13.85,14.18,2.3,34.3,42.25,33.62,28.66,31.83,69.0,1004.0,2.75,200.0,Clouds,overcast clouds
talcher,2026-06-24 18:27:00.141899,3,582.01,0.14,15.2,8.65,2.4,37.22,46.2,49.17,29.47,32.97,66.0,1003.0,4.44,224.0,Clouds,overcast clouds
talcher,2026-06-24 20:26:48.866744,3,572.66,0.17,14.07,6.82,1.86,34.89,42.54,56.59,28.59,32.02,71.0,1002.0,1.36,119.0,Clouds,overcast clouds
talcher,2026-06-24 22:06:34.609750,3,577.57,0.29,13.11,4.78,1.51,34.44,41.23,56.2,28.3,31.56,72.0,1002.0,0.14,78.0,Clouds,overcast clouds
talcher,2026-06-24 23:57:23.344901,3,574.4,0.33,14.64,4.73,1.88,32.52,37.96,87.81,27.28,30.15,78.0,1003.0,1.53,285.0,Clouds,overcast clouds
talcher,2026-06-25 02:39:08.564885,3,592.21,5.68,9.91,18.17,2.55,30.32,36.28,88.64,32.57,36.56,54.0,1004.0,2.21,321.0,Clouds,overcast clouds
talcher,2026-06-25 06:39:24.568934,3,285.37,0.33,2.21,83.49,0.95,42.19,44.52,23.12,39.23,42.5,32.0,1002.0,1.29,358.0,Clouds,broken clouds
talcher,2026-06-25 10:10:25.830121,4,404.78,0.43,7.63,72.61,1.9,52.89,56.96,44.5,38.75,41.16,31.0,999.0,2.66,171.0,Clouds,overcast clouds
talcher,2026-06-25 13:09:35.416963,3,341.9,0.07,6.16,66.29,1.75,47.12,50.46,21.93,34.38,38.21,47.0,1001.0,4.72,141.0,Clouds,broken clouds
talcher,2026-06-25 16:14:40.323300,4,634.26,0.0,18.34,43.55,4.24,61.95,71.19,87.24,29.28,32.95,68.0,1004.0,5.43,102.0,Clouds,overcast clouds
talcher,2026-06-25 19:00:38.525436,4,709.12,0.01,17.09,21.92,3.2,70.46,80.37,79.16,29.44,33.92,71.0,1003.0,2.81,127.0,Clouds,overcast clouds
talcher,2026-06-25 20:59:19.821885,4,734.55,0.01,19.23,17.8,3.57,69.45,76.76,119.95,28.63,32.62,74.0,1003.0,2.19,103.0,Clouds,broken clouds
talcher,2026-06-25 22:20:38.413871,4,743.2,0.02,19.98,15.32,3.55,67.63,73.59,133.8,28.57,32.48,74.0,1003.0,1.99,103.0,Clouds,broken clouds
talcher,2026-06-26 00:03:37.307485,4,719.28,0.06,19.21,11.13,3.06,60.79,64.89,137.41,28.43,32.5,76.0,1004.0,1.72,116.0,Clouds,broken clouds
talcher,2026-06-26 05:02:25.186592,2,190.55,0.14,1.14,64.63,0.45,10.64,11.3,7.48,37.07,42.2,42.0,1004.0,0.87,112.0,Clouds,scattered clouds
talcher,2026-06-26 08:47:57.921841,2,244.16,0.15,2.7,64.91,0.92,24.0,25.36,14.65,40.12,43.83,31.0,1000.0,3.77,103.0,Clouds,scattered clouds
talcher,2026-06-26 11:37:56.154954,3,282.72,0.25,3.85,70.39,1.32,31.53,33.21,14.9,37.62,41.31,37.0,1000.0,6.4,131.0,Clouds,broken clouds
talcher,2026-06-26 13:59:14.382125,5,505.24,0.0,9.26,64.83,2.52,83.33,89.34,33.32,30.67,35.13,64.0,1003.0,6.17,103.0,Clouds,overcast clouds
talcher,2026-06-26 16:15:44.928992,5,569.65,0.0,11.18,41.17,2.16,81.77,89.88,24.8,30.48,35.71,68.0,1005.0,1.42,200.0,Clouds,overcast clouds
talcher,2026-06-26 18:21:39.108893,5,604.67,0.0,12.06,27.05,1.75,78.15,87.53,25.99,28.38,33.25,81.0,1004.0,1.67,46.0,Clouds,overcast clouds
talcher,2026-06-26 20:26:01.828093,4,589.27,0.01,11.13,20.2,1.24,71.82,80.22,31.66,29.16,34.09,75.0,1003.0,0.54,233.0,Clouds,broken clouds
talcher,2026-06-26 22:01:08.459037,4,567.2,0.01,10.22,20.11,1.17,68.28,75.74,39.06,28.37,32.69,78.0,1003.0,0.86,357.0,Clouds,scattered clouds
talcher,2026-06-26 23:53:27.313938,4,563.51,0.01,10.52,19.41,1.34,66.69,73.81,54.98,27.22,30.02,78.0,1004.0,0.11,165.0,Clouds,overcast clouds
talcher,2026-06-27 02:02:46.528651,4,580.18,1.07,9.16,19.07,1.45,65.26,73.34,42.0,29.42,32.86,66.0,1005.0,0.76,265.0,Clouds,overcast clouds
talcher,2026-06-27 06:19:59.552411,4,332.34,0.12,1.45,92.56,1.48,56.76,59.93,12.19,36.99,42.02,42.0,1003.0,0.68,153.0,Clouds,broken clouds
talcher,2026-06-27 09:21:40.227640,4,324.96,0.24,2.09,84.99,1.43,57.55,60.18,15.89,38.97,42.84,34.0,1000.0,2.2,222.0,Clouds,few clouds
talcher,2026-06-27 11:18:48.104670,4,318.51,0.25,2.46,89.05,1.44,56.49,58.69,15.42,33.05,36.98,52.0,1000.0,4.93,59.0,Rain,heavy intensity rain
talcher,2026-06-27 13:05:27.968875,3,283.49,0.02,2.86,95.15,1.42,46.03,47.72,10.68,28.19,32.09,77.0,1002.0,0.57,17.0,Rain,heavy intensity rain
talcher,2026-06-27 15:07:26.543066,5,671.75,0.0,17.61,70.65,4.54,83.6,90.24,117.86,28.15,32.64,81.0,1003.0,3.69,151.0,Clouds,overcast clouds
talcher,2026-06-27 16:54:34.656560,5,726.87,0.0,18.29,60.67,5.06,86.35,93.83,145.33,28.41,32.97,79.0,1003.0,2.55,145.0,Clouds,overcast clouds
talcher,2026-06-27 17:54:28.577294,5,748.1,0.0,18.83,56.75,5.06,87.44,94.88,158.28,28.6,33.27,78.0,1003.0,1.94,134.0,Clouds,overcast clouds
talcher,2026-06-27 19:02:05.655120,5,750.53,0.0,18.58,52.8,4.79,86.94,93.81,167.12,28.85,33.72,77.0,1002.0,0.91,108.0,Clouds,overcast clouds
talcher,2026-06-27 20:48:07.679729,5,732.19,0.0,16.41,40.99,3.87,85.9,92.06,156.21,27.41,30.91,82.0,1002.0,1.63,217.0,Clouds,overcast clouds
talcher,2026-06-27 21:52:44.917635,5,715.92,0.0,13.82,29.95,2.51,84.3,89.51,88.31,26.96,29.93,83.0,1003.0,1.15,194.0,Clouds,overcast clouds
talcher,2026-06-27 22:53:00.875451,5,703.91,0.01,12.61,23.17,2.02,82.91,87.56,72.38,26.91,29.72,82.0,1002.0,0.89,186.0,Clouds,broken clouds
talcher,2026-06-27 23:52:35.965541,5,696.02,0.01,12.64,19.59,2.03,81.96,86.24,78.84,27.13,30.03,80.0,1003.0,0.55,33.0,Clouds,broken clouds
talcher,2026-06-28 02:13:35.503412,5,698.84,1.36,10.9,15.42,1.98,76.92,81.93,63.49,31.04,37.11,68.0,1003.0,0.2,160.0,Clouds,scattered clouds
talcher,2026-06-28 06:53:09.766380,3,347.22,0.1,2.63,71.81,1.43,34.63,36.01,12.91,39.05,43.91,36.0,1001.0,1.83,265.0,Clouds,scattered clouds
talcher,2026-06-28 09:51:50.479049,3,407.12,0.4,5.69,57.23,1.54,34.27,36.45,29.98,36.87,40.94,40.0,999.0,2.64,252.0,Clouds,broken clouds
talcher,2026-06-28 11:40:22.099966,3,385.12,0.37,5.27,66.93,1.49,32.56,34.45,24.47,35.7,40.73,46.0,998.0,4.88,179.0,Clouds,overcast clouds
talcher,2026-06-28 13:11:38.116526,3,548.96,0.05,12.07,45.98,2.1,49.71,53.1,57.21,34.22,39.96,53.0,1000.0,6.08,186.0,Clouds,overcast clouds
talcher,2026-06-28 15:10:27.023536,3,538.36,0.0,9.55,32.8,1.67,42.47,46.59,31.66,32.96,38.72,58.0,1001.0,3.47,157.0,Rain,very heavy rain
talcher,2026-06-28 16:57:02.519339,3,532.88,0.01,8.93,23.92,1.33,35.92,40.58,22.64,31.0,37.01,68.0,1002.0,2.15,115.0,Clouds,overcast clouds
talcher,2026-06-28 18:00:25.054180,3,543.35,0.01,9.19,20.07,1.16,34.47,39.21,23.98,30.75,36.94,70.0,1002.0,0.86,159.0,Clouds,overcast clouds
talcher,2026-06-28 19:23:06.475840,3,541.34,0.02,9.06,17.92,0.97,32.56,36.85,25.46,31.16,36.83,66.0,1001.0,0.86,142.0,Clouds,overcast clouds
talcher,2026-06-28 20:50:59.944722,3,535.0,0.02,8.64,15.82,0.88,29.82,33.6,27.09,30.63,35.81,67.0,1001.0,1.28,205.0,Clouds,overcast clouds
talcher,2026-06-28 21:52:55.950981,3,531.03,0.03,8.4,15.44,0.86,28.76,32.29,26.4,29.92,34.84,70.0,1001.0,1.02,222.0,Clouds,overcast clouds
talcher,2026-06-28 22:53:07.923343,3,519.04,0.02,7.98,15.67,0.82,27.86,31.11,22.82,29.71,34.57,71.0,1001.0,1.59,261.0,Clouds,overcast clouds
talcher,2026-06-28 23:59:01.675572,3,504.98,0.02,7.59,16.18,0.82,27.71,30.75,19.32,29.43,34.33,73.0,1002.0,2.13,313.0,Clouds,overcast clouds
talcher,2026-06-29 03:40:21.516447,2,403.14,0.61,3.85,37.13,1.06,22.42,24.51,10.46,34.96,39.82,48.0,1002.0,3.74,291.0,Clouds,overcast clouds
talcher,2026-06-29 08:48:39.043979,2,240.2,0.1,1.56,65.53,0.53,10.88,11.42,5.46,36.41,41.13,43.0,1000.0,3.37,295.0,Clouds,overcast clouds
talcher,2026-06-29 12:55:58.155185,3,431.84,0.08,12.32,40.03,2.47,27.52,31.31,42.77,32.54,37.72,58.0,1000.0,3.08,181.0,Rain,light rain
talcher,2026-06-29 16:33:21.229029,3,593.77,0.0,17.3,29.94,3.73,25.62,30.73,95.43,31.08,36.35,65.0,1001.0,1.9,139.0,Clouds,overcast clouds
talcher,2026-06-29 18:57:48.385834,3,583.79,0.01,14.93,22.14,2.71,25.65,29.42,84.55,30.28,35.47,69.0,1001.0,1.65,85.0,Rain,very heavy rain
talcher,2026-06-29 20:47:49.648451,2,534.01,0.01,10.25,17.28,1.3,22.37,25.49,34.84,29.88,34.98,71.0,1000.0,0.71,114.0,Rain,very heavy rain
talcher,2026-06-29 22:03:24.402076,2,506.36,0.01,8.75,17.44,1.03,22.2,24.91,24.01,28.76,33.3,76.0,1001.0,1.25,30.0,Rain,heavy intensity rain
talcher,2026-06-29 23:52:35.325474,2,479.31,0.02,7.63,16.09,0.88,24.89,27.34,17.84,27.8,31.6,80.0,1001.0,1.76,357.0,Rain,heavy intensity rain
talcher,2026-06-30 02:08:05.916716,3,498.45,0.65,7.64,13.71,1.29,26.52,29.54,18.56,28.74,33.44,77.0,1003.0,4.98,317.0,Clouds,overcast clouds
talcher,2026-06-30 06:44:34.889207,2,324.13,0.19,2.28,61.18,0.57,17.98,19.07,9.99,27.89,31.39,77.0,1003.0,2.87,308.0,Clouds,overcast clouds
talcher,2026-06-30 10:23:46.758079,2,351.8,0.18,4.83,53.07,0.84,19.3,20.92,20.18,28.46,32.4,75.0,1001.0,3.02,290.0,Clouds,overcast clouds
talcher,2026-06-30 13:03:04.810961,2,364.53,0.01,6.74,46.48,1.23,19.6,21.37,14.53,27.99,31.92,79.0,1001.0,1.68,279.0,Clouds,overcast clouds
talcher,2026-06-30 16:15:03.479382,2,434.06,0.0,9.29,29.27,1.93,24.26,28.36,32.78,27.48,31.09,82.0,1003.0,1.16,266.0,Clouds,overcast clouds
talcher,2026-06-30 18:27:30.627737,3,471.06,0.01,9.29,23.47,1.72,29.23,33.2,33.25,27.64,31.48,82.0,1002.0,0.66,308.0,Clouds,overcast clouds
talcher,2026-06-30 20:50:11.291482,3,486.95,0.02,9.67,17.37,1.6,30.79,33.66,54.85,27.52,31.06,81.0,1001.0,0.4,236.0,Clouds,overcast clouds
talcher,2026-06-30 22:07:51.887203,3,491.2,0.02,10.36,17.16,1.68,29.97,32.44,65.96,27.4,30.89,82.0,1001.0,0.45,257.0,Rain,moderate rain
talcher,2026-06-30 23:57:14.439265,3,480.82,0.03,10.36,15.42,1.47,26.02,27.85,66.87,27.42,30.82,81.0,1001.0,0.7,327.0,Rain,moderate rain
talcher,2026-07-01 02:49:11.327347,2,448.95,0.88,7.52,12.19,0.97,17.97,20.57,10.46,29.77,34.26,69.0,1003.0,0.85,252.0,Clouds,overcast clouds
talcher,2026-07-01 07:02:46.934883,2,269.17,0.19,1.6,57.9,0.46,17.88,18.91,2.78,32.4,38.03,60.0,1001.0,3.36,299.0,Clouds,overcast clouds
talcher,2026-07-01 11:15:49.542414,2,246.42,0.15,3.27,45.62,0.61,15.7,16.99,3.47,32.78,38.28,58.0,998.0,4.0,296.0,Clouds,overcast clouds
talcher,2026-07-01 14:04:13.087370,2,434.17,0.01,9.15,20.85,1.45,24.14,28.47,6.68,28.92,33.9,77.0,1000.0,1.53,283.0,Rain,light rain
talcher,2026-07-01 17:04:57.572162,3,466.46,0.02,7.99,15.58,1.26,26.33,31.02,5.03,28.62,33.51,79.0,1001.0,1.89,277.0,Clouds,broken clouds
talcher,2026-07-01 19:28:20.569072,2,451.38,0.03,7.21,12.17,0.84,24.08,27.89,5.05,28.43,32.84,78.0,1000.0,0.99,270.0,Clouds,overcast clouds
talcher,2026-07-01 21:15:42.789478,2,432.77,0.05,6.6,9.12,0.75,20.72,23.94,7.63,28.01,32.12,80.0,999.0,1.29,302.0,Clouds,overcast clouds
talcher,2026-07-01 23:01:06.903175,2,413.52,0.04,7.58,10.55,1.16,17.17,20.21,16.24,27.64,31.35,81.0,999.0,1.16,297.0,Clouds,overcast clouds
talcher,2026-07-02 02:05:20.021586,2,456.91,0.8,10.91,10.92,2.32,16.66,21.35,27.35,29.16,33.68,73.0,1000.0,3.6,290.0,Clouds,overcast clouds
talcher,2026-07-02 06:29:01.074509,1,184.43,0.17,1.89,42.46,0.39,5.88,6.54,2.36,33.29,39.17,57.0,1000.0,3.86,298.0,Clouds,overcast clouds
talcher,2026-07-02 09:51:06.101012,2,278.5,0.28,5.2,35.22,0.99,16.84,19.13,5.83,32.49,38.24,60.0,997.0,3.69,259.0,Clouds,overcast clouds
talcher,2026-07-02 12:01:05.950622,2,319.71,0.15,8.23,31.08,1.26,18.35,21.0,7.62,30.35,36.17,71.0,998.0,2.85,275.0,Rain,light rain
talcher,2026-07-02 15:04:06.731881,2,364.77,0.05,8.97,12.57,1.42,15.34,19.91,6.55,29.11,34.39,77.0,999.0,1.33,257.0,Clouds,overcast clouds
talcher,2026-07-02 17:25:07.743299,2,418.81,0.06,11.28,10.81,2.37,17.07,23.14,14.8,28.54,33.3,79.0,1000.0,2.12,276.0,Clouds,overcast clouds
talcher,2026-07-02 19:06:58.625243,2,430.71,0.06,12.8,10.02,2.29,16.02,19.52,19.78,27.44,31.36,85.0,1000.0,2.09,275.0,Clouds,overcast clouds
talcher,2026-07-02 20:52:06.660001,2,412.63,0.06,10.86,8.13,1.49,14.66,16.77,15.46,26.72,29.86,89.0,999.0,3.23,268.0,Clouds,overcast clouds
talcher,2026-07-02 21:57:42.569310,2,398.45,0.08,8.93,6.87,0.95,13.82,15.5,8.38,26.39,26.39,90.0,999.0,3.08,268.0,Rain,light rain
talcher,2026-07-02 22:59:50.171374,2,388.38,0.12,7.93,6.11,0.82,12.91,14.43,7.78,26.36,26.36,90.0,999.0,3.25,267.0,Clouds,overcast clouds
talcher,2026-07-03 00:05:37.111177,2,381.4,0.15,7.86,5.92,0.92,12.24,13.72,9.88,26.26,26.26,90.0,999.0,2.49,276.0,Clouds,overcast clouds
talcher,2026-07-03 04:35:02.889359,2,425.94,1.16,10.78,4.58,1.91,12.7,16.79,11.49,29.95,35.91,74.0,1000.0,4.61,278.0,Clouds,overcast clouds
talcher,2026-07-03 07:54:32.921199,1,246.73,0.28,4.3,17.57,0.6,7.23,8.43,2.73,29.48,34.91,75.0,998.0,4.36,281.0,Clouds,overcast clouds
talcher,2026-07-03 10:25:18.041627,1,191.92,0.21,3.61,25.85,0.39,6.78,7.36,1.62,27.85,32.32,84.0,997.0,3.25,289.0,Rain,moderate rain
talcher,2026-07-03 12:51:46.702756,1,240.4,0.07,7.37,15.06,0.79,9.02,10.84,4.28,27.48,31.6,86.0,998.0,2.25,278.0,Clouds,overcast clouds
talcher,2026-07-03 15:00:53.779891,2,418.85,0.18,14.65,7.23,2.19,12.61,16.3,13.75,26.86,30.24,89.0,999.0,2.31,292.0,Clouds,broken clouds
talcher,2026-07-03 17:11:03.288737,2,398.95,0.17,10.8,6.86,1.79,12.77,16.23,10.85,26.62,26.62,90.0,999.0,2.89,286.0,Clouds,broken clouds
talcher,2026-07-03 18:59:27.146775,2,355.22,0.1,9.2,7.64,1.36,11.45,13.75,11.84,26.23,26.23,90.0,998.0,3.22,296.0,Clouds,overcast clouds
talcher,2026-07-03 20:13:47.840674,2,332.61,0.08,7.88,7.86,1.04,10.61,12.25,10.39,26.1,26.1,90.0,998.0,3.68,288.0,Clouds,overcast clouds
talcher,2026-07-03 21:55:31.944817,1,314.12,0.08,6.77,7.56,0.8,9.83,10.9,8.64,25.87,26.86,90.0,997.0,3.66,285.0,Clouds,overcast clouds
talcher,2026-07-03 22:53:31.307755,1,316.16,0.09,7.35,7.81,0.96,9.82,10.86,11.45,25.85,26.84,90.0,997.0,3.28,287.0,Clouds,overcast clouds
talcher,2026-07-03 23:55:28.814055,1,324.38,0.1,8.25,7.89,1.15,9.95,11.05,14.26,25.87,26.86,90.0,997.0,2.87,292.0,Clouds,overcast clouds
talcher,2026-07-04 01:48:45.818721,2,367.38,0.42,11.15,6.01,2.04,11.08,13.37,18.59,27.13,30.45,84.0,998.0,3.71,298.0,Clouds,overcast clouds
talcher,2026-07-04 05:35:57.911845,2,357.72,1.35,6.52,22.01,1.3,12.91,15.04,6.28,30.76,36.96,70.0,997.0,2.81,294.0,Rain,light rain
talcher,2026-07-04 08:20:55.691599,2,344.46,0.85,7.69,36.58,0.71,15.26,15.77,1.49,28.32,32.24,76.0,994.0,4.23,304.0,Rain,heavy intensity rain
talcher,2026-07-04 10:48:06.824609,2,374.16,0.4,7.57,32.38,0.63,16.5,17.46,3.41,27.94,32.57,84.0,993.0,3.66,295.0,Clouds,overcast clouds
talcher,2026-07-04 12:00:55.079668,2,392.05,0.3,8.6,25.9,0.72,16.25,17.59,4.53,27.17,30.88,87.0,993.0,2.64,298.0,Rain,light rain
talcher,2026-07-04 14:22:47.385030,2,388.33,0.06,8.55,11.03,1.03,15.6,18.19,5.66,26.92,30.41,89.0,995.0,2.47,278.0,Rain,light rain
talcher,2026-07-04 15:53:22.122413,2,408.77,0.14,8.68,6.74,1.18,14.63,17.58,6.1,26.86,30.15,88.0,995.0,3.67,283.0,Clouds,overcast clouds
talcher,2026-07-04 16:51:17.818951,2,417.38,0.2,8.92,5.49,1.22,14.25,16.97,7.22,26.67,29.73,89.0,995.0,4.33,293.0,Rain,heavy intensity rain
talcher,2026-07-04 17:55:00.165723,2,416.78,0.24,9.28,4.87,1.21,13.58,15.93,8.84,26.26,26.26,91.0,995.0,2.47,299.0,Rain,heavy intensity rain
talcher,2026-07-04 18:53:58.080678,2,398.47,0.2,8.99,4.94,1.02,12.27,13.94,9.16,26.63,26.63,89.0,994.0,3.57,299.0,Rain,heavy intensity rain
talcher,2026-07-04 20:04:06.922389,2,368.63,0.14,7.67,5.45,0.74,10.61,11.81,6.45,26.67,29.65,88.0,993.0,4.8,308.0,Rain,heavy intensity rain
talcher,2026-07-04 21:46:08.485014,1,305.93,0.06,5.55,7.03,0.47,7.38,8.02,3.06,25.69,26.8,95.0,992.0,2.23,35.0,Clouds,overcast clouds
talcher,2026-07-04 22:45:30.751890,1,282.33,0.05,4.89,7.43,0.44,6.36,6.9,2.51,25.19,26.27,96.0,993.0,2.63,104.0,Rain,light rain
talcher,2026-07-04 23:52:14.508657,1,262.32,0.04,4.44,8.09,0.44,5.63,6.15,2.17,24.93,25.96,95.0,993.0,1.56,78.0,Rain,light rain
talcher,2026-07-05 01:54:16.984500,1,240.25,0.12,4.32,9.1,0.61,5.08,6.19,2.35,25.66,26.79,96.0,993.0,1.15,150.0,Rain,heavy intensity rain
talcher,2026-07-05 05:54:05.180251,1,211.01,0.32,3.79,14.27,0.6,4.8,6.18,2.67,26.89,30.42,90.0,993.0,1.65,275.0,Rain,heavy intensity rain
talcher,2026-07-05 08:38:37.236772,1,172.69,0.28,2.42,29.82,0.42,7.03,7.64,1.88,25.02,26.08,96.0,992.0,5.3,227.0,Rain,heavy intensity rain
talcher,2026-07-05 10:57:25.969561,1,144.48,0.07,2.56,29.22,0.27,4.35,4.72,1.54,25.52,26.61,95.0,992.0,5.97,266.0,Rain,heavy intensity rain
talcher,2026-07-05 12:11:15.478753,1,137.35,0.02,2.56,30.19,0.24,3.02,3.35,1.51,25.46,26.54,95.0,993.0,7.26,242.0,Rain,moderate rain
talcher,2026-07-05 14:24:43.713682,1,166.44,0.0,3.54,27.0,0.41,3.54,4.18,1.41,24.65,25.65,95.0,994.0,7.67,243.0,Rain,heavy intensity rain
talcher,2026-07-05 15:59:56.928521,1,160.6,0.0,2.97,29.14,0.39,4.09,4.86,1.48,24.55,25.52,94.0,996.0,6.59,235.0,Rain,heavy intensity rain
talcher,2026-07-05 17:11:34.336685,1,153.04,0.0,2.66,29.6,0.35,4.43,5.14,1.36,24.71,25.66,93.0,996.0,5.08,230.0,Rain,heavy intensity rain
talcher,2026-07-05 18:59:10.660663,1,129.56,0.0,2.15,28.32,0.21,3.82,4.16,1.1,25.32,26.26,90.0,996.0,3.99,233.0,Rain,moderate rain
talcher,2026-07-05 20:12:48.612584,1,125.15,0.0,2.12,26.71,0.21,3.37,3.68,1.13,25.46,26.39,89.0,995.0,4.07,236.0,Rain,moderate rain
talcher,2026-07-05 21:49:13.421702,1,127.16,0.0,2.23,25.38,0.22,3.16,3.45,1.17,25.22,26.15,90.0,995.0,4.37,227.0,Clouds,overcast clouds
talcher,2026-07-05 22:49:32.502901,1,130.03,0.0,2.32,25.22,0.23,3.23,3.51,1.18,25.39,26.28,88.0,995.0,3.76,227.0,Clouds,overcast clouds
talcher,2026-07-05 23:55:35.649472,1,132.14,0.0,2.36,25.01,0.23,3.19,3.48,1.17,24.81,25.75,92.0,996.0,4.63,218.0,Clouds,overcast clouds
talcher,2026-07-06 02:01:17.120833,1,141.34,0.14,2.64,22.96,0.37,3.18,3.79,1.29,24.64,25.56,92.0,998.0,3.98,205.0,Clouds,overcast clouds
talcher,2026-07-06 06:59:27.528553,1,132.55,0.27,1.4,39.94,0.44,5.05,5.69,1.81,26.65,26.65,84.0,998.0,2.58,217.0,Clouds,overcast clouds
talcher,2026-07-06 11:26:56.846977,1,131.04,0.13,2.03,38.81,0.38,4.3,4.97,2.52,27.37,30.7,81.0,997.0,3.31,227.0,Clouds,overcast clouds
talcher,2026-07-06 14:54:47.919417,1,161.52,0.0,3.75,31.88,1.06,4.91,6.67,4.48,25.49,26.37,87.0,1001.0,1.97,194.0,Clouds,overcast clouds
talcher,2026-07-06 17:33:45.235125,1,195.1,0.0,4.9,27.65,1.49,7.77,10.37,4.64,25.39,26.26,87.0,1001.0,0.65,176.0,Clouds,overcast clouds
talcher,2026-07-06 19:33:15.770982,1,199.7,0.0,4.97,25.3,1.22,8.68,10.3,3.14,25.2,26.13,90.0,1000.0,2.35,148.0,Clouds,overcast clouds
talcher,2026-07-06 21:19:26.523307,1,209.19,0.0,5.32,23.24,1.24,9.51,10.93,2.74,24.98,25.88,90.0,1000.0,2.36,148.0,Clouds,overcast clouds
talcher,2026-07-06 22:55:55.780945,2,230.68,0.01,6.21,18.76,1.54,11.29,12.66,2.57,25.1,26.02,90.0,1000.0,1.98,178.0,Clouds,overcast clouds
talcher,2026-07-06 23:57:56.589164,2,240.15,0.01,6.58,17.34,1.75,12.38,13.89,2.71,25.17,26.09,90.0,1001.0,2.21,161.0,Clouds,overcast clouds
talcher,2026-07-07 02:37:31.655110,2,265.65,1.61,5.69,24.12,2.95,20.34,25.55,3.75,27.68,31.31,80.0,1003.0,2.22,183.0,Clouds,overcast clouds
talcher,2026-07-07 06:35:21.905835,2,190.25,0.35,3.89,55.37,3.75,20.48,25.14,3.34,32.26,38.34,62.0,1001.0,3.15,219.0,Clouds,broken clouds
talcher,2026-07-07 10:17:38.284631,2,176.41,0.26,2.09,64.62,2.67,19.4,21.25,3.85,32.15,38.72,64.0,999.0,2.93,216.0,Clouds,broken clouds
talcher,2026-07-07 13:10:43.137326,2,166.11,0.0,3.76,61.45,3.62,14.57,16.46,4.64,29.07,34.5,78.0,1000.0,1.38,184.0,Clouds,overcast clouds
talcher,2026-07-07 16:16:53.767058,2,191.44,0.0,6.36,45.85,4.42,11.51,14.88,4.38,28.37,33.04,80.0,1003.0,2.04,153.0,Clouds,overcast clouds
talcher,2026-07-07 18:54:08.586234,2,216.23,0.0,7.22,33.98,4.37,12.73,16.87,3.41,27.73,31.71,82.0,1002.0,1.73,139.0,Clouds,overcast clouds
talcher,2026-07-07 20:44:31.815057,2,226.82,0.0,6.74,27.4,3.62,12.71,16.18,3.48,27.32,30.81,83.0,1001.0,2.42,172.0,Clouds,overcast clouds
talcher,2026-07-07 22:04:15.441613,2,232.6,0.0,6.47,25.25,3.1,12.78,15.92,3.69,27.16,30.63,85.0,1001.0,1.75,188.0,Clouds,overcast clouds
talcher,2026-07-07 23:44:49.320261,2,248.76,0.01,6.21,22.07,2.35,14.36,17.42,3.88,26.9,29.97,85.0,1001.0,2.17,174.0,Clouds,overcast clouds
talcher,2026-07-08 01:26:35.622866,2,262.85,0.12,6.26,20.49,2.08,16.05,19.95,4.0,27.68,31.87,84.0,1002.0,1.74,178.0,Clouds,overcast clouds
talcher,2026-07-08 04:57:26.892008,2,152.32,0.21,1.89,60.49,2.16,13.13,17.04,2.42,32.87,38.5,58.0,1002.0,4.22,242.0,Clouds,overcast clouds
talcher,2026-07-08 07:25:04.682417,2,155.08,0.16,1.88,63.44,2.21,14.56,18.14,2.71,33.22,39.0,57.0,1001.0,3.92,242.0,Clouds,overcast clouds
talcher,2026-07-08 10:05:42.197313,2,187.85,0.08,3.14,59.68,2.77,17.56,19.91,4.23,32.79,39.34,61.0,1000.0,2.44,250.0,Clouds,overcast clouds
talcher,2026-07-08 12:13:02.933519,2,191.68,0.02,3.37,68.56,3.08,22.06,24.65,4.94,31.75,38.34,66.0,1000.0,1.31,207.0,Clouds,overcast clouds
talcher,2026-07-08 15:07:40.941661,2,180.43,0.0,6.48,47.07,5.1,12.27,16.31,4.99,28.74,34.03,80.0,1002.0,3.21,138.0,Clouds,overcast clouds
talcher,2026-07-08 17:17:29.736570,2,185.25,0.0,6.91,41.34,5.54,12.34,17.54,4.68,28.26,33.1,82.0,1002.0,2.78,142.0,Clouds,overcast clouds
talcher,2026-07-08 19:04:13.701766,2,191.48,0.0,6.98,35.31,4.99,12.46,17.56,4.06,28.23,33.02,82.0,1002.0,2.06,181.0,Clouds,overcast clouds
talcher,2026-07-08 20:55:08.258659,2,204.43,0.0,6.93,28.36,3.58,12.84,16.6,3.42,28.31,32.55,78.0,1001.0,1.64,188.0,Clouds,overcast clouds
talcher,2026-07-08 21:57:51.752933,2,214.42,0.0,6.96,24.85,3.01,13.46,17.2,3.6,28.39,32.74,78.0,1001.0,0.64,235.0,Clouds,overcast clouds
talcher,2026-07-08 22:59:49.197990,2,228.93,0.01,7.04,21.16,2.55,14.29,18.43,4.04,28.23,32.19,77.0,1001.0,0.57,197.0,Clouds,overcast clouds
talcher,2026-07-09 00:09:20.231215,2,243.45,0.01,7.2,18.46,2.32,15.06,19.68,4.65,28.0,31.95,79.0,1001.0,1.17,183.0,Clouds,overcast clouds
talcher,2026-07-09 04:46:08.355794,1,162.57,0.38,2.95,43.0,1.96,8.4,10.65,2.88,31.07,36.61,66.0,1003.0,3.69,195.0,Clouds,overcast clouds
talcher,2026-07-09 08:18:32.404805,1,172.81,0.23,2.47,46.37,1.04,7.72,8.82,2.68,27.41,31.67,88.0,1002.0,2.47,172.0,Clouds,overcast clouds
talcher,2026-07-09 11:44:12.808420,1,201.26,0.14,4.1,41.93,0.88,7.82,8.75,2.85,26.47,26.47,93.0,1002.0,1.69,169.0,Clouds,overcast clouds
talcher,2026-07-09 14:27:19.081033,1,221.88,0.0,5.85,32.03,1.51,9.37,11.39,3.99,27.23,31.04,87.0,1003.0,2.69,149.0,Clouds,overcast clouds
talcher,2026-07-09 17:11:20.168513,2,266.59,0.0,6.24,26.42,1.5,13.73,16.86,4.08,26.24,26.24,94.0,1003.0,2.19,151.0,Clouds,overcast clouds
talcher,2026-07-09 19:19:20.830645,2,272.28,0.0,5.68,24.11,1.03,15.46,18.08,3.57,27.17,30.77,86.0,1002.0,1.6,206.0,Clouds,overcast clouds
talcher,2026-07-09 21:10:17.802978,2,268.42,0.0,4.76,21.71,0.66,15.65,17.82,3.45,27.23,30.7,84.0,1001.0,1.28,215.0,Clouds,overcast clouds
talcher,2026-07-09 23:01:42.159810,2,260.88,0.0,4.12,20.4,0.52,14.69,16.71,3.51,26.86,29.87,85.0,1001.0,1.43,222.0,Clouds,overcast clouds
talcher,2026-07-10 01:47:06.373165,2,255.37,0.36,3.84,20.38,0.72,13.06,15.59,3.97,28.88,33.4,75.0,1003.0,1.42,268.0,Clouds,overcast clouds
talcher,2026-07-10 05:52:40.192545,1,223.41,0.29,4.0,30.79,0.96,8.29,10.5,5.47,32.99,39.49,60.0,1002.0,3.48,267.0,Clouds,overcast clouds
talcher,2026-07-10 08:58:46.264727,1,205.78,0.36,3.14,31.84,0.7,7.63,9.1,3.49,33.71,40.21,57.0,1001.0,4.75,258.0,Clouds,overcast clouds
talcher,2026-07-10 11:48:52.397100,1,190.25,0.19,3.38,41.64,0.71,9.86,10.88,2.86,29.03,34.82,80.0,1001.0,0.92,221.0,Clouds,overcast clouds
talcher,2026-07-10 13:54:10.248366,2,255.08,0.0,5.81,30.69,1.07,13.41,15.77,3.72,28.57,33.76,81.0,1002.0,2.52,211.0,Clouds,overcast clouds
talcher,2026-07-10 16:13:13.151516,2,280.9,0.0,5.9,23.04,1.05,13.19,16.54,3.45,28.27,32.96,81.0,1003.0,1.3,301.0,Clouds,overcast clouds
talcher,2026-07-10 18:16:18.763976,2,271.88,0.0,5.26,20.3,0.74,10.74,13.65,3.01,27.68,31.59,82.0,1003.0,1.52,261.0,Clouds,overcast clouds
talcher,2026-07-10 20:12:06.873737,1,238.38,0.0,4.04,18.37,0.36,6.92,8.56,2.92,27.21,30.65,84.0,1002.0,3.27,315.0,Clouds,overcast clouds
talcher,2026-07-10 21:50:24.582614,1,228.07,0.01,3.61,16.22,0.29,5.72,6.94,3.31,26.44,26.44,86.0,1001.0,2.68,299.0,Clouds,overcast clouds
talcher,2026-07-10 22:48:45.170014,1,227.68,0.01,3.53,15.45,0.29,5.72,6.89,3.45,26.36,26.36,87.0,1002.0,2.5,297.0,Clouds,overcast clouds
talcher,2026-07-10 23:46:18.239605,1,228.32,0.01,3.53,15.13,0.31,6.08,7.29,3.55,26.28,26.28,87.0,1002.0,2.71,295.0,Clouds,overcast clouds
talcher,2026-07-11 01:26:18.492366,1,231.09,0.06,3.63,14.89,0.39,6.72,8.16,3.7,26.64,26.64,87.0,1002.0,1.45,281.0,Clouds,overcast clouds
talcher,2026-07-11 04:52:31.951914,1,126.49,0.13,1.3,52.58,0.67,4.88,5.53,1.66,30.23,34.62,66.0,1002.0,4.45,266.0,Clouds,overcast clouds
talcher,2026-07-11 07:04:56.343968,1,123.73,0.18,1.17,55.83,0.6,5.27,5.72,1.87,32.97,37.75,55.0,1001.0,6.67,271.0,Clouds,overcast clouds
talcher,2026-07-11 09:15:22.377524,1,129.17,0.2,1.33,56.43,0.62,6.02,6.57,2.67,33.83,38.36,51.0,1000.0,6.61,282.0,Clouds,overcast clouds
talcher,2026-07-11 10:53:08.730968,1,135.82,0.19,1.69,55.63,0.61,5.86,6.58,3.28,32.19,37.21,59.0,999.0,4.8,295.0,Clouds,overcast clouds
talcher,2026-07-11 11:43:21.769252,1,140.53,0.14,2.15,52.81,0.62,5.81,6.64,3.61,30.38,35.21,67.0,1000.0,2.99,284.0,Clouds,overcast clouds
talcher,2026-07-11 12:51:32.610095,1,168.05,0.05,3.8,40.0,0.76,6.6,8.05,4.98,30.48,35.45,67.0,1000.0,2.68,252.0,Clouds,overcast clouds
talcher,2026-07-11 14:17:22.677340,1,211.59,0.0,5.3,27.6,1.0,8.11,10.67,6.88,30.23,34.86,67.0,1000.0,2.06,239.0,Clouds,overcast clouds
talcher,2026-07-11 15:43:44.314660,2,269.58,0.01,6.42,19.89,1.26,10.45,14.59,8.63,29.98,34.29,67.0,1001.0,2.05,215.0,Clouds,overcast clouds
talcher,2026-07-11 16:41:37.480463,2,285.86,0.01,6.47,17.78,1.16,11.06,15.44,7.59,29.8,34.1,68.0,1001.0,2.26,234.0,Clouds,overcast clouds
talcher,2026-07-11 17:44:46.530102,2,289.95,0.02,6.23,16.58,0.93,10.93,14.92,6.2,29.53,33.71,69.0,1000.0,1.85,255.0,Clouds,overcast clouds
talcher,2026-07-11 18:42:57.842290,1,275.15,0.02,5.56,16.72,0.67,9.85,12.96,5.08,28.0,31.07,73.0,1001.0,1.47,247.0,Clouds,scattered clouds
talcher,2026-07-11 19:58:09.983513,1,266.06,0.01,5.02,17.17,0.57,9.1,11.72,4.8,27.81,30.81,74.0,1000.0,1.6,259.0,Clouds,broken clouds
talcher,2026-07-11 20:42:25.463826,1,261.08,0.01,4.74,17.13,0.56,9.04,11.46,4.88,27.52,30.33,75.0,1000.0,1.97,276.0,Clouds,broken clouds
talcher,2026-07-11 21:38:44.602022,1,256.56,0.01,4.53,17.47,0.6,9.47,11.79,5.01,27.4,30.19,76.0,1000.0,2.52,270.0,Clouds,overcast clouds
talcher,2026-07-11 22:36:07.936736,2,250.46,0.01,4.32,18.68,0.65,10.31,12.53,5.0,27.1,29.57,76.0,1000.0,2.64,281.0,Clouds,overcast clouds
talcher,2026-07-11 23:42:00.707436,2,244.86,0.01,4.21,20.06,0.71,11.49,13.66,4.92,26.82,29.18,78.0,1000.0,2.6,289.0,Clouds,overcast clouds
talcher,2026-07-12 01:28:09.760251,2,246.41,0.09,4.27,19.91,0.8,12.6,14.99,5.22,28.02,31.4,75.0,1000.0,3.68,295.0,Clouds,overcast clouds
talcher,2026-07-12 05:14:57.667314,1,127.58,0.14,1.2,57.82,1.08,6.61,7.42,2.59,33.42,37.46,51.0,1001.0,6.35,286.0,Clouds,overcast clouds
talcher,2026-07-12 07:56:30.490411,1,126.64,0.12,2.06,45.35,1.07,4.21,5.08,3.2,35.06,39.31,46.0,999.0,7.47,273.0,Clouds,overcast clouds
talcher,2026-07-12 09:43:37.803330,1,157.23,0.19,3.7,36.59,1.35,4.19,5.49,5.66,32.21,36.37,56.0,998.0,5.44,271.0,Clouds,overcast clouds
talcher,2026-07-12 11:03:39.161348,1,190.18,0.36,5.11,30.0,1.51,4.8,6.55,7.5,32.28,36.81,57.0,998.0,5.28,265.0,Clouds,overcast clouds
talcher,2026-07-12 12:52:23.781582,1,257.17,0.18,8.72,19.07,1.7,6.39,9.43,10.75,31.29,34.95,58.0,999.0,3.74,261.0,Clouds,overcast clouds
talcher,2026-07-12 14:22:02.406441,1,224.97,0.0,6.44,22.59,1.15,6.18,9.03,7.89,31.05,34.22,57.0,999.0,2.8,258.0,Clouds,overcast clouds
talcher,2026-07-12 15:48:04.289392,1,284.07,0.02,7.84,16.74,1.53,8.79,13.5,10.93,31.02,34.16,57.0,1000.0,2.78,259.0,Clouds,overcast clouds
talcher,2026-07-12 16:43:35.269971,1,305.37,0.03,8.05,14.45,1.5,9.93,15.12,10.39,30.88,33.89,57.0,1000.0,3.06,265.0,Clouds,overcast clouds
talcher,2026-07-12 17:49:59.729782,2,309.44,0.03,7.71,13.41,1.26,10.36,15.27,8.74,30.38,33.57,60.0,1000.0,3.62,261.0,Clouds,overcast clouds
talcher,2026-07-12 18:46:39.174866,1,290.47,0.03,6.7,13.92,0.95,9.99,14.01,7.12,29.76,32.76,62.0,1000.0,3.92,267.0,Clouds,overcast clouds
talcher,2026-07-12 20:00:17.335904,1,274.02,0.02,5.91,15.01,0.84,9.91,13.45,6.54,29.26,32.17,64.0,999.0,3.35,274.0,Clouds,overcast clouds
talcher,2026-07-12 20:51:01.371477,2,261.17,0.01,5.35,16.1,0.8,10.22,13.49,6.28,28.83,31.52,65.0,999.0,3.36,276.0,Clouds,overcast clouds
talcher,2026-07-12 21:38:25.719248,2,249.39,0.01,4.92,17.74,0.8,10.8,13.9,6.28,28.61,31.26,66.0,999.0,3.06,277.0,Clouds,overcast clouds
talcher,2026-07-12 22:37:10.238110,2,239.7,0.01,4.67,19.33,0.85,11.5,14.56,6.96,28.49,31.03,66.0,999.0,2.4,289.0,Clouds,overcast clouds
talcher,2026-07-12 23:41:36.420614,2,235.12,0.01,4.68,20.26,0.93,12.3,15.44,7.89,28.4,31.16,68.0,1000.0,2.56,291.0,Clouds,overcast clouds
talcher,2026-07-13 01:29:00.538256,2,242.48,0.06,5.06,19.36,1.09,13.22,16.82,8.76,28.66,32.0,70.0,1001.0,2.57,286.0,Clouds,overcast clouds
talcher,2026-07-13 05:24:14.289995,1,125.95,0.09,1.85,56.47,1.26,8.96,10.93,3.01,33.89,38.15,50.0,1002.0,5.13,300.0,Clouds,overcast clouds
talcher,2026-07-13 08:44:26.616592,1,148.0,0.2,2.72,47.84,1.06,7.97,9.3,4.25,36.03,40.3,43.0,999.0,4.27,292.0,Rain,light rain
talcher,2026-07-13 11:49:51.420399,2,272.18,0.38,8.72,26.14,1.54,13.0,17.02,9.91,33.87,38.79,52.0,999.0,4.26,275.0,Clouds,overcast clouds
talcher,2026-07-13 14:00:22.244786,2,360.66,0.06,11.87,11.89,1.86,14.01,19.71,9.41,31.77,36.26,59.0,1000.0,1.53,206.0,Clouds,overcast clouds
talcher,2026-07-13 16:35:35.094921,2,439.84,0.1,11.21,8.42,1.91,17.71,26.34,8.35,29.34,33.69,71.0,1002.0,3.27,110.0,Clouds,overcast clouds
talcher,2026-07-13 18:25:57.585220,2,447.47,0.09,10.7,8.38,1.65,18.07,26.57,7.31,28.9,33.25,74.0,1001.0,1.91,104.0,Clouds,overcast clouds
talcher,2026-07-13 20:07:01.533939,2,410.08,0.05,8.51,9.89,1.24,16.65,23.44,6.56,28.25,32.56,79.0,1000.0,2.54,128.0,Clouds,overcast clouds
talcher,2026-07-13 21:43:18.657415,2,369.25,0.04,6.91,10.33,1.13,15.68,21.51,6.6,27.96,32.0,80.0,1000.0,1.75,120.0,Clouds,overcast clouds
talcher,2026-07-13 22:43:28.558707,2,338.39,0.03,6.14,11.97,1.11,14.88,20.19,6.21,28.08,32.14,79.0,1000.0,1.5,160.0,Clouds,overcast clouds
talcher,2026-07-13 23:41:58.466599,2,305.52,0.02,5.53,14.51,1.11,14.17,18.99,6.19,28.26,32.42,78.0,1000.0,1.33,182.0,Clouds,overcast clouds
talcher,2026-07-14 01:18:16.413173,2,284.84,0.04,5.44,16.9,1.24,13.89,18.32,6.61,28.92,33.3,74.0,1001.0,2.49,244.0,Clouds,overcast clouds
talcher,2026-07-14 04:39:25.361909,2,289.35,0.63,7.58,35.24,2.77,17.49,22.38,11.56,30.63,35.81,67.0,1002.0,1.52,283.0,Clouds,overcast clouds
talcher,2026-07-14 07:02:22.981142,2,320.79,0.43,9.3,55.95,3.64,21.12,26.78,17.63,31.24,36.17,63.0,1001.0,1.33,282.0,Clouds,overcast clouds
talcher,2026-07-14 09:44:43.049766,2,354.19,0.1,12.43,56.22,4.09,23.04,29.08,22.82,30.58,35.95,68.0,1000.0,1.41,163.0,Clouds,overcast clouds
talcher,2026-07-14 11:16:27.709030,2,358.72,0.12,13.0,54.14,4.14,23.29,28.94,22.47,29.78,35.21,73.0,1000.0,1.77,154.0,Clouds,overcast clouds
talcher,2026-07-14 13:03:27.750133,2,369.03,0.03,13.14,41.6,3.49,23.72,29.48,17.89,29.85,35.64,74.0,1000.0,1.51,138.0,Clouds,overcast clouds
talcher,2026-07-14 15:15:29.841083,3,361.14,0.01,9.59,20.39,2.04,32.58,39.89,6.37,29.58,34.94,74.0,1001.0,1.58,171.0,Clouds,overcast clouds
talcher,2026-07-14 17:00:58.765528,3,404.68,0.03,9.63,14.55,2.01,32.99,42.82,8.07,29.38,34.43,74.0,1002.0,0.53,140.0,Clouds,overcast clouds
talcher,2026-07-14 18:59:38.907904,3,391.11,0.02,8.38,14.76,1.5,31.03,42.05,8.24,28.76,33.68,78.0,1001.0,0.69,28.0,Clouds,overcast clouds
talcher,2026-07-14 20:11:07.218468,3,359.77,0.01,6.93,17.47,1.19,28.66,39.4,6.26,28.42,32.82,78.0,1001.0,1.06,335.0,Clouds,overcast clouds
talcher,2026-07-14 21:45:29.795101,2,263.14,0.0,4.18,33.99,1.11,21.34,28.7,5.55,27.95,32.13,81.0,1000.0,1.9,321.0,Clouds,overcast clouds
talcher,2026-07-14 22:45:20.187599,2,223.08,0.0,3.34,40.8,1.04,16.56,21.17,4.98,27.69,31.61,82.0,1001.0,1.67,330.0,Clouds,overcast clouds
talcher,2026-07-14 23:41:18.123772,2,197.76,0.0,2.9,45.11,0.97,12.26,14.77,4.23,27.4,31.01,83.0,1001.0,1.21,18.0,Clouds,overcast clouds
talcher,2026-07-15 01:15:41.157458,1,184.71,0.0,2.75,47.04,1.03,9.67,10.95,3.21,27.05,30.45,86.0,1002.0,1.66,294.0,Clouds,overcast clouds
talcher,2026-07-15 04:39:14.018479,2,204.74,0.36,3.05,44.53,1.22,14.37,15.57,2.45,31.56,37.84,66.0,1002.0,4.04,304.0,Clouds,overcast clouds
talcher,2026-07-15 07:05:39.693115,2,200.12,0.29,2.41,54.12,1.12,17.27,18.25,2.4,32.0,38.33,64.0,1002.0,5.09,303.0,Clouds,overcast clouds
talcher,2026-07-15 09:48:28.348703,2,198.63,0.27,2.44,62.82,0.96,18.95,19.83,2.77,30.68,36.75,70.0,1000.0,5.13,283.0,Clouds,overcast clouds
talcher,2026-07-15 11:20:17.406206,2,202.35,0.2,3.05,60.05,0.97,17.38,18.35,3.29,29.64,35.57,76.0,999.0,4.48,271.0,Clouds,overcast clouds
talcher,2026-07-15 13:07:03.108262,2,230.23,0.02,5.58,46.95,1.15,14.69,16.45,5.18,27.25,30.86,85.0,1001.0,3.9,266.0,Clouds,overcast clouds
talcher,2026-07-15 15:16:54.278584,3,309.33,0.0,7.15,32.38,1.76,25.75,29.51,5.95,27.61,31.54,83.0,1002.0,2.65,276.0,Clouds,overcast clouds
talcher,2026-07-15 17:03:36.252754,3,307.92,0.0,6.46,31.79,1.8,25.01,29.66,6.04,27.38,30.96,83.0,1002.0,4.14,294.0,Clouds,overcast clouds
talcher,2026-07-15 18:53:06.740035,2,240.33,0.0,4.38,39.42,2.15,20.4,23.21,4.71,25.91,26.83,87.0,1002.0,3.8,288.0,Clouds,overcast clouds
talcher,2026-07-15 20:00:59.431676,2,224.33,0.0,3.87,39.27,2.34,18.98,21.04,3.96,25.62,26.56,89.0,1001.0,3.14,285.0,Clouds,overcast clouds
talcher,2026-07-15 21:45:35.449115,2,206.55,0.0,3.32,37.2,1.86,16.88,18.06,2.66,25.33,26.32,92.0,1001.0,1.85,285.0,Clouds,overcast clouds
talcher,2026-07-15 22:46:38.479308,2,203.76,0.0,3.24,35.04,1.51,15.98,16.98,2.61,25.22,26.23,93.0,1001.0,1.69,273.0,Clouds,overcast clouds
talcher,2026-07-15 23:48:09.969516,2,204.07,0.0,3.28,33.1,1.21,15.36,16.35,2.91,25.17,26.17,93.0,1002.0,1.73,291.0,Clouds,overcast clouds
talcher,2026-07-16 01:25:08.102428,2,210.99,0.01,3.64,30.36,1.11,15.03,16.3,3.39,25.74,26.72,90.0,1002.0,2.63,305.0,Clouds,overcast clouds
talcher,2026-07-16 04:49:11.230559,2,281.12,0.92,4.76,30.34,1.38,17.57,20.76,5.26,31.13,37.34,68.0,1002.0,5.66,289.0,Clouds,overcast clouds
talcher,2026-07-16 07:14:08.722495,2,238.37,0.47,2.03,48.98,0.82,20.74,22.59,3.19,30.25,35.4,69.0,1001.0,7.29,283.0,Clouds,overcast clouds
talcher,2026-07-16 09:54:33.670596,2,187.47,0.2,1.81,53.82,0.52,17.5,18.26,2.02,29.03,33.57,74.0,1000.0,7.36,275.0,Clouds,overcast clouds
talcher,2026-07-16 11:25:55.761412,2,187.37,0.16,2.52,48.33,0.55,15.42,16.21,2.18,28.49,32.82,77.0,1000.0,6.17,277.0,Clouds,overcast clouds
talcher,2026-07-16 13:15:50.752885,2,285.25,0.08,7.51,21.16,0.85,15.57,17.34,2.96,26.6,26.6,90.0,1001.0,5.41,276.0,Clouds,overcast clouds
talcher,2026-07-16 15:24:50.656231,2,276.17,0.0,6.01,26.44,0.83,17.42,19.16,2.1,26.39,26.39,87.0,1002.0,4.61,270.0,Clouds,overcast clouds
talcher,2026-07-16 17:01:28.543217,2,266.74,0.0,4.87,27.92,0.77,17.57,19.15,2.07,25.59,26.55,90.0,1003.0,4.1,293.0,Clouds,overcast clouds
talcher,2026-07-16 18:53:57.071858,2,255.85,0.0,4.07,27.8,0.58,16.89,18.0,2.37,25.77,26.62,85.0,1002.0,4.44,295.0,Clouds,overcast clouds
talcher,2026-07-16 19:55:09.661181,2,250.0,0.0,3.6,27.51,0.51,16.04,17.03,2.54,25.56,26.42,86.0,1002.0,4.27,292.0,Clouds,overcast clouds
talcher,2026-07-16 20:44:11.680214,2,245.71,0.0,3.27,26.83,0.47,15.12,16.06,2.64,25.45,26.32,87.0,1001.0,4.3,294.0,Clouds,overcast clouds
talcher,2026-07-16 21:54:26.381799,2,239.85,0.0,3.01,26.86,0.44,14.05,14.92,2.61,25.33,26.22,88.0,1001.0,3.96,296.0,Clouds,overcast clouds
talcher,2026-07-16 22:46:55.180840,2,227.78,0.0,2.76,28.28,0.4,12.65,13.42,2.42,25.18,26.08,89.0,1001.0,3.81,293.0,Clouds,overcast clouds
talcher,2026-07-16 23:47:31.709354,2,213.15,0.0,2.62,30.19,0.38,11.04,11.73,2.19,25.33,26.24,89.0,1002.0,3.65,292.0,Clouds,overcast clouds
talcher,2026-07-17 01:28:02.261693,1,205.79,0.01,2.81,31.06,0.42,9.88,10.74,2.27,25.65,26.59,89.0,1003.0,4.06,286.0,Clouds,overcast clouds
talcher,2026-07-17 04:52:14.662306,1,242.42,0.45,4.18,25.37,0.86,9.32,11.82,3.67,27.1,30.27,83.0,1003.0,4.95,284.0,Clouds,overcast clouds
talcher,2026-07-17 07:09:03.975705,1,178.72,0.19,2.08,37.86,0.42,7.05,7.9,1.71,29.2,33.98,74.0,1003.0,6.47,284.0,Clouds,overcast clouds
talcher,2026-07-17 09:45:02.284466,2,198.13,0.28,2.95,33.79,0.54,10.0,11.06,2.66,29.42,34.31,73.0,1001.0,5.9,283.0,Clouds,overcast clouds
talcher,2026-07-17 11:13:30.281774,2,205.26,0.22,3.43,31.48,0.56,10.62,11.73,2.51,29.04,33.79,75.0,1001.0,5.49,278.0,Clouds,overcast clouds
talcher,2026-07-17 13:00:28.593760,2,232.5,0.05,5.3,24.31,0.68,11.23,12.77,2.43,28.23,32.68,80.0,1002.0,3.05,268.0,Clouds,overcast clouds
talcher,2026-07-17 14:44:54.232308,2,303.31,0.02,7.31,17.74,1.14,14.5,18.05,4.58,27.59,31.49,83.0,1003.0,2.33,258.0,Clouds,overcast clouds
talcher,2026-07-17 16:07:24.642588,2,291.34,0.01,6.2,17.7,0.98,13.68,16.95,3.56,27.44,31.11,83.0,1004.0,2.26,250.0,Clouds,overcast clouds
talcher,2026-07-17 17:56:54.502058,2,318.52,0.04,6.35,12.23,0.86,14.3,17.97,3.9,27.1,30.27,83.0,1003.0,1.61,247.0,Clouds,overcast clouds
talcher,2026-07-17 18:55:56.904220,2,316.58,0.05,6.02,10.8,0.66,13.74,16.81,4.07,26.2,26.2,86.0,1003.0,1.95,249.0,Clouds,overcast clouds
talcher,2026-07-17 19:57:28.507243,2,312.48,0.05,5.59,10.06,0.56,13.11,15.72,4.47,26.16,26.16,86.0,1002.0,1.49,250.0,Clouds,overcast clouds
talcher,2026-07-17 20:45:56.529404,2,314.57,0.06,5.44,9.37,0.54,12.78,15.19,5.11,26.18,26.18,86.0,1002.0,1.18,283.0,Clouds,overcast clouds
talcher,2026-07-17 21:40:34.588980,2,315.68,0.06,5.4,9.29,0.55,12.43,14.71,5.68,26.02,26.02,87.0,1002.0,1.75,293.0,Clouds,overcast clouds
talcher,2026-07-17 22:37:38.808314,2,313.73,0.05,5.25,9.87,0.54,11.76,13.86,5.78,25.85,26.76,87.0,1002.0,2.11,295.0,Clouds,overcast clouds
talcher,2026-07-17 23:41:35.106996,2,308.68,0.05,5.06,10.81,0.53,11.01,12.97,5.66,25.73,26.63,87.0,1002.0,2.06,299.0,Clouds,overcast clouds
talcher,2026-07-18 01:19:54.422167,2,305.26,0.09,4.98,11.52,0.57,10.42,12.46,5.21,26.12,26.12,86.0,1003.0,2.29,297.0,Clouds,overcast clouds
talcher,2026-07-18 04:37:38.000481,1,165.35,0.08,1.87,43.52,0.33,4.77,5.23,1.56,29.84,34.89,71.0,1004.0,3.73,271.0,Clouds,overcast clouds
talcher,2026-07-18 06:52:21.356407,1,155.32,0.07,1.71,43.4,0.33,5.48,5.83,1.49,31.07,37.19,68.0,1001.0,4.56,277.0,Clouds,overcast clouds
talcher,2026-07-18 08:30:35.645441,1,153.0,0.1,1.7,44.26,0.36,6.35,6.76,1.73,31.73,38.28,66.0,1000.0,4.46,269.0,Clouds,overcast clouds
talcher,2026-07-18 10:08:21.907944,1,172.96,0.17,2.67,37.28,0.54,7.55,8.35,3.26,31.5,38.32,68.0,1000.0,4.55,270.0,Clouds,overcast clouds
talcher,2026-07-18 11:43:23.195307,2,246.05,0.26,6.71,21.87,1.02,10.27,12.29,7.14,30.22,36.91,75.0,1000.0,3.8,265.0,Clouds,overcast clouds
talcher,2026-07-18 12:46:13.204072,2,274.12,0.11,8.43,17.6,1.21,11.03,13.57,8.45,28.41,33.33,81.0,1001.0,3.9,248.0,Clouds,overcast clouds
talcher,2026-07-18 14:14:42.467975,2,227.36,0.0,4.55,30.9,0.75,13.17,14.96,3.5,28.03,32.65,83.0,1001.0,3.64,238.0,Clouds,overcast clouds
talcher,2026-07-18 15:43:26.203548,2,277.25,0.01,5.79,19.44,0.96,15.69,19.02,4.35,27.8,32.19,84.0,1003.0,1.55,252.0,Clouds,overcast clouds
talcher,2026-07-18 16:42:48.568132,2,313.5,0.03,6.67,13.7,1.09,17.38,21.73,5.99,27.48,31.47,85.0,1003.0,2.54,282.0,Clouds,overcast clouds
talcher,2026-07-18 17:45:29.787613,2,337.4,0.07,7.39,10.17,1.18,18.35,22.79,8.73,27.26,30.89,85.0,1003.0,2.78,290.0,Clouds,overcast clouds
talcher,2026-07-18 18:43:58.067957,2,342.61,0.08,7.68,8.54,1.15,18.36,22.14,11.47,26.55,26.55,86.0,1003.0,3.22,285.0,Clouds,overcast clouds
talcher,2026-07-18 19:58:11.668850,2,341.49,0.1,7.04,7.19,0.96,18.17,21.23,10.49,26.11,26.11,86.0,1002.0,3.04,292.0,Clouds,overcast clouds
talcher,2026-07-18 20:41:38.149132,2,339.34,0.11,6.37,6.44,0.77,17.91,20.49,8.12,25.89,26.81,87.0,1002.0,2.32,298.0,Clouds,overcast clouds
talcher,2026-07-18 21:39:10.758056,2,332.18,0.11,5.77,6.41,0.65,17.47,20.04,6.56,25.98,25.98,87.0,1002.0,1.63,304.0,Clouds,overcast clouds
talcher,2026-07-18 22:37:26.479910,2,327.21,0.13,5.47,6.14,0.62,17.03,19.62,6.84,26.03,26.03,87.0,1002.0,1.32,296.0,Clouds,overcast clouds
talcher,2026-07-18 23:41:29.876654,2,322.24,0.14,5.4,5.95,0.65,16.39,18.97,7.82,26.01,26.01,87.0,1002.0,1.4,309.0,Clouds,overcast clouds
talcher,2026-07-19 01:25:50.173079,2,321.86,0.42,5.15,5.82,0.74,15.61,18.37,8.12,25.98,25.98,85.0,1003.0,1.58,294.0,Clouds,overcast clouds
talcher,2026-07-19 04:59:27.945861,1,174.33,0.2,1.37,44.24,0.31,7.69,8.33,1.99,28.17,31.73,75.0,1004.0,2.02,271.0,Clouds,overcast clouds
talcher,2026-07-19 07:26:14.308410,1,178.83,0.14,1.68,46.49,0.42,9.04,9.83,2.67,30.89,35.11,62.0,1003.0,2.67,257.0,Clouds,broken clouds
talcher,2026-07-19 09:43:05.021023,2,242.71,0.28,2.72,45.99,0.73,21.85,23.47,4.18,31.58,35.56,58.0,1000.0,1.59,273.0,Clouds,broken clouds
talcher,2026-07-19 11:03:10.941159,2,241.95,0.18,2.95,44.5,0.69,22.19,23.56,3.15,31.42,36.03,61.0,1000.0,1.38,290.0,Clouds,broken clouds
talcher,2026-07-19 12:49:24.644024,2,241.54,0.02,4.13,37.47,0.71,20.44,21.72,2.44,30.52,35.54,67.0,1001.0,1.2,234.0,Clouds,overcast clouds
talcher,2026-07-19 14:19:07.978229,2,412.9,0.0,15.71,24.6,2.87,17.8,22.44,23.46,29.98,35.23,71.0,1002.0,1.42,196.0,Clouds,overcast clouds
talcher,2026-07-19 15:44:39.808107,2,467.84,0.0,17.35,20.76,3.64,22.69,28.41,30.97,28.66,33.62,79.0,1004.0,2.58,151.0,Clouds,overcast clouds
talcher,2026-07-19 16:42:48.126771,3,492.98,0.01,18.11,19.73,3.92,25.38,30.65,34.44,28.06,32.57,82.0,1004.0,2.82,152.0,Clouds,overcast clouds
talcher,2026-07-19 17:47:03.130999,3,509.9,0.01,18.65,18.36,3.96,27.08,31.85,37.29,27.68,31.87,84.0,1003.0,0.48,158.0,Rain,light rain
talcher,2026-07-19 18:46:56.455247,3,511.11,0.01,18.66,16.93,3.75,27.29,31.07,39.57,27.86,32.05,82.0,1003.0,0.54,130.0,Clouds,overcast clouds
talcher,2026-07-19 20:01:10.062844,3,515.17,0.01,18.55,15.6,3.66,27.3,30.52,42.0,27.47,31.31,84.0,1002.0,0.38,104.0,Rain,light rain
talcher,2026-07-19 21:40:22.948595,3,517.2,0.02,17.91,12.89,3.45,26.89,29.54,45.6,27.19,30.71,85.0,1002.0,0.14,335.0,Clouds,overcast clouds
talcher,2026-07-19 22:40:06.908948,3,497.76,0.04,16.28,11.09,3.07,25.45,27.84,42.95,27.07,30.51,86.0,1002.0,0.36,316.0,Clouds,overcast clouds
talcher,2026-07-19 23:45:30.519363,2,473.13,0.07,13.79,8.94,2.45,23.4,25.58,34.81,26.99,30.3,86.0,1002.0,0.53,332.0,Clouds,overcast clouds
talcher,2026-07-20 01:55:28.044969,2,453.47,1.07,9.02,5.52,1.53,18.5,22.22,12.48,28.71,33.36,77.0,1004.0,2.12,324.0,Clouds,overcast clouds
talcher,2026-07-20 05:28:27.271897,1,216.6,0.26,2.79,30.07,0.54,5.64,6.81,3.51,32.12,38.64,64.0,1003.0,3.47,281.0,Clouds,overcast clouds
talcher,2026-07-20 08:36:21.399953,2,251.49,0.31,3.36,33.15,0.74,12.64,14.27,3.29,32.62,38.56,60.0,1001.0,3.74,271.0,Rain,light rain
talcher,2026-07-20 11:34:37.017987,2,357.98,0.45,9.24,24.01,1.44,20.05,23.3,9.03,30.74,37.2,71.0,1001.0,1.78,271.0,Rain,heavy intensity rain
talcher,2026-07-20 13:45:19.212077,2,354.39,0.02,9.73,17.99,1.57,15.31,19.05,8.72,28.42,33.17,80.0,1003.0,1.58,203.0,Rain,moderate rain
talcher,2026-07-20 15:43:48.487750,2,420.03,0.04,12.32,13.61,2.37,18.12,22.99,14.96,28.5,33.2,79.0,1004.0,2.36,175.0,Rain,heavy intensity rain
talcher,2026-07-20 17:18:43.778696,2,443.01,0.04,13.55,13.36,2.65,18.99,23.55,17.79,27.89,32.28,83.0,1004.0,2.17,158.0,Rain,moderate rain
talcher,2026-07-20 19:22:53.284710,2,444.31,0.03,14.14,13.59,2.33,18.82,21.98,21.14,26.69,29.7,88.0,1003.0,1.96,146.0,Rain,light rain
talcher,2026-07-20 20:59:32.390721,2,429.55,0.02,13.31,14.25,1.99,17.85,20.06,23.33,26.59,26.59,88.0,1002.0,1.64,107.0,Rain,moderate rain
talcher,2026-07-20 21:59:09.079844,2,421.26,0.02,12.86,14.08,1.92,17.4,19.38,24.67,26.43,26.43,88.0,1002.0,1.03,83.0,Rain,moderate rain
talcher,2026-07-20 22:58:53.293650,2,408.94,0.03,12.09,13.45,1.85,16.53,18.31,25.61,26.51,26.51,88.0,1002.0,0.61,36.0,Clouds,overcast clouds
talcher,2026-07-20 23:55:13.513236,2,394.55,0.04,11.06,12.09,1.72,15.55,17.19,24.76,26.56,26.56,88.0,1002.0,0.98,336.0,Clouds,overcast clouds
talcher,2026-07-21 01:25:28.496649,2,387.85,0.19,9.43,9.28,1.43,14.08,15.95,17.98,27.51,31.16,82.0,1003.0,0.89,307.0,Clouds,overcast clouds
talcher,2026-07-21 04:57:19.303137,1,177.19,0.12,2.52,31.19,0.41,2.87,3.58,2.22,27.58,31.47,83.0,1003.0,2.7,319.0,Clouds,overcast clouds
talcher,2026-07-21 07:29:08.274010,1,178.07,0.11,2.8,30.09,0.5,3.26,4.08,2.33,27.57,31.44,83.0,1003.0,2.22,305.0,Clouds,overcast clouds
talcher,2026-07-21 10:13:03.013825,2,257.62,0.75,3.89,31.85,0.91,13.32,15.1,4.09,27.48,31.34,84.0,1002.0,2.55,314.0,Rain,heavy intensity rain
talcher,2026-07-21 12:18:14.839733,2,337.16,0.56,9.34,31.83,1.66,20.01,23.11,10.41,26.2,26.2,88.0,1002.0,2.67,277.0,Clouds,overcast clouds
talcher,2026-07-21 14:54:09.974373,2,333.29,0.05,7.42,12.72,1.28,15.27,19.2,6.13,25.35,26.37,93.0,1004.0,1.67,227.0,Clouds,overcast clouds
talcher,2026-07-21 16:13:59.705766,2,349.07,0.07,7.37,10.57,1.3,16.15,20.34,6.27,25.13,26.13,93.0,1005.0,1.51,220.0,Rain,moderate rain
talcher,2026-07-21 18:07:57.653817,2,371.67,0.15,7.44,6.98,1.07,17.46,21.54,6.15,24.89,25.92,95.0,1004.0,1.56,220.0,Rain,light rain
talcher,2026-07-21 20:12:16.841086,2,348.96,0.13,6.33,6.15,0.69,16.42,19.08,6.29,24.55,25.52,94.0,1002.0,4.26,224.0,Rain,moderate rain
talcher,2026-07-21 21:53:10.528143,2,335.42,0.11,5.7,6.43,0.67,16.09,18.59,7.07,24.27,25.23,95.0,1002.0,3.96,242.0,Rain,light rain
talcher,2026-07-21 22:43:42.330628,2,324.15,0.09,5.3,6.83,0.59,15.78,18.28,5.74,24.31,25.3,96.0,1002.0,3.29,247.0,Rain,moderate rain
talcher,2026-07-21 23:47:01.295169,2,310.79,0.07,5.01,7.66,0.53,15.33,17.76,4.69,24.53,25.52,95.0,1002.0,2.73,253.0,Rain,light rain
talcher,2026-07-22 01:24:06.581651,2,297.11,0.08,4.77,8.99,0.52,14.56,16.98,3.92,24.85,25.85,94.0,1003.0,3.33,261.0,Clouds,overcast clouds
talcher,2026-07-22 04:56:56.089343,1,136.68,0.11,1.96,36.67,0.56,5.96,6.53,1.22,26.01,26.01,86.0,1004.0,3.13,246.0,Clouds,overcast clouds
talcher,2026-07-22 07:30:28.611501,2,161.41,0.26,2.14,38.87,0.61,10.43,10.97,1.51,28.4,32.43,76.0,1003.0,3.8,240.0,Clouds,overcast clouds
talcher,2026-07-22 10:12:55.134536,2,184.65,0.31,2.27,41.11,0.52,13.99,14.6,1.71,28.52,32.89,77.0,1002.0,3.86,242.0,Rain,light rain
talcher,2026-07-22 12:20:36.709561,2,190.87,0.14,3.34,38.03,0.62,13.18,13.84,1.59,26.78,29.51,83.0,1003.0,1.83,238.0,Clouds,overcast clouds
talcher,2026-07-22 14:54:24.102554,1,186.19,0.0,4.25,26.12,0.95,8.26,9.91,3.12,25.98,25.98,87.0,1005.0,1.22,230.0,Clouds,overcast clouds
talcher,2026-07-22 16:13:19.323768,1,188.52,0.0,4.21,24.23,0.92,7.92,9.62,3.12,25.97,25.97,87.0,1005.0,0.34,262.0,Clouds,overcast clouds
talcher,2026-07-22 18:00:52.584688,1,194.74,0.0,4.15,21.03,0.67,7.54,9.02,2.58,25.75,26.65,87.0,1005.0,1.15,108.0,Rain,light rain
talcher,2026-07-22 20:05:18.638280,1,181.34,0.0,3.32,20.43,0.39,6.85,7.91,2.41,25.44,26.39,90.0,1003.0,1.35,127.0,Rain,moderate rain
talcher,2026-07-22 21:55:40.813899,1,186.94,0.0,3.14,19.14,0.35,7.8,9.07,2.68,25.39,26.31,89.0,1003.0,1.47,173.0,Rain,light rain
talcher,2026-07-22 22:52:25.930981,1,193.71,0.01,3.28,18.38,0.37,8.64,10.12,2.84,25.31,26.22,89.0,1003.0,1.4,176.0,Rain,light rain
talcher,2026-07-22 23:53:32.086208,1,202.56,0.01,3.6,17.33,0.44,9.68,11.36,3.0,25.28,26.16,88.0,1003.0,1.41,186.0,Rain,light rain
talcher,2026-07-23 01:44:00.714881,2,229.08,0.21,4.76,15.31,0.88,11.95,14.44,3.39,27.46,30.43,77.0,1005.0,1.78,204.0,Clouds,overcast clouds
talcher,2026-07-23 05:14:37.899342,1,152.51,0.27,2.8,31.91,0.82,7.0,7.86,1.83,28.96,32.28,68.0,1005.0,2.54,234.0,Clouds,overcast clouds
talcher,2026-07-23 08:08:43.187059,1,139.2,0.23,1.66,43.6,0.92,8.45,9.14,1.87,30.21,35.3,69.0,1003.0,4.7,243.0,Clouds,overcast clouds
talcher,2026-07-23 10:58:04.009232,2,142.64,0.18,1.76,50.04,0.84,10.82,11.57,2.49,30.39,35.23,67.0,1002.0,4.91,258.0,Rain,light rain
talcher,2026-07-23 12:21:15.725584,2,149.7,0.12,2.38,48.39,0.96,11.04,11.96,2.99,29.21,34.01,74.0,1003.0,3.59,254.0,Rain,light rain
talcher,2026-07-23 14:59:52.786949,1,270.85,0.03,8.45,16.0,1.76,9.63,13.99,5.74,26.88,29.65,82.0,1005.0,2.09,273.0,Rain,light rain
talcher,2026-07-23 16:26:18.348130,2,301.24,0.05,8.92,13.25,1.83,11.56,16.9,5.83,26.72,29.37,83.0,1005.0,2.53,275.0,Rain,moderate rain
talcher,2026-07-23 18:06:30.949201,2,316.54,0.04,8.68,12.35,1.59,14.43,19.7,4.07,26.2,26.2,85.0,1004.0,1.55,259.0,Clouds,overcast clouds
talcher,2026-07-23 20:07:05.909039,2,289.98,0.02,7.31,13.63,1.41,15.48,19.27,3.39,25.9,26.74,84.0,1003.0,1.28,266.0,Rain,light rain
talcher,2026-07-23 21:55:23.582559,2,279.79,0.02,6.55,13.72,1.36,16.79,20.26,3.5,25.63,26.47,85.0,1003.0,1.37,263.0,Clouds,overcast clouds
talcher,2026-07-23 22:45:27.449744,2,269.67,0.01,6.1,15.61,1.32,16.28,19.39,3.12,25.37,26.18,85.0,1003.0,1.13,264.0,Clouds,broken clouds
talcher,2026-07-23 23:48:37.874907,2,252.3,0.01,5.55,19.67,1.3,14.76,17.32,2.72,25.34,26.18,86.0,1003.0,0.85,233.0,Clouds,broken clouds
talcher,2026-07-24 01:28:15.539525,2,234.55,0.02,5.05,24.47,1.32,12.6,14.59,2.63,26.5,26.5,81.0,1004.0,0.96,236.0,Clouds,broken clouds
talcher,2026-07-24 04:59:10.901443,1,144.08,0.11,1.91,45.65,0.83,3.99,4.84,2.32,30.5,34.27,62.0,1004.0,5.1,281.0,Clouds,broken clouds
talcher,2026-07-24 07:29:39.189342,1,158.68,0.17,2.45,35.64,0.73,4.27,5.36,3.29,28.89,32.49,70.0,1002.0,3.78,288.0,Clouds,overcast clouds
talcher,2026-07-24 10:05:39.762481,1,267.72,0.56,7.74,30.22,1.64,9.41,12.28,11.01,31.2,36.64,65.0,1001.0,4.81,276.0,Rain,light rain
talcher,2026-07-24 12:11:26.930371,2,286.5,0.21,8.96,23.35,1.3,10.31,13.13,7.71,29.47,34.43,73.0,1000.0,3.29,281.0,Rain,light rain
talcher,2026-07-24 14:42:53.016669,2,278.79,0.05,7.61,12.51,1.41,10.64,14.76,4.54,27.51,31.16,82.0,1002.0,2.4,270.0,Rain,light rain
talcher,2026-07-24 18:09:59.723843,2,319.5,0.16,7.22,6.49,1.12,12.36,17.57,4.59,26.46,26.46,85.0,1003.0,2.16,281.0,Rain,moderate rain
talcher,2026-07-24 20:09:25.412281,1,281.4,0.08,5.36,7.4,0.59,9.87,12.74,3.76,26.53,26.53,86.0,1002.0,2.12,283.0,Rain,light rain
talcher,2026-07-24 21:54:05.899844,1,219.18,0.02,3.59,11.49,0.36,5.89,7.1,2.71,26.2,26.2,86.0,1001.0,2.31,293.0,Clouds,overcast clouds
talcher,2026-07-24 22:51:40.793693,1,201.45,0.02,3.16,12.59,0.31,4.66,5.57,2.56,25.88,26.8,87.0,1002.0,2.34,300.0,Clouds,overcast clouds
talcher,2026-07-24 23:54:58.517949,1,194.53,0.02,3.0,12.89,0.3,4.16,4.96,2.5,25.76,26.69,88.0,1002.0,2.27,304.0,Clouds,overcast clouds
talcher,2026-07-25 01:28:37.684130,1,195.55,0.04,3.07,12.17,0.34,4.17,5.04,2.52,26.46,26.46,85.0,1003.0,2.58,296.0,Clouds,overcast clouds
talcher,2026-07-25 04:55:03.899075,1,180.0,0.34,2.33,24.08,0.52,3.71,4.82,2.38,30.9,36.19,66.0,1003.0,5.64,299.0,Clouds,broken clouds
talcher,2026-07-25 07:09:09.615259,1,163.19,0.32,1.39,34.53,0.45,5.97,6.78,2.19,32.52,38.65,61.0,1000.0,5.61,286.0,Clouds,overcast clouds
talcher,2026-07-25 09:26:05.166860,2,187.82,0.41,2.22,40.03,0.66,12.25,13.58,4.34,32.22,38.57,63.0,999.0,5.52,281.0,Rain,moderate rain
talcher,2026-07-25 11:00:39.171005,2,192.05,0.25,3.33,33.47,0.62,11.93,13.23,3.99,28.76,33.68,78.0,999.0,4.41,292.0,Rain,moderate rain
talcher,2026-07-25 12:03:53.275919,1,177.87,0.11,3.4,30.54,0.51,9.83,10.84,2.79,27.76,31.93,83.0,999.0,3.6,283.0,Clouds,overcast clouds
talcher,2026-07-25 14:27:03.588138,1,230.53,0.04,6.39,13.98,0.88,8.19,10.22,4.18,27.02,30.27,85.0,1000.0,5.39,272.0,Rain,moderate rain
talcher,2026-07-25 15:56:45.690441,1,259.15,0.04,6.11,10.88,0.95,9.52,11.46,3.37,26.96,30.12,85.0,1001.0,4.79,276.0,Rain,moderate rain
talcher,2026-07-25 16:43:38.268380,2,276.43,0.06,6.13,9.09,0.97,10.36,12.24,3.24,27.07,30.2,83.0,1001.0,5.35,281.0,Rain,moderate rain
talcher,2026-07-25 17:48:25.534446,2,281.88,0.07,5.88,8.02,0.92,10.69,12.22,3.07,26.59,26.59,85.0,1000.0,5.63,279.0,Rain,light rain
talcher,2026-07-25 18:49:16.744085,2,272.75,0.06,5.28,7.67,0.79,10.41,11.43,2.86,26.65,26.65,85.0,1000.0,3.78,301.0,Rain,light rain
talcher,2026-07-25 20:04:28.471172,2,259.37,0.06,4.63,7.59,0.7,10.02,10.8,2.75,26.34,26.34,87.0,999.0,3.2,306.0,Rain,moderate rain
talcher,2026-07-25 21:43:09.193695,1,227.46,0.05,3.77,8.61,0.6,8.79,9.43,2.51,26.63,26.63,85.0,998.0,2.75,308.0,Rain,light rain
talcher,2026-07-25 22:42:53.184405,1,209.49,0.03,3.51,10.0,0.55,7.6,8.19,2.33,26.26,26.26,87.0,998.0,3.07,307.0,Clouds,overcast clouds
talcher,2026-07-25 23:49:56.040499,1,195.63,0.03,3.36,11.01,0.48,6.23,6.8,2.19,26.04,26.04,87.0,999.0,1.99,340.0,Rain,light rain
talcher,2026-07-26 01:42:28.934350,1,188.24,0.24,3.47,11.99,0.53,4.68,5.69,2.48,27.69,31.47,81.0,1001.0,2.84,310.0,Clouds,overcast clouds
talcher,2026-07-26 05:20:13.115236,1,227.74,1.04,5.02,28.47,1.29,7.1,9.29,8.37,31.33,37.26,66.0,1000.0,4.22,349.0,Rain,light rain
talcher,2026-07-26 08:05:01.129659,2,259.37,0.2,6.36,50.64,1.48,14.9,17.01,11.48,31.4,37.43,66.0,998.0,4.29,296.0,Rain,light rain
talcher,2026-07-26 10:27:16.774764,2,205.29,0.18,3.52,32.55,0.59,11.1,11.96,2.86,30.09,36.28,74.0,997.0,4.19,294.0,Rain,light rain
talcher,2026-07-26 11:54:02.844392,2,232.32,0.14,5.24,19.77,0.67,10.69,11.9,3.27,28.69,33.89,80.0,997.0,4.25,294.0,Rain,moderate rain
talcher,2026-07-26 12:54:41.783567,2,245.36,0.06,6.23,15.71,0.75,10.46,11.89,3.79,27.84,32.14,83.0,998.0,3.61,294.0,Rain,moderate rain
talcher,2026-07-26 14:22:58.762106,2,315.29,0.0,10.48,24.27,1.77,13.59,16.54,14.56,27.46,31.29,84.0,999.0,3.43,286.0,Rain,light rain
talcher,2026-07-26 15:53:40.657715,2,268.96,0.01,6.56,17.97,0.92,11.06,13.0,4.66,27.22,30.79,85.0,999.0,3.02,290.0,Clouds,overcast clouds
talcher,2026-07-26 16:44:42.816162,2,275.39,0.02,6.37,15.47,0.83,11.7,13.74,3.82,27.02,30.27,85.0,999.0,3.14,297.0,Clouds,overcast clouds
talcher,2026-07-26 17:54:18.169613,2,277.74,0.03,6.21,14.44,0.72,11.99,13.9,3.81,26.42,26.42,89.0,999.0,3.23,287.0,Rain,moderate rain
talcher,2026-07-26 18:54:00.274361,2,270.72,0.03,5.82,14.12,0.61,11.68,13.23,4.1,26.22,26.22,89.0,999.0,3.07,292.0,Rain,light rain
talcher,2026-07-26 20:04:06.502610,2,269.7,0.03,5.54,13.32,0.64,11.52,13.05,4.85,25.96,25.96,90.0,998.0,2.93,294.0,Rain,light rain
talcher,2026-07-26 21:47:24.587697,2,272.93,0.04,5.33,11.35,0.72,11.66,13.25,6.27,25.07,26.06,93.0,998.0,2.99,292.0,Clouds,overcast clouds
talcher,2026-07-26 22:48:39.917503,2,269.13,0.04,4.92,10.57,0.61,11.3,12.72,4.35,25.17,26.14,92.0,998.0,2.99,280.0,Clouds,overcast clouds
talcher,2026-07-26 23:51:12.767681,2,258.13,0.04,4.49,10.91,0.5,10.25,11.43,2.93,25.05,25.99,91.0,999.0,2.76,290.0,Rain,light rain
talcher,2026-07-27 01:49:29.219351,1,213.32,0.27,3.39,17.51,0.48,5.79,6.76,1.77,28.18,32.23,78.0,1000.0,3.66,303.0,Clouds,overcast clouds
talcher,2026-07-27 05:38:15.721535,1,171.51,0.29,2.49,31.08,0.56,4.11,4.96,2.14,31.77,37.44,63.0,999.0,3.86,320.0,Rain,light rain
talcher,2026-07-27 09:25:35.667133,1,178.03,0.09,3.15,31.36,0.58,5.09,5.94,2.85,32.43,37.46,58.0,997.0,5.12,303.0,Rain,moderate rain
talcher,2026-07-27 12:48:59.641379,1,245.4,0.1,6.81,14.55,0.83,7.21,8.95,3.53,28.58,33.22,78.0,997.0,2.25,295.0,Rain,light rain
talcher,2026-07-27 15:36:06.801661,1,273.15,0.02,6.54,14.42,1.03,6.62,9.8,5.55,27.64,31.48,82.0,999.0,1.35,302.0,Rain,moderate rain
talcher,2026-07-27 17:28:22.138286,1,289.77,0.03,6.51,14.05,1.04,7.36,10.95,5.67,27.11,30.4,84.0,999.0,2.33,293.0,Clouds,overcast clouds
talcher,2026-07-27 19:09:05.945161,1,279.06,0.01,5.51,16.98,0.63,6.78,9.37,5.2,26.38,26.38,86.0,997.0,4.38,275.0,Clouds,overcast clouds
talcher,2026-07-27 21:00:44.502232,1,257.41,0.01,4.32,18.42,0.5,6.07,8.01,5.4,26.26,26.26,87.0,996.0,5.08,273.0,Rain,light rain
talcher,2026-07-27 22:09:41.341367,1,247.78,0.01,3.97,17.88,0.47,5.77,7.51,5.11,25.95,25.95,89.0,996.0,5.07,276.0,Rain,light rain
talcher,2026-07-27 23:54:21.960056,1,209.45,0.01,3.05,20.08,0.33,4.01,5.07,3.3,26.78,29.42,82.0,996.0,4.44,280.0,Rain,light rain
talcher,2026-07-28 01:23:40.660730,1,180.18,0.01,2.48,24.63,0.3,2.63,3.38,2.54,26.21,26.21,85.0,997.0,5.42,255.0,Rain,moderate rain
talcher,2026-07-28 04:52:44.579033,1,163.68,0.2,2.73,30.28,0.47,2.55,3.45,2.31,27.78,31.7,81.0,998.0,5.78,279.0,Rain,moderate rain
talcher,2026-07-28 07:30:45.083218,1,215.58,0.55,4.75,38.68,1.07,6.49,8.18,7.22,26.7,29.64,87.0,995.0,8.02,266.0,Rain,light rain
talcher,2026-07-28 10:22:04.100127,2,284.76,0.7,7.55,55.01,1.78,13.29,16.11,13.75,26.16,26.16,89.0,993.0,6.96,261.0,Rain,light rain
talcher,2026-07-28 12:29:33.730253,2,259.92,0.27,7.5,42.18,1.26,12.38,14.56,9.86,25.21,26.16,91.0,994.0,7.94,265.0,Rain,light rain
talcher,2026-07-28 15:10:25.963148,2,209.01,0.0,3.93,27.44,0.48,10.23,11.39,1.65,24.67,25.67,95.0,995.0,7.05,241.0,Rain,heavy intensity rain
talcher,2026-07-28 17:16:43.280535,2,214.83,0.0,3.57,28.02,0.43,11.73,12.89,1.6,24.62,25.59,94.0,996.0,6.61,222.0,Clouds,overcast clouds
talcher,2026-07-28 19:04:20.082675,2,203.55,0.0,3.16,28.07,0.28,10.71,11.26,1.36,24.68,25.68,95.0,995.0,4.72,185.0,Rain,moderate rain
talcher,2026-07-28 20:57:18.286679,1,204.09,0.0,3.33,23.3,0.31,9.16,9.6,1.33,25.3,26.24,90.0,994.0,5.26,187.0,Rain,light rain
talcher,2026-07-28 21:57:04.507237,1,206.67,0.0,3.54,21.21,0.34,8.57,9.01,1.37,24.95,25.88,91.0,994.0,4.33,184.0,Rain,light rain
talcher,2026-07-28 22:52:19.773225,1,206.7,0.0,3.67,20.28,0.37,7.72,8.17,1.37,24.8,25.74,92.0,995.0,3.91,178.0,Rain,light rain
talcher,2026-07-28 23:49:40.788595,1,204.17,0.0,3.71,20.56,0.42,6.86,7.3,1.34,24.77,25.7,92.0,995.0,4.03,161.0,Rain,light rain
talcher,2026-07-29 01:24:15.979603,1,201.37,0.03,3.78,21.41,0.58,6.43,6.98,1.42,24.73,25.66,92.0,996.0,3.71,149.0,Clouds,overcast clouds
talcher,2026-07-29 04:57:41.699892,1,178.01,0.39,3.72,29.67,1.03,6.21,6.86,1.45,28.63,32.8,75.0,997.0,3.75,172.0,Rain,light rain
talcher,2026-07-29 07:39:16.142485,1,180.24,0.42,3.25,32.46,0.7,7.28,7.71,1.51,31.69,37.24,63.0,994.0,7.2,175.0,Rain,light rain
talcher,2026-07-29 10:27:52.246522,2,188.36,0.31,2.59,40.26,0.48,10.64,11.17,1.87,28.8,32.83,73.0,994.0,6.83,184.0,Clouds,broken clouds
talcher,2026-07-29 12:54:31.302139,2,203.69,0.02,4.37,35.94,0.64,10.34,11.37,2.73,27.33,30.49,80.0,996.0,1.3,240.0,Rain,light rain
talcher,2026-07-29 15:03:38.432219,3,289.39,0.0,8.3,29.91,2.43,27.58,29.44,2.17,26.97,29.86,82.0,998.0,0.55,76.0,Clouds,overcast clouds
talcher,2026-07-29 17:02:46.157280,3,302.48,0.0,8.0,24.28,2.32,28.06,30.5,2.44,26.31,26.31,83.0,998.0,1.23,89.0,Clouds,broken clouds
talcher,2026-07-29 18:53:32.891750,2,300.87,0.01,7.91,17.71,1.72,24.84,26.65,2.44,25.81,26.77,89.0,997.0,1.82,100.0,Clouds,broken clouds
talcher,2026-07-29 20:07:06.745647,2,296.81,0.01,7.72,15.3,1.54,22.79,24.26,2.49,25.51,26.49,91.0,996.0,1.85,113.0,Clouds,scattered clouds
talcher,2026-07-29 21:45:51.469916,2,290.78,0.02,7.39,12.5,1.41,20.15,21.45,2.88,25.43,26.43,92.0,996.0,2.36,118.0,Clouds,broken clouds
talcher,2026-07-29 22:47:01.910567,2,287.83,0.02,7.26,11.98,1.49,19.59,21.01,2.96,25.29,26.28,92.0,996.0,2.51,113.0,Clouds,broken clouds
talcher,2026-07-29 23:52:28.163215,2,282.82,0.02,7.18,11.82,1.66,19.32,20.91,2.93,25.28,26.27,92.0,996.0,2.54,105.0,Rain,light rain
talcher,2026-07-30 01:17:27.411369,2,279.44,0.14,6.99,11.92,1.89,18.94,20.86,2.89,25.98,25.98,90.0,997.0,2.94,109.0,Clouds,overcast clouds
talcher,2026-07-30 04:46:08.936413,2,222.97,0.85,4.37,47.13,3.29,19.27,21.0,2.32,31.14,36.78,66.0,998.0,4.07,135.0,Rain,light rain
talcher,2026-07-30 07:26:17.090020,3,209.12,0.23,2.33,73.82,2.75,29.59,30.73,1.81,32.03,38.08,63.0,997.0,4.88,161.0,Rain,light rain
talcher,2026-07-30 10:10:53.181085,3,209.95,0.23,2.31,73.97,2.14,29.74,31.16,2.64,30.09,36.28,74.0,996.0,6.17,150.0,Rain,moderate rain
talcher,2026-07-30 12:22:31.041321,3,298.82,0.5,7.59,65.35,3.42,35.71,39.22,9.52,28.37,33.22,81.0,996.0,6.58,143.0,Rain,moderate rain
talcher,2026-07-30 15:00:33.725776,2,186.32,0.0,4.19,52.76,2.6,15.41,18.88,2.45,26.62,26.62,89.0,999.0,5.72,144.0,Rain,light rain
talcher,2026-07-30 16:27:59.380404,2,190.23,0.0,4.42,49.55,2.6,14.92,18.94,2.49,26.67,29.73,89.0,999.0,5.1,141.0,Rain,light rain
talcher,2026-07-30 18:08:40.699261,2,209.14,0.0,5.26,38.32,2.59,14.53,19.46,2.84,26.34,26.34,90.0,1000.0,5.53,137.0,Rain,light rain
talcher,2026-07-30 20:11:05.132863,2,225.34,0.0,5.82,25.63,2.27,14.37,19.17,3.2,25.98,25.98,90.0,999.0,5.1,142.0,Rain,light rain
talcher,2026-07-30 21:57:51.476907,2,246.68,0.01,6.33,16.0,2.08,14.89,19.63,3.96,25.8,26.81,91.0,999.0,4.21,130.0,Rain,light rain
talcher,2026-07-30 22:59:51.616061,2,261.78,0.04,6.55,11.95,1.86,15.43,20.17,4.34,25.61,26.63,92.0,999.0,3.87,130.0,Rain,light rain
talcher,2026-07-31 00:01:41.882158,2,278.45,0.08,6.8,8.84,1.69,16.06,20.89,4.8,25.79,26.83,92.0,1000.0,4.83,133.0,Rain,light rain
talcher,2026-07-31 04:15:47.993491,2,199.14,0.95,3.06,49.79,3.13,17.52,20.5,2.42,30.7,37.09,71.0,1001.0,2.81,132.0,Rain,light rain
talcher,2026-07-31 07:44:10.117600,2,158.89,0.13,1.25,78.94,2.1,21.95,23.14,1.58,34.18,40.25,54.0,999.0,3.6,187.0,Clouds,broken clouds
talcher,2026-07-31 10:26:58.938215,2,168.58,0.09,1.88,75.5,2.34,19.98,20.87,1.75,32.59,39.17,62.0,998.0,4.66,148.0,Rain,light rain
talcher,2026-07-31 12:50:07.752734,2,202.79,0.01,3.96,63.92,2.2,21.44,23.04,2.48,28.29,33.36,83.0,1000.0,5.0,149.0,Rain,moderate rain
talcher,2026-07-31 15:12:21.410021,3,247.97,0.0,6.06,44.57,2.54,25.37,29.69,3.51,27.11,30.83,88.0,1002.0,4.08,131.0,Rain,light rain
talcher,2026-07-31 17:17:11.139768,2,259.66,0.0,6.43,33.06,2.5,24.34,29.75,2.98,26.69,29.87,90.0,1002.0,4.08,126.0,Rain,light rain
talcher,2026-07-31 19:05:32.003596,2,258.68,0.0,6.5,24.13,2.09,22.3,27.66,2.92,26.32,26.32,93.0,1002.0,2.66,116.0,Clouds,overcast clouds
talcher,2026-07-31 20:51:41.964857,2,274.31,0.02,6.29,14.03,1.49,22.35,28.22,4.14,25.94,27.07,95.0,1000.0,1.41,71.0,Rain,light rain
talcher,2026-07-31 21:55:56.176720,2,282.68,0.04,6.25,11.14,1.41,22.74,28.87,4.79,25.52,26.63,96.0,1000.0,1.42,56.0,Rain,moderate rain
talcher,2026-07-31 22:50:23.221896,2,287.98,0.06,6.19,9.35,1.38,23.07,29.39,4.78,25.79,26.91,95.0,1001.0,1.31,53.0,Rain,moderate rain
talcher,2026-07-31 23:52:11.934574,2,290.19,0.09,6.2,8.11,1.39,23.46,30.01,4.6,25.78,26.87,94.0,1001.0,0.48,56.0,Rain,moderate rain
talcher,2026-08-01 01:45:34.259862,2,290.18,1.29,4.83,9.01,1.73,23.62,31.3,3.32,29.52,34.56,73.0,1002.0,1.33,269.0,Rain,light rain
talcher,2026-08-01 05:16:59.190306,2,161.56,0.5,2.29,46.74,2.54,16.43,19.53,1.69,31.65,37.45,64.0,1002.0,2.98,267.0,Rain,moderate rain
talcher,2026-08-01 08:00:29.152341,2,146.88,0.15,0.95,67.72,1.43,21.07,22.67,1.41,33.42,39.49,57.0,1000.0,2.4,245.0,Clouds,overcast clouds
talcher,2026-08-01 10:03:19.140022,2,166.38,0.21,1.95,54.46,1.29,21.12,22.75,2.17,33.4,39.81,58.0,999.0,2.66,241.0,Rain,light rain
talcher,2026-08-01 11:54:37.021707,2,236.27,0.4,5.58,34.63,1.46,23.87,26.71,5.14,30.51,37.44,74.0,1000.0,1.09,194.0,Rain,heavy intensity rain
talcher,2026-08-01 12:53:04.715376,2,267.83,0.09,8.24,31.11,1.81,24.63,28.05,7.57,29.75,35.87,76.0,1000.0,1.29,180.0,Rain,heavy intensity rain
talcher,2026-08-01 14:20:42.837122,2,311.83,0.0,9.51,22.59,1.77,16.58,20.32,7.9,29.2,34.85,78.0,1001.0,1.25,179.0,Rain,light rain
talcher,2026-08-01 15:51:22.792068,2,357.04,0.02,9.64,15.6,1.95,19.66,24.33,9.55,28.79,33.96,79.0,1002.0,1.22,174.0,Clouds,broken clouds
talcher,2026-08-01 16:45:43.164120,2,374.86,0.02,10.23,14.51,2.23,21.3,26.2,11.96,28.49,33.54,81.0,1002.0,0.67,185.0,Rain,light rain
talcher,2026-08-01 17:50:44.177133,2,387.55,0.02,11.01,13.2,2.35,22.38,26.92,14.55,28.66,33.62,79.0,1002.0,0.52,168.0,Clouds,broken clouds
talcher,2026-08-01 18:52:00.052944,2,388.78,0.02,11.36,12.02,2.24,22.58,26.31,16.51,28.04,32.36,81.0,1002.0,0.47,222.0,Clouds,overcast clouds
talcher,2026-08-01 20:04:15.944567,2,388.84,0.03,11.12,10.72,2.09,22.66,25.78,17.69,27.87,31.92,81.0,1002.0,0.75,247.0,Clouds,overcast clouds
talcher,2026-08-01 21:43:08.216145,2,389.01,0.06,9.35,7.02,1.5,23.09,25.32,14.57,27.56,31.42,83.0,1001.0,1.2,246.0,Clouds,overcast clouds
talcher,2026-08-01 22:43:08.795017,2,383.98,0.1,7.92,5.21,1.05,21.64,23.46,9.22,27.31,30.78,83.0,1002.0,0.96,279.0,Clouds,overcast clouds
talcher,2026-08-01 23:46:40.278931,2,374.83,0.12,6.81,4.37,0.77,20.3,21.78,5.51,27.14,30.47,84.0,1002.0,0.88,304.0,Clouds,overcast clouds
talcher,2026-08-02 01:30:55.117709,2,336.98,0.78,4.8,7.79,0.74,17.09,18.99,2.74,29.19,34.17,75.0,1004.0,2.45,297.0,Clouds,overcast clouds
talcher,2026-08-02 05:15:34.675203,2,225.0,0.28,2.86,27.56,0.57,10.26,11.38,1.72,32.55,38.73,61.0,1004.0,4.05,288.0,Rain,light rain
talcher,2026-08-02 08:02:08.357393,2,211.01,0.25,2.15,34.54,0.55,11.91,13.14,2.44,34.39,41.16,55.0,1001.0,3.58,272.0,Clouds,overcast clouds
talcher,2026-08-02 10:24:08.117408,2,243.71,0.3,2.54,45.35,0.73,23.52,25.31,3.52,33.51,40.46,59.0,1000.0,3.12,267.0,Rain,heavy intensity rain
talcher,2026-08-02 11:52:45.401980,3,274.72,0.11,4.59,42.02,1.02,30.18,32.34,4.1,31.95,38.95,70.0,1000.0,2.22,268.0,Clouds,overcast clouds
talcher,2026-08-02 12:54:30.212252,3,293.75,0.01,5.79,35.75,1.2,31.89,34.44,4.54,30.78,37.6,72.0,1001.0,2.22,248.0,Clouds,overcast clouds
talcher,2026-08-02 14:22:50.387115,2,364.11,0.02,8.53,16.37,1.38,22.3,26.19,6.05,29.96,35.93,74.0,1002.0,2.29,242.0,Clouds,overcast clouds
talcher,2026-08-02 15:51:45.294685,2,388.89,0.07,8.11,9.15,1.41,23.35,28.92,6.13,29.37,34.85,76.0,1003.0,1.86,251.0,Clouds,overcast clouds
talcher,2026-08-02 16:44:31.256248,2,400.49,0.11,8.03,7.03,1.43,24.11,30.32,6.8,29.06,34.26,77.0,1003.0,1.63,251.0,Rain,light rain
talcher,2026-08-02 17:51:49.980566,2,399.75,0.15,7.88,5.36,1.34,23.68,29.59,7.64,28.97,34.03,77.0,1003.0,1.58,244.0,Rain,light rain
talcher,2026-08-02 18:52:10.169821,2,383.44,0.16,7.41,4.71,1.13,21.8,26.34,8.18,28.99,34.08,77.0,1002.0,1.23,251.0,Clouds,overcast clouds
talcher,2026-08-02 20:04:30.493131,2,372.18,0.15,7.01,4.43,1.04,20.35,24.03,8.63,28.49,32.99,78.0,1002.0,1.14,258.0,Clouds,overcast clouds
talcher,2026-08-02 21:43:39.186344,2,368.36,0.15,7.05,4.35,1.04,19.47,21.98,10.65,28.2,32.44,79.0,1002.0,1.23,286.0,Clouds,overcast clouds
talcher,2026-08-02 22:44:03.302281,2,370.83,0.14,7.72,4.68,1.16,18.92,21.11,12.86,27.91,31.88,80.0,1002.0,1.01,291.0,Clouds,overcast clouds
talcher,2026-08-02 23:48:43.018504,2,377.44,0.15,8.41,4.97,1.28,18.45,20.55,14.64,27.71,31.52,81.0,1002.0,1.74,297.0,Clouds,overcast clouds
talcher,2026-08-03 01:31:07.041439,2,381.48,1.16,8.49,7.87,1.73,16.87,20.0,14.24,29.83,35.34,73.0,1004.0,2.49,309.0,Clouds,overcast clouds
talcher,2026-08-03 05:29:42.309792,2,216.81,0.33,2.19,37.76,0.65,10.33,11.69,2.35,33.37,40.1,59.0,1004.0,3.21,296.0,Rain,light rain
talcher,2026-08-03 08:59:07.238043,2,279.41,0.37,3.92,33.45,1.03,22.38,25.19,4.15,33.4,39.81,58.0,1001.0,2.39,279.0,Clouds,overcast clouds
talcher,2026-08-03 12:19:15.266945,2,284.58,0.16,5.17,24.22,0.87,19.61,21.96,2.43,32.83,39.83,63.0,1001.0,1.5,264.0,Clouds,overcast clouds
talcher,2026-08-03 15:36:20.435393,2,381.22,0.03,13.17,14.08,3.04,17.76,24.26,15.21,30.26,35.94,71.0,1004.0,1.74,259.0,Clouds,overcast clouds
talcher,2026-08-03 17:45:27.763878,2,411.52,0.09,12.07,8.21,2.68,20.45,26.15,14.83,29.19,34.17,75.0,1004.0,1.33,229.0,Clouds,overcast clouds
talcher,2026-08-03 19:16:32.348870,2,399.3,0.11,10.54,6.47,2.09,19.98,24.55,13.23,28.33,32.77,79.0,1004.0,0.85,213.0,Rain,light rain
talcher,2026-08-03 20:53:27.756752,2,379.87,0.1,9.46,5.68,1.81,18.79,22.41,15.59,28.07,32.27,80.0,1003.0,0.97,190.0,Rain,light rain
talcher,2026-08-03 21:57:19.797681,2,368.63,0.1,9.01,5.64,1.68,17.79,20.88,16.18,27.62,31.43,82.0,1003.0,1.33,180.0,Rain,light rain
talcher,2026-08-03 22:55:01.619739,2,352.25,0.11,7.72,5.2,1.34,16.58,19.19,13.52,27.29,30.85,84.0,1003.0,1.2,183.0,Rain,moderate rain
talcher,2026-08-03 23:59:04.060552,2,339.99,0.14,6.54,4.62,1.0,15.59,17.83,9.47,27.25,30.64,83.0,1003.0,0.76,194.0,Clouds,overcast clouds
talcher,2026-08-04 02:12:15.706304,2,340.13,0.82,5.49,3.92,0.95,15.15,18.36,4.61,29.76,35.16,73.0,1005.0,0.68,261.0,Clouds,overcast clouds
talcher,2026-08-04 05:37:28.681782,1,202.71,0.21,2.34,34.14,0.6,9.3,10.53,1.86,33.91,40.72,57.0,1004.0,2.45,292.0,Rain,light rain
talcher,2026-08-04 08:15:24.577824,2,249.49,0.36,3.7,29.14,0.88,14.25,16.59,3.59,35.21,42.0,52.0,1002.0,2.47,267.0,Rain,light rain
talcher,2026-08-04 11:14:32.271989,2,331.57,0.43,9.46,28.51,1.88,18.38,22.29,9.73,33.58,40.58,63.0,1000.0,0.71,35.0,Rain,light rain
talcher,2026-08-04 13:43:01.441459,3,413.37,0.01,12.88,22.26,2.6,26.67,32.61,12.14,29.99,36.54,76.0,1002.0,1.79,221.0,Rain,light rain
talcher,2026-08-04 16:05:07.838305,3,467.21,0.01,12.28,16.43,3.04,34.33,42.39,13.63,29.78,36.21,77.0,1004.0,1.26,191.0,Clouds,overcast clouds
talcher,2026-08-04 18:21:46.454048,3,494.88,0.03,12.23,12.84,3.04,40.32,47.62,15.49,29.12,35.08,80.0,1003.0,1.29,196.0,Clouds,overcast clouds
talcher,2026-08-04 20:17:11.130285,3,455.87,0.05,9.43,8.51,1.84,37.57,42.81,11.86,28.05,32.54,82.0,1001.0,1.36,179.0,Clouds,overcast clouds
talcher,2026-08-04 22:02:32.765084,3,415.65,0.06,6.65,7.29,1.0,35.64,38.88,7.01,27.81,31.92,82.0,1001.0,0.72,207.0,Clouds,overcast clouds
talcher,2026-08-04 23:53:34.447770,3,399.29,0.09,7.07,6.61,1.21,33.12,35.8,11.82,28.03,32.49,82.0,1001.0,0.78,290.0,Clouds,overcast clouds
talcher,2026-08-05 01:25:27.318465,3,404.03,0.28,7.83,6.2,1.51,30.97,34.0,14.47,28.5,33.02,78.0,1002.0,0.95,277.0,Rain,light rain
talcher,2026-08-05 04:53:39.596869,2,199.83,0.12,2.17,35.06,0.57,10.6,11.81,2.03,31.52,37.43,65.0,1002.0,2.73,266.0,Rain,light rain
talcher,2026-08-05 07:31:12.289095,2,216.76,0.24,2.85,28.68,0.73,11.43,13.09,2.59,32.45,38.82,62.0,1001.0,4.22,267.0,Clouds,overcast clouds
talcher,2026-08-05 10:23:13.777729,2,266.57,0.3,4.73,26.21,0.98,16.88,19.23,3.67,31.28,37.73,68.0,1000.0,3.33,262.0,Clouds,overcast clouds
talcher,2026-08-05 12:46:16.748462,2,375.85,0.05,13.17,17.78,2.18,22.87,26.99,9.72,29.37,35.31,78.0,1001.0,2.01,278.0,Rain,light rain
talcher,2026-08-05 15:06:47.778772,2,375.2,0.02,9.71,15.97,1.88,24.28,29.44,8.02,28.76,34.08,80.0,1002.0,1.99,257.0,Rain,light rain
talcher,2026-08-05 17:17:41.333225,3,429.1,0.05,10.72,10.8,2.21,27.48,32.78,9.71,28.45,33.25,80.0,1003.0,1.77,244.0,Rain,very heavy rain
talcher,2026-08-05 19:11:28.193505,2,391.64,0.03,7.83,11.24,1.25,24.48,27.4,6.18,27.85,31.87,81.0,1002.0,1.94,282.0,Rain,heavy intensity rain
talcher,2026-08-05 20:55:31.443941,2,373.82,0.02,7.74,12.36,1.41,22.06,24.59,11.44,27.3,30.76,83.0,1001.0,1.94,284.0,Rain,very heavy rain
talcher,2026-08-05 22:04:42.095058,2,374.81,0.02,8.03,12.36,1.5,21.02,23.44,13.95,27.07,30.3,84.0,1001.0,1.8,296.0,Rain,light rain
talcher,2026-08-05 23:45:57.820382,2,357.34,0.04,7.72,10.79,1.45,17.56,19.61,15.95,26.77,29.65,85.0,1001.0,1.62,299.0,Clouds,overcast clouds
talcher,2026-08-06 01:22:44.399339,2,349.68,0.2,6.7,8.21,1.22,15.76,18.01,11.66,27.69,31.61,82.0,1002.0,1.18,303.0,Clouds,overcast clouds
talcher,2026-08-06 04:53:54.751203,1,219.76,0.17,2.43,33.98,0.47,6.63,7.74,1.76,31.38,37.69,67.0,1002.0,3.2,296.0,Rain,light rain
talcher,2026-08-06 07:31:33.491085,1,250.13,0.18,4.1,21.77,0.74,7.99,10.1,3.15,29.16,34.52,77.0,1001.0,2.21,307.0,Rain,light rain
talcher,2026-08-06 10:25:22.513374,2,316.54,0.2,7.76,18.77,1.45,12.02,15.69,7.12,28.15,33.15,84.0,1000.0,1.76,332.0,Rain,light rain
talcher,2026-08-06 12:50:21.517900,2,426.53,0.08,16.56,19.59,2.73,16.53,21.54,14.11,26.36,26.36,92.0,1001.0,1.39,137.0,Clouds,overcast clouds
talcher,2026-08-06 15:05:11.141383,2,371.11,0.02,6.91,16.9,1.16,18.8,22.4,3.33,26.45,26.45,91.0,1002.0,1.5,146.0,Clouds,overcast clouds
talcher,2026-08-06 23:48:08.139860,2,330.38,0.08,5.27,6.85,0.78,13.4,15.28,6.29,25.44,26.52,95.0,1000.0,1.65,294.0,Clouds,overcast clouds
talcher,2026-08-07 02:02:03.050086,2,331.48,0.38,5.29,7.08,0.89,12.38,15.01,4.18,25.79,26.8,91.0,1001.0,2.03,264.0,Rain,moderate rain
talcher,2026-08-07 04:46:29.860088,1,243.38,0.36,2.6,28.5,0.54,8.55,9.99,1.97,26.31,26.31,89.0,1001.0,1.02,304.0,Rain,light rain
talcher,2026-08-07 06:03:46.281496,1,230.72,0.24,2.14,33.98,0.49,8.95,10.19,1.86,26.04,26.04,90.0,1002.0,1.65,289.0,Clouds,overcast clouds
talcher,2026-08-07 08:05:06.378323,1,187.5,0.13,1.38,47.37,0.33,7.98,8.56,1.1,27.27,30.69,83.0,1000.0,3.64,254.0,Clouds,overcast clouds
talcher,2026-08-07 09:48:50.887861,2,182.5,0.16,1.53,50.95,0.39,10.38,11.05,1.36,28.86,33.16,74.0,999.0,4.35,267.0,Clouds,overcast clouds
talcher,2026-08-07 10:41:09.615710,2,199.24,0.17,2.26,45.53,0.52,12.27,13.34,1.85,28.16,32.02,77.0,999.0,3.81,273.0,Clouds,overcast clouds
talcher,2026-08-07 11:37:04.151097,2,220.23,0.09,3.3,40.28,0.66,13.74,15.1,1.89,27.2,30.4,82.0,999.0,3.22,278.0,Clouds,overcast clouds
talcher,2026-08-07 12:37:12.011530,2,245.69,0.01,4.43,34.03,0.82,15.46,17.38,2.13,26.81,29.66,84.0,1000.0,2.05,275.0,Clouds,overcast clouds
talcher,2026-08-07 14:04:21.707233,3,355.3,0.0,6.74,30.45,1.43,26.79,30.17,5.06,26.33,26.33,86.0,1001.0,1.63,261.0,Rain,light rain
talcher,2026-08-07 15:42:41.876375,3,405.74,0.0,9.28,24.67,2.55,26.91,32.06,11.71,26.25,26.25,87.0,1002.0,0.93,205.0,Rain,light rain
talcher,2026-08-07 16:40:03.611644,3,431.8,0.0,10.58,22.86,3.03,27.95,33.46,15.01,26.16,26.16,87.0,1002.0,1.18,181.0,Clouds,overcast clouds
talcher,2026-08-07 17:39:13.967136,3,445.49,0.01,11.6,20.88,3.15,28.65,33.66,17.65,25.93,26.9,89.0,1002.0,0.97,172.0,Rain,light rain
talcher,2026-08-07 18:37:38.992010,3,441.42,0.01,11.68,19.0,2.91,28.27,32.07,19.34,26.16,26.16,88.0,1001.0,0.92,303.0,Rain,moderate rain
talcher,2026-08-07 19:42:48.431242,3,426.82,0.01,10.9,17.0,2.56,27.39,30.23,20.0,26.03,26.03,88.0,1001.0,1.18,313.0,Rain,moderate rain
talcher,2026-08-07 20:27:48.604896,3,426.82,0.01,10.9,17.0,2.56,27.39,30.23,20.0,26.01,26.01,89.0,1001.0,1.18,313.0,Rain,moderate rain
talcher,2026-08-07 21:27:34.992081,3,412.22,0.01,9.65,14.23,2.07,26.35,28.52,18.23,25.98,25.98,88.0,1000.0,1.21,328.0,Rain,light rain
talcher,2026-08-07 22:23:51.914413,2,392.63,0.03,7.8,11.13,1.39,24.64,26.32,12.78,25.88,26.82,88.0,1000.0,0.99,18.0,Clouds,overcast clouds
talcher,2026-08-07 23:23:50.394859,2,374.2,0.04,6.71,9.78,1.08,22.84,24.2,10.94,25.78,26.74,89.0,1001.0,0.58,22.0,Rain,light rain
talcher,2026-08-08 00:45:32.155885,2,362.56,0.1,6.31,8.49,1.03,20.37,21.76,10.82,26.62,26.62,85.0,1001.0,0.52,41.0,Rain,light rain
talcher,2026-08-08 02:48:53.469886,2,359.43,0.57,5.68,8.78,1.02,17.77,20.42,6.24,28.38,32.72,78.0,1002.0,0.61,139.0,Clouds,overcast clouds
talcher,2026-08-08 04:02:55.189136,1,217.0,0.14,2.54,31.37,0.46,7.25,8.14,2.08,29.18,34.14,75.0,1002.0,1.37,119.0,Rain,light rain
talcher,2026-08-08 05:34:22.334506,1,173.75,0.14,1.42,43.11,0.34,5.2,5.7,1.2,30.72,35.5,65.0,1001.0,1.16,153.0,Clouds,overcast clouds
talcher,2026-08-08 06:32:12.685615,1,176.79,0.14,1.37,43.98,0.36,6.39,6.94,1.35,30.79,36.2,67.0,1001.0,2.72,261.0,Clouds,overcast clouds
talcher,2026-08-08 07:39:55.104830,1,184.55,0.15,1.51,41.29,0.4,8.08,8.78,1.63,31.16,37.42,68.0,1000.0,2.68,251.0,Rain,moderate rain
talcher,2026-08-08 08:26:28.715879,1,184.55,0.15,1.51,41.29,0.4,8.08,8.78,1.63,31.09,37.24,68.0,1000.0,2.68,251.0,Rain,moderate rain
talcher,2026-08-08 09:26:06.279397,1,192.37,0.16,1.71,38.81,0.43,9.75,10.55,1.65,31.34,37.58,67.0,999.0,2.04,229.0,Rain,light rain
talcher,2026-08-08 10:19:42.399823,2,195.26,0.14,1.92,36.57,0.45,10.65,11.46,1.59,31.68,37.84,65.0,999.0,2.0,206.0,Clouds,overcast clouds
talcher,2026-08-08 11:19:17.267622,2,196.26,0.12,2.22,36.02,0.47,10.85,11.66,1.59,31.29,37.45,67.0,999.0,2.25,203.0,Rain,light rain
talcher,2026-08-08 12:22:47.243165,2,195.72,0.06,2.58,36.34,0.51,10.78,11.57,1.61,30.17,36.77,75.0,999.0,1.05,175.0,Rain,very heavy rain
talcher,2026-08-08 13:37:00.296273,2,316.97,0.01,9.22,22.55,1.82,17.92,21.17,8.87,27.16,30.74,86.0,1001.0,1.23,152.0,Rain,moderate rain
talcher,2026-08-08 14:22:07.049180,2,316.97,0.01,9.22,22.55,1.82,17.92,21.17,8.87,27.14,30.69,86.0,1001.0,1.23,152.0,Rain,moderate rain
talcher,2026-08-08 15:18:11.552239,2,338.13,0.01,10.19,21.82,2.16,17.59,21.31,11.19,27.26,30.89,85.0,1002.0,1.65,153.0,Rain,moderate rain
talcher,2026-08-08 16:18:50.417798,2,353.98,0.01,10.78,21.12,2.41,17.59,21.46,13.63,27.12,30.53,85.0,1003.0,2.21,159.0,Rain,moderate rain
talcher,2026-08-08 17:19:44.360436,2,363.45,0.01,11.11,20.47,2.57,18.31,22.18,15.63,26.95,30.19,86.0,1003.0,1.84,162.0,Rain,moderate rain
talcher,2026-08-08 18:20:59.128959,2,359.5,0.01,10.74,18.87,2.38,18.42,21.82,16.15,26.47,26.47,87.0,1002.0,2.55,137.0,Rain,light rain
talcher,2026-08-08 19:20:43.171225,2,342.03,0.01,8.94,15.5,1.69,17.1,19.72,13.1,26.33,26.33,89.0,1002.0,2.17,131.0,Rain,light rain
talcher,2026-08-08 20:15:55.676963,2,329.65,0.02,7.48,13.15,1.27,15.99,18.14,11.02,26.19,26.19,90.0,1001.0,1.78,122.0,Rain,light rain
talcher,2026-08-08 21:19:02.299559,2,322.43,0.02,6.62,11.63,1.05,15.23,17.07,10.0,25.85,26.87,91.0,1001.0,1.1,121.0,Rain,light rain
talcher,2026-08-08 22:16:13.593059,2,316.27,0.03,6.04,10.52,0.92,14.47,16.08,9.65,25.87,26.89,91.0,1001.0,1.19,107.0,Rain,light rain
talcher,2026-08-08 23:17:12.516658,2,311.15,0.04,5.79,9.91,0.9,13.78,15.25,10.51,26.01,26.01,91.0,1001.0,0.9,73.0,Rain,light rain
talcher,2026-08-09 00:49:15.015980,2,311.86,0.24,6.08,9.18,1.1,12.7,14.48,12.89,26.73,29.8,88.0,1002.0,0.59,16.0,Clouds,overcast clouds
talcher,2026-08-09 02:56:06.376563,2,303.1,1.86,3.33,14.26,0.89,11.77,14.3,5.87,28.61,33.3,78.0,1003.0,0.61,38.0,Rain,light rain
talcher,2026-08-09 04:10:00.826523,1,182.41,0.33,1.51,38.65,0.32,5.93,6.55,1.47,29.59,34.73,73.0,1003.0,0.07,153.0,Rain,light rain
talcher,2026-08-09 05:40:05.364749,1,149.84,0.11,1.03,47.94,0.21,5.42,5.73,0.75,30.59,36.52,70.0,1002.0,1.02,242.0,Clouds,overcast clouds
talcher,2026-08-09 06:36:04.942493,1,157.48,0.12,1.31,44.34,0.28,6.05,6.55,1.23,30.54,36.95,72.0,1001.0,0.85,234.0,Rain,light rain
talcher,2026-08-09 07:43:58.673156,1,173.76,0.17,1.67,38.99,0.39,7.67,8.49,1.86,29.87,35.95,75.0,1000.0,1.26,256.0,Rain,light rain
talcher,2026-08-09 08:29:00.002823,1,173.76,0.17,1.67,38.99,0.39,7.67,8.49,1.86,29.87,35.95,75.0,1000.0,1.26,256.0,Rain,moderate rain
talcher,2026-08-09 09:28:03.490709,1,190.12,0.2,1.98,36.79,0.48,9.49,10.53,2.17,29.42,35.45,78.0,1000.0,1.63,272.0,Clouds,overcast clouds
talcher,2026-08-09 10:21:19.276955,2,211.33,0.28,2.65,32.09,0.57,11.33,12.74,2.75,28.98,34.69,80.0,1000.0,1.52,278.0,Clouds,overcast clouds
talcher,2026-08-09 11:19:57.462468,2,245.98,0.34,4.28,28.33,0.8,13.62,15.66,4.34,28.95,34.82,81.0,999.0,0.79,253.0,Clouds,overcast clouds
talcher,2026-08-09 12:25:10.446178,2,285.68,0.28,6.99,28.63,1.22,16.02,18.77,7.19,28.89,34.65,81.0,1000.0,0.77,56.0,Rain,moderate rain
talcher,2026-08-09 13:40:31.228023,2,306.52,0.01,10.83,20.88,1.86,14.41,18.0,11.75,25.53,26.67,97.0,1002.0,1.43,140.0,Rain,moderate rain
talcher,2026-08-09 14:23:26.618635,2,306.52,0.01,10.83,20.88,1.86,14.41,18.0,11.75,25.53,26.67,97.0,1002.0,1.43,140.0,Rain,moderate rain
talcher,2026-08-09 15:19:59.547849,2,307.75,0.02,9.27,16.87,1.68,13.76,17.25,10.0,25.54,26.68,97.0,1002.0,0.73,196.0,Rain,moderate rain
talcher,2026-08-09 16:20:34.806662,2,300.75,0.03,7.22,12.97,1.23,12.87,15.83,6.41,25.6,26.75,97.0,1003.0,1.0,259.0,Rain,light rain
talcher,2026-08-09 17:20:50.351954,2,296.85,0.05,6.35,10.93,1.05,12.36,15.49,5.36,25.69,26.82,96.0,1003.0,0.77,282.0,Rain,light rain
talcher,2026-08-09 18:22:50.772282,2,289.84,0.05,5.85,9.81,0.86,11.64,14.54,4.99,25.56,26.68,96.0,1003.0,1.17,271.0,Rain,moderate rain
talcher,2026-08-09 19:24:43.684976,2,274.46,0.05,5.21,9.56,0.65,10.51,12.84,4.51,25.38,26.48,96.0,1003.0,2.07,291.0,Clouds,overcast clouds
talcher,2026-08-09 20:18:47.916225,1,261.56,0.04,4.6,9.7,0.57,9.59,11.6,3.88,25.24,26.33,96.0,1002.0,1.56,312.0,Rain,light rain
talcher,2026-08-09 21:20:34.101590,1,250.2,0.03,4.11,10.03,0.51,8.82,10.58,3.34,25.28,26.37,96.0,1002.0,1.05,326.0,Clouds,overcast clouds
talcher,2026-08-09 22:18:11.497829,1,238.97,0.03,3.68,10.59,0.45,8.0,9.53,2.85,25.27,26.36,96.0,1001.0,1.31,336.0,Clouds,overcast clouds
talcher,2026-08-09 23:19:07.653769,1,230.44,0.03,3.39,10.82,0.41,7.23,8.59,2.63,25.22,26.28,95.0,1001.0,1.2,331.0,Clouds,overcast clouds
talcher,2026-08-10 00:51:49.943246,1,230.03,0.07,3.54,9.89,0.47,6.42,7.94,2.62,26.19,26.19,91.0,1003.0,1.39,288.0,Clouds,overcast clouds
talcher,2026-08-10 03:05:30.509218,1,239.74,0.77,3.94,12.76,0.8,5.82,8.18,3.09,27.89,32.28,83.0,1004.0,2.84,305.0,Clouds,overcast clouds
talcher,2026-08-10 05:14:38.219659,1,192.55,0.46,2.4,29.08,0.65,5.41,7.33,2.56,29.54,35.07,75.0,1003.0,3.72,284.0,Clouds,overcast clouds
talcher,2026-08-10 07:06:20.444168,1,138.63,0.15,1.18,42.38,0.43,6.28,7.07,1.18,31.71,38.56,67.0,1002.0,3.63,279.0,Rain,light rain
talcher,2026-08-10 09:05:38.661333,1,121.94,0.08,1.09,48.02,0.4,7.02,7.5,0.87,31.91,38.76,66.0,1000.0,4.49,274.0,Clouds,overcast clouds
talcher,2026-08-10 10:56:13.429808,1,138.91,0.08,1.93,44.7,0.57,8.08,8.87,1.47,29.11,34.83,79.0,1000.0,3.19,266.0,Clouds,overcast clouds
talcher,2026-08-10 11:41:55.130581,1,156.2,0.06,2.83,41.9,0.8,9.19,10.29,1.66,28.13,33.09,84.0,1000.0,2.09,249.0,Rain,heavy intensity rain
talcher,2026-08-10 12:41:10.248952,2,196.45,0.02,5.27,34.21,1.29,11.44,13.53,3.49,26.23,26.23,95.0,1001.0,0.87,211.0,Rain,moderate rain
talcher,2026-08-10 14:11:37.687802,2,265.1,0.03,7.54,14.7,1.35,11.23,14.74,4.98,26.23,26.23,95.0,1002.0,1.37,242.0,Clouds,overcast clouds
talcher,2026-08-10 15:48:09.763825,2,287.08,0.06,6.26,10.28,1.26,11.72,16.31,4.15,26.37,26.37,93.0,1003.0,1.96,303.0,Rain,light rain
talcher,2026-08-10 16:41:29.452693,2,296.49,0.08,5.93,8.82,1.22,11.96,17.04,4.18,26.4,26.4,92.0,1003.0,1.03,328.0,Rain,light rain
talcher,2026-08-10 17:42:19.566971,2,291.49,0.08,5.53,8.33,1.0,11.41,16.17,4.03,26.35,26.35,92.0,1002.0,1.29,347.0,Clouds,overcast clouds
talcher,2026-08-10 18:40:40.258808,2,274.07,0.06,4.81,8.64,0.71,10.17,14.06,3.87,25.96,25.96,92.0,1002.0,1.5,335.0,Rain,light rain
talcher,2026-08-10 19:46:42.191554,1,264.83,0.05,4.21,8.5,0.61,9.35,12.8,4.06,25.67,26.72,93.0,1001.0,1.2,316.0,Rain,light rain
talcher,2026-08-10 20:30:18.446424,1,260.23,0.06,3.82,8.03,0.56,8.88,12.1,4.31,25.67,26.69,92.0,1001.0,1.71,308.0,Clouds,overcast clouds
talcher,2026-08-10 21:30:45.533459,1,256.19,0.06,3.55,7.73,0.53,8.42,11.47,4.47,25.53,26.57,93.0,1001.0,1.99,313.0,Clouds,overcast clouds
talcher,2026-08-10 22:25:14.840562,1,256.19,0.06,3.55,7.73,0.53,8.42,11.47,4.47,25.54,26.58,93.0,1001.0,1.99,313.0,Clouds,overcast clouds
talcher,2026-08-10 23:24:29.354567,1,250.64,0.06,3.32,7.65,0.51,7.99,10.88,4.52,25.42,26.45,93.0,1001.0,1.8,322.0,Clouds,broken clouds
talcher,2026-08-11 00:51:25.821671,1,252.63,0.24,3.39,6.91,0.63,8.18,11.39,4.41,26.23,26.23,89.0,1002.0,1.61,293.0,Clouds,scattered clouds
talcher,2026-08-11 02:58:41.060568,2,286.47,1.77,3.68,9.16,0.99,10.2,14.88,3.74,28.88,33.6,76.0,1003.0,4.49,283.0,Clouds,broken clouds
talcher,2026-08-11 04:16:59.284409,1,155.19,0.15,1.6,43.24,0.73,7.95,9.5,0.96,29.88,35.47,73.0,1003.0,4.63,288.0,Clouds,broken clouds
talcher,2026-08-11 05:45:38.154452,1,123.31,0.06,0.85,52.41,0.63,5.13,5.88,0.57,31.81,38.49,66.0,1002.0,4.86,280.0,Rain,light rain
talcher,2026-08-11 06:44:35.681026,1,119.44,0.05,0.73,53.04,0.54,3.88,4.42,0.55,32.12,38.98,65.0,1000.0,4.8,285.0,Rain,light rain
talcher,2026-08-11 08:01:48.842399,1,119.39,0.05,0.78,52.58,0.5,3.24,3.71,0.61,31.95,38.87,66.0,1000.0,4.97,283.0,Rain,moderate rain
talcher,2026-08-11 09:48:41.953265,1,133.0,0.05,1.36,49.52,0.61,3.43,3.97,0.9,31.79,38.44,66.0,999.0,5.52,280.0,Clouds,overcast clouds
talcher,2026-08-11 10:40:42.533580,1,152.58,0.07,2.21,44.97,0.84,4.94,5.77,1.35,31.0,37.3,69.0,999.0,4.77,273.0,Clouds,overcast clouds
talcher,2026-08-11 11:35:53.678637,1,177.85,0.06,3.42,41.38,1.18,7.55,8.77,1.63,29.7,35.49,75.0,999.0,3.06,269.0,Rain,light rain
talcher,2026-08-11 12:38:26.164706,2,211.57,0.01,4.96,36.92,1.64,11.67,13.52,1.88,28.7,33.53,78.0,1000.0,2.72,255.0,Clouds,overcast clouds
talcher,2026-08-11 14:11:03.316294,2,303.81,0.0,8.48,25.4,1.8,17.48,23.05,5.32,28.31,32.55,78.0,1001.0,2.02,246.0,Clouds,overcast clouds
talcher,2026-08-11 15:48:24.443955,2,343.12,0.02,7.73,14.87,1.67,19.62,27.01,4.25,28.03,31.72,77.0,1003.0,1.67,268.0,Clouds,overcast clouds
talcher,2026-08-11 16:44:37.714275,2,340.38,0.02,7.0,14.03,1.51,19.37,26.52,3.77,27.68,31.05,78.0,1003.0,2.09,263.0,Clouds,overcast clouds
talcher,2026-08-11 17:47:07.516069,2,304.79,0.01,5.84,16.77,1.24,16.6,22.18,3.24,27.38,30.49,79.0,1002.0,1.65,259.0,Clouds,overcast clouds
talcher,2026-08-11 18:44:22.655691,2,270.1,0.01,4.79,17.11,0.89,13.36,17.42,3.01,27.01,30.25,85.0,1002.0,0.67,175.0,Rain,moderate rain
talcher,2026-08-11 19:53:19.439863,2,267.14,0.02,4.47,13.16,0.68,12.15,15.75,3.26,27.36,30.91,83.0,1001.0,0.85,223.0,Rain,light rain
talcher,2026-08-11 20:32:52.933807,2,267.26,0.03,4.22,10.44,0.59,11.52,14.89,3.49,27.37,30.81,82.0,1001.0,1.12,250.0,Rain,light rain
talcher,2026-08-11 21:34:25.202654,2,266.43,0.05,4.04,8.71,0.55,11.09,14.33,3.74,27.23,30.48,82.0,1001.0,1.8,260.0,Rain,light rain
talcher,2026-08-11 22:30:37.582553,2,265.69,0.06,3.94,7.92,0.55,10.82,14.0,4.12,27.0,29.93,82.0,1001.0,1.8,264.0,Rain,light rain
talcher,2026-08-11 23:28:43.272583,2,265.69,0.06,3.94,7.92,0.55,10.82,14.0,4.12,27.0,30.03,83.0,1001.0,1.8,264.0,Rain,light rain
talcher,2026-08-12 00:57:42.470201,2,283.64,0.23,4.5,6.44,0.76,11.72,15.53,5.54,26.97,30.05,84.0,1003.0,1.74,303.0,Clouds,overcast clouds
talcher,2026-08-12 03:20:17.627487,2,338.24,2.02,4.86,6.76,1.14,13.88,19.57,4.72,29.59,34.28,71.0,1004.0,2.2,306.0,Clouds,broken clouds
talcher,2026-08-12 05:23:15.768717,1,236.92,0.11,3.54,24.34,0.71,9.29,11.98,2.56,32.17,37.79,61.0,1003.0,3.54,275.0,Clouds,broken clouds
talcher,2026-08-12 07:05:10.930473,1,178.85,0.02,2.05,43.24,0.6,6.74,8.16,1.47,31.53,36.86,63.0,1002.0,4.02,265.0,Rain,light rain
talcher,2026-08-12 08:59:28.931765,1,153.79,0.01,1.78,47.2,0.63,5.25,6.07,1.02,31.37,37.06,65.0,1001.0,3.93,259.0,Rain,light rain
talcher,2026-08-12 10:02:39.457410,1,163.85,0.02,2.38,42.72,0.79,5.84,6.82,1.47,31.31,37.81,68.0,1001.0,3.84,258.0,Rain,light rain
talcher,2026-08-12 11:38:06.713522,1,209.33,0.05,5.18,31.47,1.26,8.59,10.52,3.09,29.83,36.09,76.0,1001.0,2.46,267.0,Rain,moderate rain
talcher,2026-08-12 12:41:14.580958,2,248.93,0.02,7.84,27.76,1.8,11.1,14.09,5.35,28.56,33.73,81.0,1002.0,1.96,238.0,Clouds,overcast clouds
talcher,2026-08-12 14:12:05.289509,2,317.92,0.0,7.93,26.12,1.95,24.1,29.92,5.04,28.58,33.41,79.0,1003.0,1.57,238.0,Clouds,overcast clouds
talcher,2026-08-12 15:48:06.692484,3,365.27,0.01,8.64,17.15,2.25,25.94,33.95,6.91,28.33,32.77,79.0,1004.0,1.46,213.0,Rain,light rain
talcher,2026-08-12 16:44:44.520441,3,372.09,0.02,8.0,14.21,1.91,25.73,33.81,5.27,28.27,32.78,80.0,1004.0,1.29,238.0,Clouds,overcast clouds
talcher,2026-08-12 17:48:49.005444,2,352.16,0.02,6.93,13.1,1.43,22.98,29.94,3.66,28.09,32.33,80.0,1004.0,1.8,268.0,Rain,light rain
talcher,2026-08-12 18:45:13.770432,2,308.21,0.02,5.44,13.14,0.98,17.76,22.41,2.53,27.68,31.18,79.0,1003.0,1.93,274.0,Rain,heavy intensity rain
talcher,2026-08-12 19:55:08.370283,2,280.47,0.02,4.42,12.18,0.68,13.82,16.92,2.36,27.5,30.88,80.0,1003.0,2.25,278.0,Rain,very heavy rain
talcher,2026-08-12 20:31:28.590294,2,259.42,0.02,3.76,11.58,0.51,11.08,13.3,2.51,27.14,30.26,82.0,1002.0,2.71,271.0,Rain,very heavy rain
talcher,2026-08-12 21:33:41.666557,1,245.06,0.03,3.36,10.95,0.43,9.13,10.92,2.84,26.91,29.81,83.0,1002.0,2.52,271.0,Rain,very heavy rain
talcher,2026-08-12 22:28:37.465620,1,245.06,0.03,3.36,10.95,0.43,9.13,10.92,2.84,26.92,29.84,83.0,1002.0,2.52,271.0,Rain,heavy intensity rain
talcher,2026-08-12 23:29:24.577076,1,239.44,0.04,3.23,9.79,0.41,7.99,9.66,3.25,26.51,26.51,86.0,1003.0,1.84,300.0,Rain,very heavy rain
talcher,2026-08-13 00:58:51.419431,1,254.42,0.12,3.86,7.41,0.6,7.52,9.73,4.45,26.64,26.64,87.0,1004.0,2.14,318.0,Rain,very heavy rain
talcher,2026-08-13 03:25:10.790458,1,321.56,1.05,7.25,6.56,1.6,9.23,13.64,8.17,27.23,31.04,87.0,1004.0,3.68,315.0,Rain,very heavy rain
talcher,2026-08-13 05:27:05.667361,1,325.64,1.16,6.42,12.55,1.42,9.25,13.67,6.14,28.41,33.15,80.0,1004.0,4.73,299.0,Rain,moderate rain
talcher,2026-08-13 07:09:06.680822,1,190.67,0.27,1.76,37.35,0.38,6.27,7.18,1.42,27.88,32.25,83.0,1002.0,4.61,291.0,Rain,light rain
talcher,2026-08-13 09:00:42.497162,1,193.83,0.15,2.69,35.77,0.52,8.63,9.79,2.47,28.72,33.78,79.0,1001.0,4.48,286.0,Clouds,overcast clouds
talcher,2026-08-13 10:09:05.439732,1,204.1,0.14,3.37,34.84,0.64,9.33,10.8,3.32,28.31,33.24,82.0,1001.0,3.82,288.0,Rain,light rain
talcher,2026-08-13 11:38:05.882765,2,239.02,0.11,5.92,29.08,0.94,10.39,12.88,4.73,27.53,31.6,85.0,1001.0,3.33,305.0,Rain,light rain
talcher,2026-08-13 12:42:00.211106,2,271.84,0.02,7.84,24.56,1.2,11.7,15.17,5.49,26.95,30.39,88.0,1001.0,2.93,305.0,Clouds,overcast clouds
talcher,2026-08-13 14:13:50.109565,2,313.38,0.01,9.14,19.19,1.58,13.53,18.55,6.58,27.01,30.66,89.0,1002.0,2.25,291.0,Clouds,overcast clouds
talcher,2026-08-13 15:47:16.487995,2,289.42,0.03,6.62,13.48,1.25,10.46,15.37,3.87,26.73,29.89,89.0,1003.0,1.31,315.0,Clouds,overcast clouds
talcher,2026-08-13 16:43:42.425934,2,294.96,0.03,6.24,12.7,1.18,10.49,15.55,3.67,26.68,29.76,89.0,1003.0,1.57,290.0,Rain,light rain
talcher,2026-08-13 17:48:09.151805,2,287.19,0.03,5.77,12.72,0.99,10.15,14.76,3.41,26.49,26.49,88.0,1003.0,1.55,289.0,Clouds,overcast clouds
talcher,2026-08-13 18:45:22.067483,1,268.95,0.02,4.98,13.06,0.75,9.62,13.4,3.1,26.22,26.22,89.0,1002.0,3.03,288.0,Clouds,overcast clouds
talcher,2026-08-13 19:50:22.139931,1,253.08,0.01,4.24,13.15,0.61,9.5,12.71,2.85,25.89,26.91,91.0,1001.0,2.55,282.0,Rain,light rain
talcher,2026-08-13 20:28:57.864041,1,253.08,0.01,4.24,13.15,0.61,9.5,12.71,2.85,25.94,26.97,91.0,1001.0,2.55,282.0,Rain,light rain
talcher,2026-08-13 21:33:43.607803,1,228.55,0.01,3.39,12.8,0.48,9.49,11.89,2.54,25.64,26.64,91.0,1001.0,3.05,271.0,Clouds,overcast clouds
talcher,2026-08-13 22:29:32.155632,1,228.55,0.01,3.39,12.8,0.48,9.49,11.89,2.54,25.61,26.6,91.0,1001.0,3.05,271.0,Rain,light rain
talcher,2026-08-13 23:30:06.897899,1,224.15,0.03,3.37,11.27,0.49,9.2,11.42,3.06,25.58,26.54,90.0,1001.0,3.24,260.0,Clouds,overcast clouds
talcher,2026-08-14 00:58:13.860849,1,230.72,0.07,3.73,10.76,0.62,8.84,11.2,3.23,26.14,26.14,90.0,1002.0,3.15,268.0,Clouds,overcast clouds
talcher,2026-08-14 03:22:17.518427,1,238.73,0.56,4.35,16.69,0.89,6.95,9.59,2.9,27.47,31.19,83.0,1002.0,4.72,279.0,Clouds,overcast clouds
talcher,2026-08-14 05:23:18.989140,1,147.79,0.12,2.0,40.51,0.43,2.12,2.56,0.79,30.35,36.44,72.0,1002.0,6.47,280.0,Clouds,overcast clouds
talcher,2026-08-14 07:05:38.240936,1,149.81,0.15,1.91,41.79,0.42,2.98,3.39,0.96,30.23,36.39,73.0,1000.0,6.72,284.0,Rain,moderate rain
talcher,2026-08-14 08:56:36.804740,1,170.85,0.25,2.46,37.6,0.53,5.38,6.2,1.76,30.41,36.6,72.0,999.0,6.87,284.0,Rain,moderate rain
talcher,2026-08-14 09:52:31.200077,1,177.09,0.3,2.54,38.28,0.53,6.89,7.83,1.94,29.91,36.05,75.0,999.0,6.15,280.0,Rain,light rain
talcher,2026-08-14 10:47:13.252909,1,179.49,0.18,2.99,36.82,0.5,7.62,8.59,1.9,29.24,34.96,78.0,999.0,5.45,277.0,Rain,light rain
talcher,2026-08-14 11:35:50.324858,1,179.35,0.07,3.44,35.16,0.49,7.73,8.7,1.8,28.34,33.32,82.0,1000.0,4.82,274.0,Clouds,overcast clouds
talcher,2026-08-14 12:37:43.473061,1,183.05,0.01,3.78,33.22,0.54,7.8,8.98,1.91,27.12,30.53,85.0,1000.0,4.05,271.0,Clouds,overcast clouds
talcher,2026-08-14 14:07:39.055371,2,301.86,0.0,12.66,29.16,2.37,10.89,15.0,11.8,26.89,30.04,86.0,1001.0,3.93,265.0,Clouds,overcast clouds
talcher,2026-08-14 15:40:56.161747,2,309.69,0.01,8.98,18.13,1.73,11.73,16.67,6.87,26.57,26.57,86.0,1002.0,3.13,270.0,Rain,light rain
talcher,2026-08-14 16:39:16.486287,2,302.8,0.02,7.19,14.3,1.29,11.39,16.27,4.4,26.38,26.38,87.0,1002.0,2.8,281.0,Rain,light rain
talcher,2026-08-14 17:43:29.553713,2,280.48,0.02,5.84,13.13,0.92,10.17,14.25,3.29,26.06,26.06,89.0,1002.0,1.97,276.0,Rain,light rain
talcher,2026-08-14 18:39:13.980321,1,248.24,0.02,4.5,13.02,0.57,8.35,11.05,2.44,26.48,26.48,86.0,1002.0,2.2,283.0,Clouds,overcast clouds
talcher,2026-08-14 19:41:08.543994,1,224.09,0.01,3.54,12.86,0.39,6.94,8.71,2.06,26.18,26.18,87.0,1001.0,1.94,279.0,Rain,light rain
talcher,2026-08-14 20:20:25.847737,1,224.09,0.01,3.54,12.86,0.39,6.94,8.71,2.06,26.18,26.18,87.0,1001.0,1.94,279.0,Rain,light rain
talcher,2026-08-14 21:14:39.511574,1,206.11,0.01,3.02,12.89,0.3,5.9,7.15,1.85,25.96,25.96,88.0,1001.0,2.01,275.0,Rain,light rain
talcher,2026-08-14 22:11:16.471422,1,193.32,0.01,2.77,12.86,0.26,5.1,6.04,1.71,25.78,26.74,89.0,1001.0,1.81,277.0,Rain,light rain
talcher,2026-08-14 23:11:23.365655,1,185.21,0.01,2.68,12.16,0.25,4.46,5.25,1.69,25.59,26.55,90.0,1001.0,1.67,284.0,Rain,light rain
talcher,2026-08-15 00:34:22.121330,1,180.19,0.05,2.82,10.21,0.29,3.55,4.4,1.7,25.15,26.15,93.0,1002.0,1.71,315.0,Rain,light rain
